message,severity,attributes,tags,timestamp
Starting Container,info,"{""level"":""info""}","{""project"":""0eed05d2-fde3-4cb9-bb42-53e21c4fbf35"",""environment"":""d0ddf1c2-b8e5-4716-a09d-aadeb1bbb3bd"",""service"":""e271ab98-84a6-487b-9560-2409f4cbfa58"",""deployment"":""ec83bef4-5c10-4db1-8206-eb2a4c5d343a"",""replica"":""eb52092d-25ab-4789-9909-4d692a6f304b""}",2026-05-28T14:36:22.676119252Z
WARNING: All log messages before absl::InitializeLog() is called are written to STDERR,error,"{""level"":""error""}","{""project"":""0eed05d2-fde3-4cb9-bb42-53e21c4fbf35"",""environment"":""d0ddf1c2-b8e5-4716-a09d-aadeb1bbb3bd"",""service"":""e271ab98-84a6-487b-9560-2409f4cbfa58"",""deployment"":""ec83bef4-5c10-4db1-8206-eb2a4c5d343a"",""replica"":""eb52092d-25ab-4789-9909-4d692a6f304b""}",2026-05-28T14:36:23.379123723Z
E0000 00:00:1779978983.172607       1 cuda_dnn.cc:8579] Unable to register cuDNN factory: Attempting to register factory for plugin cuDNN when one has already been registered,error,"{""level"":""error""}","{""project"":""0eed05d2-fde3-4cb9-bb42-53e21c4fbf35"",""environment"":""d0ddf1c2-b8e5-4716-a09d-aadeb1bbb3bd"",""service"":""e271ab98-84a6-487b-9560-2409f4cbfa58"",""deployment"":""ec83bef4-5c10-4db1-8206-eb2a4c5d343a"",""replica"":""eb52092d-25ab-4789-9909-4d692a6f304b""}",2026-05-28T14:36:23.379137482Z
E0000 00:00:1779978983.177628       1 cuda_blas.cc:1407] Unable to register cuBLAS factory: Attempting to register factory for plugin cuBLAS when one has already been registered,error,"{""level"":""error""}","{""project"":""0eed05d2-fde3-4cb9-bb42-53e21c4fbf35"",""environment"":""d0ddf1c2-b8e5-4716-a09d-aadeb1bbb3bd"",""service"":""e271ab98-84a6-487b-9560-2409f4cbfa58"",""deployment"":""ec83bef4-5c10-4db1-8206-eb2a4c5d343a"",""replica"":""eb52092d-25ab-4789-9909-4d692a6f304b""}",2026-05-28T14:36:23.379145004Z
W0000 00:00:1779978983.192447       1 computation_placer.cc:177] computation placer already registered. Please check linkage and avoid linking the same target more than once.,error,"{""level"":""error""}","{""project"":""0eed05d2-fde3-4cb9-bb42-53e21c4fbf35"",""environment"":""d0ddf1c2-b8e5-4716-a09d-aadeb1bbb3bd"",""service"":""e271ab98-84a6-487b-9560-2409f4cbfa58"",""deployment"":""ec83bef4-5c10-4db1-8206-eb2a4c5d343a"",""replica"":""eb52092d-25ab-4789-9909-4d692a6f304b""}",2026-05-28T14:36:23.379151762Z
W0000 00:00:1779978983.192467       1 computation_placer.cc:177] computation placer already registered. Please check linkage and avoid linking the same target more than once.,error,"{""level"":""error""}","{""project"":""0eed05d2-fde3-4cb9-bb42-53e21c4fbf35"",""environment"":""d0ddf1c2-b8e5-4716-a09d-aadeb1bbb3bd"",""service"":""e271ab98-84a6-487b-9560-2409f4cbfa58"",""deployment"":""ec83bef4-5c10-4db1-8206-eb2a4c5d343a"",""replica"":""eb52092d-25ab-4789-9909-4d692a6f304b""}",2026-05-28T14:36:23.379158267Z
W0000 00:00:1779978983.192465       1 computation_placer.cc:177] computation placer already registered. Please check linkage and avoid linking the same target more than once.,error,"{""level"":""error""}","{""project"":""0eed05d2-fde3-4cb9-bb42-53e21c4fbf35"",""environment"":""d0ddf1c2-b8e5-4716-a09d-aadeb1bbb3bd"",""service"":""e271ab98-84a6-487b-9560-2409f4cbfa58"",""deployment"":""ec83bef4-5c10-4db1-8206-eb2a4c5d343a"",""replica"":""eb52092d-25ab-4789-9909-4d692a6f304b""}",2026-05-28T14:36:23.379160557Z
"2026-05-28 14:36:23.141063: I tensorflow/core/util/port.cc:153] oneDNN custom operations are on. You may see slightly different numerical results due to floating-point round-off errors from different computation orders. To turn them off, set the environment variable `TF_ENABLE_ONEDNN_OPTS=0`.",error,"{""level"":""error""}","{""project"":""0eed05d2-fde3-4cb9-bb42-53e21c4fbf35"",""environment"":""d0ddf1c2-b8e5-4716-a09d-aadeb1bbb3bd"",""service"":""e271ab98-84a6-487b-9560-2409f4cbfa58"",""deployment"":""ec83bef4-5c10-4db1-8206-eb2a4c5d343a"",""replica"":""eb52092d-25ab-4789-9909-4d692a6f304b""}",2026-05-28T14:36:23.379200608Z
"2026-05-28 14:36:23.142533: I external/local_xla/xla/tsl/cuda/cudart_stub.cc:32] Could not find cuda drivers on your machine, GPU will not be used.",error,"{""level"":""error""}","{""project"":""0eed05d2-fde3-4cb9-bb42-53e21c4fbf35"",""environment"":""d0ddf1c2-b8e5-4716-a09d-aadeb1bbb3bd"",""service"":""e271ab98-84a6-487b-9560-2409f4cbfa58"",""deployment"":""ec83bef4-5c10-4db1-8206-eb2a4c5d343a"",""replica"":""eb52092d-25ab-4789-9909-4d692a6f304b""}",2026-05-28T14:36:23.379207449Z
"2026-05-28 14:36:23.145918: I external/local_xla/xla/tsl/cuda/cudart_stub.cc:32] Could not find cuda drivers on your machine, GPU will not be used.",error,"{""level"":""error""}","{""project"":""0eed05d2-fde3-4cb9-bb42-53e21c4fbf35"",""environment"":""d0ddf1c2-b8e5-4716-a09d-aadeb1bbb3bd"",""service"":""e271ab98-84a6-487b-9560-2409f4cbfa58"",""deployment"":""ec83bef4-5c10-4db1-8206-eb2a4c5d343a"",""replica"":""eb52092d-25ab-4789-9909-4d692a6f304b""}",2026-05-28T14:36:23.379212994Z
2026-05-28 14:36:23.154675: E external/local_xla/xla/stream_executor/cuda/cuda_fft.cc:467] Unable to register cuFFT factory: Attempting to register factory for plugin cuFFT when one has already been registered,error,"{""level"":""error""}","{""project"":""0eed05d2-fde3-4cb9-bb42-53e21c4fbf35"",""environment"":""d0ddf1c2-b8e5-4716-a09d-aadeb1bbb3bd"",""service"":""e271ab98-84a6-487b-9560-2409f4cbfa58"",""deployment"":""ec83bef4-5c10-4db1-8206-eb2a4c5d343a"",""replica"":""eb52092d-25ab-4789-9909-4d692a6f304b""}",2026-05-28T14:36:23.379218605Z
W0000 00:00:1779978983.192468       1 computation_placer.cc:177] computation placer already registered. Please check linkage and avoid linking the same target more than once.,error,"{""level"":""error""}","{""project"":""0eed05d2-fde3-4cb9-bb42-53e21c4fbf35"",""environment"":""d0ddf1c2-b8e5-4716-a09d-aadeb1bbb3bd"",""service"":""e271ab98-84a6-487b-9560-2409f4cbfa58"",""deployment"":""ec83bef4-5c10-4db1-8206-eb2a4c5d343a"",""replica"":""eb52092d-25ab-4789-9909-4d692a6f304b""}",2026-05-28T14:36:23.379359345Z
2026-05-28 14:36:23.196609: I tensorflow/core/platform/cpu_feature_guard.cc:210] This TensorFlow binary is optimized to use available CPU instructions in performance-critical operations.,error,"{""level"":""error""}","{""project"":""0eed05d2-fde3-4cb9-bb42-53e21c4fbf35"",""environment"":""d0ddf1c2-b8e5-4716-a09d-aadeb1bbb3bd"",""service"":""e271ab98-84a6-487b-9560-2409f4cbfa58"",""deployment"":""ec83bef4-5c10-4db1-8206-eb2a4c5d343a"",""replica"":""eb52092d-25ab-4789-9909-4d692a6f304b""}",2026-05-28T14:36:23.379365478Z
"To enable the following instructions: AVX2 AVX512F AVX512_VNNI AVX512_BF16 AVX512_FP16 AVX_VNNI AMX_TILE AMX_INT8 AMX_BF16 FMA, in other operations, rebuild TensorFlow with the appropriate compiler flags.",error,"{""level"":""error""}","{""project"":""0eed05d2-fde3-4cb9-bb42-53e21c4fbf35"",""environment"":""d0ddf1c2-b8e5-4716-a09d-aadeb1bbb3bd"",""service"":""e271ab98-84a6-487b-9560-2409f4cbfa58"",""deployment"":""ec83bef4-5c10-4db1-8206-eb2a4c5d343a"",""replica"":""eb52092d-25ab-4789-9909-4d692a6f304b""}",2026-05-28T14:36:23.379371381Z
/app/api_server.py:6: FutureWarning: ,error,"{""level"":""error""}","{""project"":""0eed05d2-fde3-4cb9-bb42-53e21c4fbf35"",""environment"":""d0ddf1c2-b8e5-4716-a09d-aadeb1bbb3bd"",""service"":""e271ab98-84a6-487b-9560-2409f4cbfa58"",""deployment"":""ec83bef4-5c10-4db1-8206-eb2a4c5d343a"",""replica"":""eb52092d-25ab-4789-9909-4d692a6f304b""}",2026-05-28T14:36:26.796669840Z
,error,"{""level"":""error""}","{""project"":""0eed05d2-fde3-4cb9-bb42-53e21c4fbf35"",""environment"":""d0ddf1c2-b8e5-4716-a09d-aadeb1bbb3bd"",""service"":""e271ab98-84a6-487b-9560-2409f4cbfa58"",""deployment"":""ec83bef4-5c10-4db1-8206-eb2a4c5d343a"",""replica"":""eb52092d-25ab-4789-9909-4d692a6f304b""}",2026-05-28T14:36:26.796683371Z
All support for the `google.generativeai` package has ended. It will no longer be receiving ,error,"{""level"":""error""}","{""project"":""0eed05d2-fde3-4cb9-bb42-53e21c4fbf35"",""environment"":""d0ddf1c2-b8e5-4716-a09d-aadeb1bbb3bd"",""service"":""e271ab98-84a6-487b-9560-2409f4cbfa58"",""deployment"":""ec83bef4-5c10-4db1-8206-eb2a4c5d343a"",""replica"":""eb52092d-25ab-4789-9909-4d692a6f304b""}",2026-05-28T14:36:26.796691677Z
updates or bug fixes. Please switch to the `google.genai` package as soon as possible.,error,"{""level"":""error""}","{""project"":""0eed05d2-fde3-4cb9-bb42-53e21c4fbf35"",""environment"":""d0ddf1c2-b8e5-4716-a09d-aadeb1bbb3bd"",""service"":""e271ab98-84a6-487b-9560-2409f4cbfa58"",""deployment"":""ec83bef4-5c10-4db1-8206-eb2a4c5d343a"",""replica"":""eb52092d-25ab-4789-9909-4d692a6f304b""}",2026-05-28T14:36:26.796698286Z
See README for more details:,error,"{""level"":""error""}","{""project"":""0eed05d2-fde3-4cb9-bb42-53e21c4fbf35"",""environment"":""d0ddf1c2-b8e5-4716-a09d-aadeb1bbb3bd"",""service"":""e271ab98-84a6-487b-9560-2409f4cbfa58"",""deployment"":""ec83bef4-5c10-4db1-8206-eb2a4c5d343a"",""replica"":""eb52092d-25ab-4789-9909-4d692a6f304b""}",2026-05-28T14:36:26.796705461Z
,error,"{""level"":""error""}","{""project"":""0eed05d2-fde3-4cb9-bb42-53e21c4fbf35"",""environment"":""d0ddf1c2-b8e5-4716-a09d-aadeb1bbb3bd"",""service"":""e271ab98-84a6-487b-9560-2409f4cbfa58"",""deployment"":""ec83bef4-5c10-4db1-8206-eb2a4c5d343a"",""replica"":""eb52092d-25ab-4789-9909-4d692a6f304b""}",2026-05-28T14:36:26.796713121Z
https://github.com/google-gemini/deprecated-generative-ai-python/blob/main/README.md,error,"{""level"":""error""}","{""project"":""0eed05d2-fde3-4cb9-bb42-53e21c4fbf35"",""environment"":""d0ddf1c2-b8e5-4716-a09d-aadeb1bbb3bd"",""service"":""e271ab98-84a6-487b-9560-2409f4cbfa58"",""deployment"":""ec83bef4-5c10-4db1-8206-eb2a4c5d343a"",""replica"":""eb52092d-25ab-4789-9909-4d692a6f304b""}",2026-05-28T14:36:26.796719911Z
,error,"{""level"":""error""}","{""project"":""0eed05d2-fde3-4cb9-bb42-53e21c4fbf35"",""environment"":""d0ddf1c2-b8e5-4716-a09d-aadeb1bbb3bd"",""service"":""e271ab98-84a6-487b-9560-2409f4cbfa58"",""deployment"":""ec83bef4-5c10-4db1-8206-eb2a4c5d343a"",""replica"":""eb52092d-25ab-4789-9909-4d692a6f304b""}",2026-05-28T14:36:26.796726500Z
  import google.generativeai as genai,error,"{""level"":""error""}","{""project"":""0eed05d2-fde3-4cb9-bb42-53e21c4fbf35"",""environment"":""d0ddf1c2-b8e5-4716-a09d-aadeb1bbb3bd"",""service"":""e271ab98-84a6-487b-9560-2409f4cbfa58"",""deployment"":""ec83bef4-5c10-4db1-8206-eb2a4c5d343a"",""replica"":""eb52092d-25ab-4789-9909-4d692a6f304b""}",2026-05-28T14:36:26.796732352Z
Traceback (most recent call last):,error,"{""level"":""error""}","{""project"":""0eed05d2-fde3-4cb9-bb42-53e21c4fbf35"",""environment"":""d0ddf1c2-b8e5-4716-a09d-aadeb1bbb3bd"",""service"":""e271ab98-84a6-487b-9560-2409f4cbfa58"",""deployment"":""ec83bef4-5c10-4db1-8206-eb2a4c5d343a"",""replica"":""eb52092d-25ab-4789-9909-4d692a6f304b""}",2026-05-28T14:36:28.409672927Z
"  File ""/app/api_server.py"", line 19, in <module>",error,"{""level"":""error""}","{""project"":""0eed05d2-fde3-4cb9-bb42-53e21c4fbf35"",""environment"":""d0ddf1c2-b8e5-4716-a09d-aadeb1bbb3bd"",""service"":""e271ab98-84a6-487b-9560-2409f4cbfa58"",""deployment"":""ec83bef4-5c10-4db1-8206-eb2a4c5d343a"",""replica"":""eb52092d-25ab-4789-9909-4d692a6f304b""}",2026-05-28T14:36:28.409680116Z
"    from google_ai_client import get_inference_components, vertex_predict",error,"{""level"":""error""}","{""project"":""0eed05d2-fde3-4cb9-bb42-53e21c4fbf35"",""environment"":""d0ddf1c2-b8e5-4716-a09d-aadeb1bbb3bd"",""service"":""e271ab98-84a6-487b-9560-2409f4cbfa58"",""deployment"":""ec83bef4-5c10-4db1-8206-eb2a4c5d343a"",""replica"":""eb52092d-25ab-4789-9909-4d692a6f304b""}",2026-05-28T14:36:28.409688080Z
ImportError: cannot import name 'get_inference_components' from 'google_ai_client' (/app/google_ai_client.py),error,"{""level"":""error""}","{""project"":""0eed05d2-fde3-4cb9-bb42-53e21c4fbf35"",""environment"":""d0ddf1c2-b8e5-4716-a09d-aadeb1bbb3bd"",""service"":""e271ab98-84a6-487b-9560-2409f4cbfa58"",""deployment"":""ec83bef4-5c10-4db1-8206-eb2a4c5d343a"",""replica"":""eb52092d-25ab-4789-9909-4d692a6f304b""}",2026-05-28T14:36:28.409692843Z
"2026-05-28 14:36:30.787097: I tensorflow/core/util/port.cc:153] oneDNN custom operations are on. You may see slightly different numerical results due to floating-point round-off errors from different computation orders. To turn them off, set the environment variable `TF_ENABLE_ONEDNN_OPTS=0`.",error,"{""level"":""error""}","{""project"":""0eed05d2-fde3-4cb9-bb42-53e21c4fbf35"",""environment"":""d0ddf1c2-b8e5-4716-a09d-aadeb1bbb3bd"",""service"":""e271ab98-84a6-487b-9560-2409f4cbfa58"",""deployment"":""ec83bef4-5c10-4db1-8206-eb2a4c5d343a"",""replica"":""eb52092d-25ab-4789-9909-4d692a6f304b""}",2026-05-28T14:36:30.788771732Z
"2026-05-28 14:36:30.788391: I external/local_xla/xla/tsl/cuda/cudart_stub.cc:32] Could not find cuda drivers on your machine, GPU will not be used.",error,"{""level"":""error""}","{""project"":""0eed05d2-fde3-4cb9-bb42-53e21c4fbf35"",""environment"":""d0ddf1c2-b8e5-4716-a09d-aadeb1bbb3bd"",""service"":""e271ab98-84a6-487b-9560-2409f4cbfa58"",""deployment"":""ec83bef4-5c10-4db1-8206-eb2a4c5d343a"",""replica"":""eb52092d-25ab-4789-9909-4d692a6f304b""}",2026-05-28T14:36:30.789826416Z
"2026-05-28 14:36:30.792251: I external/local_xla/xla/tsl/cuda/cudart_stub.cc:32] Could not find cuda drivers on your machine, GPU will not be used.",error,"{""level"":""error""}","{""project"":""0eed05d2-fde3-4cb9-bb42-53e21c4fbf35"",""environment"":""d0ddf1c2-b8e5-4716-a09d-aadeb1bbb3bd"",""service"":""e271ab98-84a6-487b-9560-2409f4cbfa58"",""deployment"":""ec83bef4-5c10-4db1-8206-eb2a4c5d343a"",""replica"":""eb52092d-25ab-4789-9909-4d692a6f304b""}",2026-05-28T14:36:30.793114665Z
2026-05-28 14:36:30.801379: E external/local_xla/xla/stream_executor/cuda/cuda_fft.cc:467] Unable to register cuFFT factory: Attempting to register factory for plugin cuFFT when one has already been registered,error,"{""level"":""error""}","{""project"":""0eed05d2-fde3-4cb9-bb42-53e21c4fbf35"",""environment"":""d0ddf1c2-b8e5-4716-a09d-aadeb1bbb3bd"",""service"":""e271ab98-84a6-487b-9560-2409f4cbfa58"",""deployment"":""ec83bef4-5c10-4db1-8206-eb2a4c5d343a"",""replica"":""eb52092d-25ab-4789-9909-4d692a6f304b""}",2026-05-28T14:36:30.804762277Z
WARNING: All log messages before absl::InitializeLog() is called are written to STDERR,error,"{""level"":""error""}","{""project"":""0eed05d2-fde3-4cb9-bb42-53e21c4fbf35"",""environment"":""d0ddf1c2-b8e5-4716-a09d-aadeb1bbb3bd"",""service"":""e271ab98-84a6-487b-9560-2409f4cbfa58"",""deployment"":""ec83bef4-5c10-4db1-8206-eb2a4c5d343a"",""replica"":""eb52092d-25ab-4789-9909-4d692a6f304b""}",2026-05-28T14:36:30.821475496Z
E0000 00:00:1779978990.817181       1 cuda_dnn.cc:8579] Unable to register cuDNN factory: Attempting to register factory for plugin cuDNN when one has already been registered,error,"{""level"":""error""}","{""project"":""0eed05d2-fde3-4cb9-bb42-53e21c4fbf35"",""environment"":""d0ddf1c2-b8e5-4716-a09d-aadeb1bbb3bd"",""service"":""e271ab98-84a6-487b-9560-2409f4cbfa58"",""deployment"":""ec83bef4-5c10-4db1-8206-eb2a4c5d343a"",""replica"":""eb52092d-25ab-4789-9909-4d692a6f304b""}",2026-05-28T14:36:30.821483471Z
E0000 00:00:1779978990.821717       1 cuda_blas.cc:1407] Unable to register cuBLAS factory: Attempting to register factory for plugin cuBLAS when one has already been registered,error,"{""level"":""error""}","{""project"":""0eed05d2-fde3-4cb9-bb42-53e21c4fbf35"",""environment"":""d0ddf1c2-b8e5-4716-a09d-aadeb1bbb3bd"",""service"":""e271ab98-84a6-487b-9560-2409f4cbfa58"",""deployment"":""ec83bef4-5c10-4db1-8206-eb2a4c5d343a"",""replica"":""eb52092d-25ab-4789-9909-4d692a6f304b""}",2026-05-28T14:36:30.822503990Z
W0000 00:00:1779978990.834309       1 computation_placer.cc:177] computation placer already registered. Please check linkage and avoid linking the same target more than once.,error,"{""level"":""error""}","{""project"":""0eed05d2-fde3-4cb9-bb42-53e21c4fbf35"",""environment"":""d0ddf1c2-b8e5-4716-a09d-aadeb1bbb3bd"",""service"":""e271ab98-84a6-487b-9560-2409f4cbfa58"",""deployment"":""ec83bef4-5c10-4db1-8206-eb2a4c5d343a"",""replica"":""eb52092d-25ab-4789-9909-4d692a6f304b""}",2026-05-28T14:36:30.844594783Z
W0000 00:00:1779978990.834327       1 computation_placer.cc:177] computation placer already registered. Please check linkage and avoid linking the same target more than once.,error,"{""level"":""error""}","{""project"":""0eed05d2-fde3-4cb9-bb42-53e21c4fbf35"",""environment"":""d0ddf1c2-b8e5-4716-a09d-aadeb1bbb3bd"",""service"":""e271ab98-84a6-487b-9560-2409f4cbfa58"",""deployment"":""ec83bef4-5c10-4db1-8206-eb2a4c5d343a"",""replica"":""eb52092d-25ab-4789-9909-4d692a6f304b""}",2026-05-28T14:36:30.844599377Z
W0000 00:00:1779978990.834328       1 computation_placer.cc:177] computation placer already registered. Please check linkage and avoid linking the same target more than once.,error,"{""level"":""error""}","{""project"":""0eed05d2-fde3-4cb9-bb42-53e21c4fbf35"",""environment"":""d0ddf1c2-b8e5-4716-a09d-aadeb1bbb3bd"",""service"":""e271ab98-84a6-487b-9560-2409f4cbfa58"",""deployment"":""ec83bef4-5c10-4db1-8206-eb2a4c5d343a"",""replica"":""eb52092d-25ab-4789-9909-4d692a6f304b""}",2026-05-28T14:36:30.844603679Z
W0000 00:00:1779978990.834330       1 computation_placer.cc:177] computation placer already registered. Please check linkage and avoid linking the same target more than once.,error,"{""level"":""error""}","{""project"":""0eed05d2-fde3-4cb9-bb42-53e21c4fbf35"",""environment"":""d0ddf1c2-b8e5-4716-a09d-aadeb1bbb3bd"",""service"":""e271ab98-84a6-487b-9560-2409f4cbfa58"",""deployment"":""ec83bef4-5c10-4db1-8206-eb2a4c5d343a"",""replica"":""eb52092d-25ab-4789-9909-4d692a6f304b""}",2026-05-28T14:36:30.844607820Z
2026-05-28 14:36:30.837825: I tensorflow/core/platform/cpu_feature_guard.cc:210] This TensorFlow binary is optimized to use available CPU instructions in performance-critical operations.,error,"{""level"":""error""}","{""project"":""0eed05d2-fde3-4cb9-bb42-53e21c4fbf35"",""environment"":""d0ddf1c2-b8e5-4716-a09d-aadeb1bbb3bd"",""service"":""e271ab98-84a6-487b-9560-2409f4cbfa58"",""deployment"":""ec83bef4-5c10-4db1-8206-eb2a4c5d343a"",""replica"":""eb52092d-25ab-4789-9909-4d692a6f304b""}",2026-05-28T14:36:30.844611677Z
"To enable the following instructions: AVX2 AVX512F AVX512_VNNI AVX512_BF16 AVX512_FP16 AVX_VNNI AMX_TILE AMX_INT8 AMX_BF16 FMA, in other operations, rebuild TensorFlow with the appropriate compiler flags.",error,"{""level"":""error""}","{""project"":""0eed05d2-fde3-4cb9-bb42-53e21c4fbf35"",""environment"":""d0ddf1c2-b8e5-4716-a09d-aadeb1bbb3bd"",""service"":""e271ab98-84a6-487b-9560-2409f4cbfa58"",""deployment"":""ec83bef4-5c10-4db1-8206-eb2a4c5d343a"",""replica"":""eb52092d-25ab-4789-9909-4d692a6f304b""}",2026-05-28T14:36:30.844616837Z
,error,"{""level"":""error""}","{""project"":""0eed05d2-fde3-4cb9-bb42-53e21c4fbf35"",""environment"":""d0ddf1c2-b8e5-4716-a09d-aadeb1bbb3bd"",""service"":""e271ab98-84a6-487b-9560-2409f4cbfa58"",""deployment"":""ec83bef4-5c10-4db1-8206-eb2a4c5d343a"",""replica"":""eb52092d-25ab-4789-9909-4d692a6f304b""}",2026-05-28T14:36:33.995201588Z
/app/api_server.py:6: FutureWarning: ,error,"{""level"":""error""}","{""project"":""0eed05d2-fde3-4cb9-bb42-53e21c4fbf35"",""environment"":""d0ddf1c2-b8e5-4716-a09d-aadeb1bbb3bd"",""service"":""e271ab98-84a6-487b-9560-2409f4cbfa58"",""deployment"":""ec83bef4-5c10-4db1-8206-eb2a4c5d343a"",""replica"":""eb52092d-25ab-4789-9909-4d692a6f304b""}",2026-05-28T14:36:33.995214129Z
  import google.generativeai as genai,error,"{""level"":""error""}","{""project"":""0eed05d2-fde3-4cb9-bb42-53e21c4fbf35"",""environment"":""d0ddf1c2-b8e5-4716-a09d-aadeb1bbb3bd"",""service"":""e271ab98-84a6-487b-9560-2409f4cbfa58"",""deployment"":""ec83bef4-5c10-4db1-8206-eb2a4c5d343a"",""replica"":""eb52092d-25ab-4789-9909-4d692a6f304b""}",2026-05-28T14:36:33.995214520Z
,error,"{""level"":""error""}","{""project"":""0eed05d2-fde3-4cb9-bb42-53e21c4fbf35"",""environment"":""d0ddf1c2-b8e5-4716-a09d-aadeb1bbb3bd"",""service"":""e271ab98-84a6-487b-9560-2409f4cbfa58"",""deployment"":""ec83bef4-5c10-4db1-8206-eb2a4c5d343a"",""replica"":""eb52092d-25ab-4789-9909-4d692a6f304b""}",2026-05-28T14:36:33.995222466Z
All support for the `google.generativeai` package has ended. It will no longer be receiving ,error,"{""level"":""error""}","{""project"":""0eed05d2-fde3-4cb9-bb42-53e21c4fbf35"",""environment"":""d0ddf1c2-b8e5-4716-a09d-aadeb1bbb3bd"",""service"":""e271ab98-84a6-487b-9560-2409f4cbfa58"",""deployment"":""ec83bef4-5c10-4db1-8206-eb2a4c5d343a"",""replica"":""eb52092d-25ab-4789-9909-4d692a6f304b""}",2026-05-28T14:36:33.995229526Z
updates or bug fixes. Please switch to the `google.genai` package as soon as possible.,error,"{""level"":""error""}","{""project"":""0eed05d2-fde3-4cb9-bb42-53e21c4fbf35"",""environment"":""d0ddf1c2-b8e5-4716-a09d-aadeb1bbb3bd"",""service"":""e271ab98-84a6-487b-9560-2409f4cbfa58"",""deployment"":""ec83bef4-5c10-4db1-8206-eb2a4c5d343a"",""replica"":""eb52092d-25ab-4789-9909-4d692a6f304b""}",2026-05-28T14:36:33.995236327Z
See README for more details:,error,"{""level"":""error""}","{""project"":""0eed05d2-fde3-4cb9-bb42-53e21c4fbf35"",""environment"":""d0ddf1c2-b8e5-4716-a09d-aadeb1bbb3bd"",""service"":""e271ab98-84a6-487b-9560-2409f4cbfa58"",""deployment"":""ec83bef4-5c10-4db1-8206-eb2a4c5d343a"",""replica"":""eb52092d-25ab-4789-9909-4d692a6f304b""}",2026-05-28T14:36:33.995243326Z
,error,"{""level"":""error""}","{""project"":""0eed05d2-fde3-4cb9-bb42-53e21c4fbf35"",""environment"":""d0ddf1c2-b8e5-4716-a09d-aadeb1bbb3bd"",""service"":""e271ab98-84a6-487b-9560-2409f4cbfa58"",""deployment"":""ec83bef4-5c10-4db1-8206-eb2a4c5d343a"",""replica"":""eb52092d-25ab-4789-9909-4d692a6f304b""}",2026-05-28T14:36:33.995249816Z
https://github.com/google-gemini/deprecated-generative-ai-python/blob/main/README.md,error,"{""level"":""error""}","{""project"":""0eed05d2-fde3-4cb9-bb42-53e21c4fbf35"",""environment"":""d0ddf1c2-b8e5-4716-a09d-aadeb1bbb3bd"",""service"":""e271ab98-84a6-487b-9560-2409f4cbfa58"",""deployment"":""ec83bef4-5c10-4db1-8206-eb2a4c5d343a"",""replica"":""eb52092d-25ab-4789-9909-4d692a6f304b""}",2026-05-28T14:36:33.995256481Z
Traceback (most recent call last):,error,"{""level"":""error""}","{""project"":""0eed05d2-fde3-4cb9-bb42-53e21c4fbf35"",""environment"":""d0ddf1c2-b8e5-4716-a09d-aadeb1bbb3bd"",""service"":""e271ab98-84a6-487b-9560-2409f4cbfa58"",""deployment"":""ec83bef4-5c10-4db1-8206-eb2a4c5d343a"",""replica"":""eb52092d-25ab-4789-9909-4d692a6f304b""}",2026-05-28T14:36:35.496126427Z
"  File ""/app/api_server.py"", line 19, in <module>",error,"{""level"":""error""}","{""project"":""0eed05d2-fde3-4cb9-bb42-53e21c4fbf35"",""environment"":""d0ddf1c2-b8e5-4716-a09d-aadeb1bbb3bd"",""service"":""e271ab98-84a6-487b-9560-2409f4cbfa58"",""deployment"":""ec83bef4-5c10-4db1-8206-eb2a4c5d343a"",""replica"":""eb52092d-25ab-4789-9909-4d692a6f304b""}",2026-05-28T14:36:35.496130731Z
"    from google_ai_client import get_inference_components, vertex_predict",error,"{""level"":""error""}","{""project"":""0eed05d2-fde3-4cb9-bb42-53e21c4fbf35"",""environment"":""d0ddf1c2-b8e5-4716-a09d-aadeb1bbb3bd"",""service"":""e271ab98-84a6-487b-9560-2409f4cbfa58"",""deployment"":""ec83bef4-5c10-4db1-8206-eb2a4c5d343a"",""replica"":""eb52092d-25ab-4789-9909-4d692a6f304b""}",2026-05-28T14:36:35.496135256Z
ImportError: cannot import name 'get_inference_components' from 'google_ai_client' (/app/google_ai_client.py),error,"{""level"":""error""}","{""project"":""0eed05d2-fde3-4cb9-bb42-53e21c4fbf35"",""environment"":""d0ddf1c2-b8e5-4716-a09d-aadeb1bbb3bd"",""service"":""e271ab98-84a6-487b-9560-2409f4cbfa58"",""deployment"":""ec83bef4-5c10-4db1-8206-eb2a4c5d343a"",""replica"":""eb52092d-25ab-4789-9909-4d692a6f304b""}",2026-05-28T14:36:35.496139623Z
"2026-05-28 14:36:37.987029: I tensorflow/core/util/port.cc:153] oneDNN custom operations are on. You may see slightly different numerical results due to floating-point round-off errors from different computation orders. To turn them off, set the environment variable `TF_ENABLE_ONEDNN_OPTS=0`.",error,"{""level"":""error""}","{""project"":""0eed05d2-fde3-4cb9-bb42-53e21c4fbf35"",""environment"":""d0ddf1c2-b8e5-4716-a09d-aadeb1bbb3bd"",""service"":""e271ab98-84a6-487b-9560-2409f4cbfa58"",""deployment"":""ec83bef4-5c10-4db1-8206-eb2a4c5d343a"",""replica"":""eb52092d-25ab-4789-9909-4d692a6f304b""}",2026-05-28T14:36:37.987841671Z
"2026-05-28 14:36:37.988549: I external/local_xla/xla/tsl/cuda/cudart_stub.cc:32] Could not find cuda drivers on your machine, GPU will not be used.",error,"{""level"":""error""}","{""project"":""0eed05d2-fde3-4cb9-bb42-53e21c4fbf35"",""environment"":""d0ddf1c2-b8e5-4716-a09d-aadeb1bbb3bd"",""service"":""e271ab98-84a6-487b-9560-2409f4cbfa58"",""deployment"":""ec83bef4-5c10-4db1-8206-eb2a4c5d343a"",""replica"":""eb52092d-25ab-4789-9909-4d692a6f304b""}",2026-05-28T14:36:37.993081298Z
"2026-05-28 14:36:37.992202: I external/local_xla/xla/tsl/cuda/cudart_stub.cc:32] Could not find cuda drivers on your machine, GPU will not be used.",error,"{""level"":""error""}","{""project"":""0eed05d2-fde3-4cb9-bb42-53e21c4fbf35"",""environment"":""d0ddf1c2-b8e5-4716-a09d-aadeb1bbb3bd"",""service"":""e271ab98-84a6-487b-9560-2409f4cbfa58"",""deployment"":""ec83bef4-5c10-4db1-8206-eb2a4c5d343a"",""replica"":""eb52092d-25ab-4789-9909-4d692a6f304b""}",2026-05-28T14:36:37.993090485Z
2026-05-28 14:36:38.002148: E external/local_xla/xla/stream_executor/cuda/cuda_fft.cc:467] Unable to register cuFFT factory: Attempting to register factory for plugin cuFFT when one has already been registered,error,"{""level"":""error""}","{""project"":""0eed05d2-fde3-4cb9-bb42-53e21c4fbf35"",""environment"":""d0ddf1c2-b8e5-4716-a09d-aadeb1bbb3bd"",""service"":""e271ab98-84a6-487b-9560-2409f4cbfa58"",""deployment"":""ec83bef4-5c10-4db1-8206-eb2a4c5d343a"",""replica"":""eb52092d-25ab-4789-9909-4d692a6f304b""}",2026-05-28T14:36:38.004516338Z
WARNING: All log messages before absl::InitializeLog() is called are written to STDERR,error,"{""level"":""error""}","{""project"":""0eed05d2-fde3-4cb9-bb42-53e21c4fbf35"",""environment"":""d0ddf1c2-b8e5-4716-a09d-aadeb1bbb3bd"",""service"":""e271ab98-84a6-487b-9560-2409f4cbfa58"",""deployment"":""ec83bef4-5c10-4db1-8206-eb2a4c5d343a"",""replica"":""eb52092d-25ab-4789-9909-4d692a6f304b""}",2026-05-28T14:36:38.031461392Z
E0000 00:00:1779978998.022090       1 cuda_dnn.cc:8579] Unable to register cuDNN factory: Attempting to register factory for plugin cuDNN when one has already been registered,error,"{""level"":""error""}","{""project"":""0eed05d2-fde3-4cb9-bb42-53e21c4fbf35"",""environment"":""d0ddf1c2-b8e5-4716-a09d-aadeb1bbb3bd"",""service"":""e271ab98-84a6-487b-9560-2409f4cbfa58"",""deployment"":""ec83bef4-5c10-4db1-8206-eb2a4c5d343a"",""replica"":""eb52092d-25ab-4789-9909-4d692a6f304b""}",2026-05-28T14:36:38.031467587Z
E0000 00:00:1779978998.026503       1 cuda_blas.cc:1407] Unable to register cuBLAS factory: Attempting to register factory for plugin cuBLAS when one has already been registered,error,"{""level"":""error""}","{""project"":""0eed05d2-fde3-4cb9-bb42-53e21c4fbf35"",""environment"":""d0ddf1c2-b8e5-4716-a09d-aadeb1bbb3bd"",""service"":""e271ab98-84a6-487b-9560-2409f4cbfa58"",""deployment"":""ec83bef4-5c10-4db1-8206-eb2a4c5d343a"",""replica"":""eb52092d-25ab-4789-9909-4d692a6f304b""}",2026-05-28T14:36:38.031471648Z
W0000 00:00:1779978998.039224       1 computation_placer.cc:177] computation placer already registered. Please check linkage and avoid linking the same target more than once.,error,"{""level"":""error""}","{""project"":""0eed05d2-fde3-4cb9-bb42-53e21c4fbf35"",""environment"":""d0ddf1c2-b8e5-4716-a09d-aadeb1bbb3bd"",""service"":""e271ab98-84a6-487b-9560-2409f4cbfa58"",""deployment"":""ec83bef4-5c10-4db1-8206-eb2a4c5d343a"",""replica"":""eb52092d-25ab-4789-9909-4d692a6f304b""}",2026-05-28T14:36:38.042692426Z
W0000 00:00:1779978998.039245       1 computation_placer.cc:177] computation placer already registered. Please check linkage and avoid linking the same target more than once.,error,"{""level"":""error""}","{""project"":""0eed05d2-fde3-4cb9-bb42-53e21c4fbf35"",""environment"":""d0ddf1c2-b8e5-4716-a09d-aadeb1bbb3bd"",""service"":""e271ab98-84a6-487b-9560-2409f4cbfa58"",""deployment"":""ec83bef4-5c10-4db1-8206-eb2a4c5d343a"",""replica"":""eb52092d-25ab-4789-9909-4d692a6f304b""}",2026-05-28T14:36:38.042700395Z
W0000 00:00:1779978998.039247       1 computation_placer.cc:177] computation placer already registered. Please check linkage and avoid linking the same target more than once.,error,"{""level"":""error""}","{""project"":""0eed05d2-fde3-4cb9-bb42-53e21c4fbf35"",""environment"":""d0ddf1c2-b8e5-4716-a09d-aadeb1bbb3bd"",""service"":""e271ab98-84a6-487b-9560-2409f4cbfa58"",""deployment"":""ec83bef4-5c10-4db1-8206-eb2a4c5d343a"",""replica"":""eb52092d-25ab-4789-9909-4d692a6f304b""}",2026-05-28T14:36:38.042706388Z
W0000 00:00:1779978998.039248       1 computation_placer.cc:177] computation placer already registered. Please check linkage and avoid linking the same target more than once.,error,"{""level"":""error""}","{""project"":""0eed05d2-fde3-4cb9-bb42-53e21c4fbf35"",""environment"":""d0ddf1c2-b8e5-4716-a09d-aadeb1bbb3bd"",""service"":""e271ab98-84a6-487b-9560-2409f4cbfa58"",""deployment"":""ec83bef4-5c10-4db1-8206-eb2a4c5d343a"",""replica"":""eb52092d-25ab-4789-9909-4d692a6f304b""}",2026-05-28T14:36:38.042713372Z
2026-05-28 14:36:38.043243: I tensorflow/core/platform/cpu_feature_guard.cc:210] This TensorFlow binary is optimized to use available CPU instructions in performance-critical operations.,error,"{""level"":""error""}","{""project"":""0eed05d2-fde3-4cb9-bb42-53e21c4fbf35"",""environment"":""d0ddf1c2-b8e5-4716-a09d-aadeb1bbb3bd"",""service"":""e271ab98-84a6-487b-9560-2409f4cbfa58"",""deployment"":""ec83bef4-5c10-4db1-8206-eb2a4c5d343a"",""replica"":""eb52092d-25ab-4789-9909-4d692a6f304b""}",2026-05-28T14:36:38.043675454Z
"To enable the following instructions: AVX2 AVX512F AVX512_VNNI AVX512_BF16 AVX512_FP16 AVX_VNNI AMX_TILE AMX_INT8 AMX_BF16 FMA, in other operations, rebuild TensorFlow with the appropriate compiler flags.",error,"{""level"":""error""}","{""project"":""0eed05d2-fde3-4cb9-bb42-53e21c4fbf35"",""environment"":""d0ddf1c2-b8e5-4716-a09d-aadeb1bbb3bd"",""service"":""e271ab98-84a6-487b-9560-2409f4cbfa58"",""deployment"":""ec83bef4-5c10-4db1-8206-eb2a4c5d343a"",""replica"":""eb52092d-25ab-4789-9909-4d692a6f304b""}",2026-05-28T14:36:38.043684352Z
See README for more details:,error,"{""level"":""error""}","{""project"":""0eed05d2-fde3-4cb9-bb42-53e21c4fbf35"",""environment"":""d0ddf1c2-b8e5-4716-a09d-aadeb1bbb3bd"",""service"":""e271ab98-84a6-487b-9560-2409f4cbfa58"",""deployment"":""ec83bef4-5c10-4db1-8206-eb2a4c5d343a"",""replica"":""eb52092d-25ab-4789-9909-4d692a6f304b""}",2026-05-28T14:36:41.466636935Z
,error,"{""level"":""error""}","{""project"":""0eed05d2-fde3-4cb9-bb42-53e21c4fbf35"",""environment"":""d0ddf1c2-b8e5-4716-a09d-aadeb1bbb3bd"",""service"":""e271ab98-84a6-487b-9560-2409f4cbfa58"",""deployment"":""ec83bef4-5c10-4db1-8206-eb2a4c5d343a"",""replica"":""eb52092d-25ab-4789-9909-4d692a6f304b""}",2026-05-28T14:36:41.466648912Z
https://github.com/google-gemini/deprecated-generative-ai-python/blob/main/README.md,error,"{""level"":""error""}","{""project"":""0eed05d2-fde3-4cb9-bb42-53e21c4fbf35"",""environment"":""d0ddf1c2-b8e5-4716-a09d-aadeb1bbb3bd"",""service"":""e271ab98-84a6-487b-9560-2409f4cbfa58"",""deployment"":""ec83bef4-5c10-4db1-8206-eb2a4c5d343a"",""replica"":""eb52092d-25ab-4789-9909-4d692a6f304b""}",2026-05-28T14:36:41.466656703Z
,error,"{""level"":""error""}","{""project"":""0eed05d2-fde3-4cb9-bb42-53e21c4fbf35"",""environment"":""d0ddf1c2-b8e5-4716-a09d-aadeb1bbb3bd"",""service"":""e271ab98-84a6-487b-9560-2409f4cbfa58"",""deployment"":""ec83bef4-5c10-4db1-8206-eb2a4c5d343a"",""replica"":""eb52092d-25ab-4789-9909-4d692a6f304b""}",2026-05-28T14:36:41.466663155Z
  import google.generativeai as genai,error,"{""level"":""error""}","{""project"":""0eed05d2-fde3-4cb9-bb42-53e21c4fbf35"",""environment"":""d0ddf1c2-b8e5-4716-a09d-aadeb1bbb3bd"",""service"":""e271ab98-84a6-487b-9560-2409f4cbfa58"",""deployment"":""ec83bef4-5c10-4db1-8206-eb2a4c5d343a"",""replica"":""eb52092d-25ab-4789-9909-4d692a6f304b""}",2026-05-28T14:36:41.466670311Z
/app/api_server.py:6: FutureWarning: ,error,"{""level"":""error""}","{""project"":""0eed05d2-fde3-4cb9-bb42-53e21c4fbf35"",""environment"":""d0ddf1c2-b8e5-4716-a09d-aadeb1bbb3bd"",""service"":""e271ab98-84a6-487b-9560-2409f4cbfa58"",""deployment"":""ec83bef4-5c10-4db1-8206-eb2a4c5d343a"",""replica"":""eb52092d-25ab-4789-9909-4d692a6f304b""}",2026-05-28T14:36:41.466738689Z
,error,"{""level"":""error""}","{""project"":""0eed05d2-fde3-4cb9-bb42-53e21c4fbf35"",""environment"":""d0ddf1c2-b8e5-4716-a09d-aadeb1bbb3bd"",""service"":""e271ab98-84a6-487b-9560-2409f4cbfa58"",""deployment"":""ec83bef4-5c10-4db1-8206-eb2a4c5d343a"",""replica"":""eb52092d-25ab-4789-9909-4d692a6f304b""}",2026-05-28T14:36:41.466743342Z
All support for the `google.generativeai` package has ended. It will no longer be receiving ,error,"{""level"":""error""}","{""project"":""0eed05d2-fde3-4cb9-bb42-53e21c4fbf35"",""environment"":""d0ddf1c2-b8e5-4716-a09d-aadeb1bbb3bd"",""service"":""e271ab98-84a6-487b-9560-2409f4cbfa58"",""deployment"":""ec83bef4-5c10-4db1-8206-eb2a4c5d343a"",""replica"":""eb52092d-25ab-4789-9909-4d692a6f304b""}",2026-05-28T14:36:41.466748415Z
updates or bug fixes. Please switch to the `google.genai` package as soon as possible.,error,"{""level"":""error""}","{""project"":""0eed05d2-fde3-4cb9-bb42-53e21c4fbf35"",""environment"":""d0ddf1c2-b8e5-4716-a09d-aadeb1bbb3bd"",""service"":""e271ab98-84a6-487b-9560-2409f4cbfa58"",""deployment"":""ec83bef4-5c10-4db1-8206-eb2a4c5d343a"",""replica"":""eb52092d-25ab-4789-9909-4d692a6f304b""}",2026-05-28T14:36:41.466753436Z
Traceback (most recent call last):,error,"{""level"":""error""}","{""project"":""0eed05d2-fde3-4cb9-bb42-53e21c4fbf35"",""environment"":""d0ddf1c2-b8e5-4716-a09d-aadeb1bbb3bd"",""service"":""e271ab98-84a6-487b-9560-2409f4cbfa58"",""deployment"":""ec83bef4-5c10-4db1-8206-eb2a4c5d343a"",""replica"":""eb52092d-25ab-4789-9909-4d692a6f304b""}",2026-05-28T14:36:42.808192819Z
"  File ""/app/api_server.py"", line 19, in <module>",error,"{""level"":""error""}","{""project"":""0eed05d2-fde3-4cb9-bb42-53e21c4fbf35"",""environment"":""d0ddf1c2-b8e5-4716-a09d-aadeb1bbb3bd"",""service"":""e271ab98-84a6-487b-9560-2409f4cbfa58"",""deployment"":""ec83bef4-5c10-4db1-8206-eb2a4c5d343a"",""replica"":""eb52092d-25ab-4789-9909-4d692a6f304b""}",2026-05-28T14:36:42.808198302Z
"    from google_ai_client import get_inference_components, vertex_predict",error,"{""level"":""error""}","{""project"":""0eed05d2-fde3-4cb9-bb42-53e21c4fbf35"",""environment"":""d0ddf1c2-b8e5-4716-a09d-aadeb1bbb3bd"",""service"":""e271ab98-84a6-487b-9560-2409f4cbfa58"",""deployment"":""ec83bef4-5c10-4db1-8206-eb2a4c5d343a"",""replica"":""eb52092d-25ab-4789-9909-4d692a6f304b""}",2026-05-28T14:36:42.808202588Z
ImportError: cannot import name 'get_inference_components' from 'google_ai_client' (/app/google_ai_client.py),error,"{""level"":""error""}","{""project"":""0eed05d2-fde3-4cb9-bb42-53e21c4fbf35"",""environment"":""d0ddf1c2-b8e5-4716-a09d-aadeb1bbb3bd"",""service"":""e271ab98-84a6-487b-9560-2409f4cbfa58"",""deployment"":""ec83bef4-5c10-4db1-8206-eb2a4c5d343a"",""replica"":""eb52092d-25ab-4789-9909-4d692a6f304b""}",2026-05-28T14:36:42.808206917Z
"2026-05-28 14:36:45.173799: I tensorflow/core/util/port.cc:153] oneDNN custom operations are on. You may see slightly different numerical results due to floating-point round-off errors from different computation orders. To turn them off, set the environment variable `TF_ENABLE_ONEDNN_OPTS=0`.",error,"{""level"":""error""}","{""project"":""0eed05d2-fde3-4cb9-bb42-53e21c4fbf35"",""environment"":""d0ddf1c2-b8e5-4716-a09d-aadeb1bbb3bd"",""service"":""e271ab98-84a6-487b-9560-2409f4cbfa58"",""deployment"":""ec83bef4-5c10-4db1-8206-eb2a4c5d343a"",""replica"":""eb52092d-25ab-4789-9909-4d692a6f304b""}",2026-05-28T14:36:45.174691509Z
"2026-05-28 14:36:45.175022: I external/local_xla/xla/tsl/cuda/cudart_stub.cc:32] Could not find cuda drivers on your machine, GPU will not be used.",error,"{""level"":""error""}","{""project"":""0eed05d2-fde3-4cb9-bb42-53e21c4fbf35"",""environment"":""d0ddf1c2-b8e5-4716-a09d-aadeb1bbb3bd"",""service"":""e271ab98-84a6-487b-9560-2409f4cbfa58"",""deployment"":""ec83bef4-5c10-4db1-8206-eb2a4c5d343a"",""replica"":""eb52092d-25ab-4789-9909-4d692a6f304b""}",2026-05-28T14:36:45.175677953Z
"2026-05-28 14:36:45.179065: I external/local_xla/xla/tsl/cuda/cudart_stub.cc:32] Could not find cuda drivers on your machine, GPU will not be used.",error,"{""level"":""error""}","{""project"":""0eed05d2-fde3-4cb9-bb42-53e21c4fbf35"",""environment"":""d0ddf1c2-b8e5-4716-a09d-aadeb1bbb3bd"",""service"":""e271ab98-84a6-487b-9560-2409f4cbfa58"",""deployment"":""ec83bef4-5c10-4db1-8206-eb2a4c5d343a"",""replica"":""eb52092d-25ab-4789-9909-4d692a6f304b""}",2026-05-28T14:36:45.181460290Z
2026-05-28 14:36:45.187997: E external/local_xla/xla/stream_executor/cuda/cuda_fft.cc:467] Unable to register cuFFT factory: Attempting to register factory for plugin cuFFT when one has already been registered,error,"{""level"":""error""}","{""project"":""0eed05d2-fde3-4cb9-bb42-53e21c4fbf35"",""environment"":""d0ddf1c2-b8e5-4716-a09d-aadeb1bbb3bd"",""service"":""e271ab98-84a6-487b-9560-2409f4cbfa58"",""deployment"":""ec83bef4-5c10-4db1-8206-eb2a4c5d343a"",""replica"":""eb52092d-25ab-4789-9909-4d692a6f304b""}",2026-05-28T14:36:45.192988887Z
WARNING: All log messages before absl::InitializeLog() is called are written to STDERR,error,"{""level"":""error""}","{""project"":""0eed05d2-fde3-4cb9-bb42-53e21c4fbf35"",""environment"":""d0ddf1c2-b8e5-4716-a09d-aadeb1bbb3bd"",""service"":""e271ab98-84a6-487b-9560-2409f4cbfa58"",""deployment"":""ec83bef4-5c10-4db1-8206-eb2a4c5d343a"",""replica"":""eb52092d-25ab-4789-9909-4d692a6f304b""}",2026-05-28T14:36:45.210575499Z
E0000 00:00:1779979005.205591       1 cuda_dnn.cc:8579] Unable to register cuDNN factory: Attempting to register factory for plugin cuDNN when one has already been registered,error,"{""level"":""error""}","{""project"":""0eed05d2-fde3-4cb9-bb42-53e21c4fbf35"",""environment"":""d0ddf1c2-b8e5-4716-a09d-aadeb1bbb3bd"",""service"":""e271ab98-84a6-487b-9560-2409f4cbfa58"",""deployment"":""ec83bef4-5c10-4db1-8206-eb2a4c5d343a"",""replica"":""eb52092d-25ab-4789-9909-4d692a6f304b""}",2026-05-28T14:36:45.210579563Z
E0000 00:00:1779979005.209973       1 cuda_blas.cc:1407] Unable to register cuBLAS factory: Attempting to register factory for plugin cuBLAS when one has already been registered,error,"{""level"":""error""}","{""project"":""0eed05d2-fde3-4cb9-bb42-53e21c4fbf35"",""environment"":""d0ddf1c2-b8e5-4716-a09d-aadeb1bbb3bd"",""service"":""e271ab98-84a6-487b-9560-2409f4cbfa58"",""deployment"":""ec83bef4-5c10-4db1-8206-eb2a4c5d343a"",""replica"":""eb52092d-25ab-4789-9909-4d692a6f304b""}",2026-05-28T14:36:45.210583547Z
W0000 00:00:1779979005.222616       1 computation_placer.cc:177] computation placer already registered. Please check linkage and avoid linking the same target more than once.,error,"{""level"":""error""}","{""project"":""0eed05d2-fde3-4cb9-bb42-53e21c4fbf35"",""environment"":""d0ddf1c2-b8e5-4716-a09d-aadeb1bbb3bd"",""service"":""e271ab98-84a6-487b-9560-2409f4cbfa58"",""deployment"":""ec83bef4-5c10-4db1-8206-eb2a4c5d343a"",""replica"":""eb52092d-25ab-4789-9909-4d692a6f304b""}",2026-05-28T14:36:45.232711307Z
W0000 00:00:1779979005.222636       1 computation_placer.cc:177] computation placer already registered. Please check linkage and avoid linking the same target more than once.,error,"{""level"":""error""}","{""project"":""0eed05d2-fde3-4cb9-bb42-53e21c4fbf35"",""environment"":""d0ddf1c2-b8e5-4716-a09d-aadeb1bbb3bd"",""service"":""e271ab98-84a6-487b-9560-2409f4cbfa58"",""deployment"":""ec83bef4-5c10-4db1-8206-eb2a4c5d343a"",""replica"":""eb52092d-25ab-4789-9909-4d692a6f304b""}",2026-05-28T14:36:45.232720682Z
W0000 00:00:1779979005.222638       1 computation_placer.cc:177] computation placer already registered. Please check linkage and avoid linking the same target more than once.,error,"{""level"":""error""}","{""project"":""0eed05d2-fde3-4cb9-bb42-53e21c4fbf35"",""environment"":""d0ddf1c2-b8e5-4716-a09d-aadeb1bbb3bd"",""service"":""e271ab98-84a6-487b-9560-2409f4cbfa58"",""deployment"":""ec83bef4-5c10-4db1-8206-eb2a4c5d343a"",""replica"":""eb52092d-25ab-4789-9909-4d692a6f304b""}",2026-05-28T14:36:45.232727819Z
W0000 00:00:1779979005.222639       1 computation_placer.cc:177] computation placer already registered. Please check linkage and avoid linking the same target more than once.,error,"{""level"":""error""}","{""project"":""0eed05d2-fde3-4cb9-bb42-53e21c4fbf35"",""environment"":""d0ddf1c2-b8e5-4716-a09d-aadeb1bbb3bd"",""service"":""e271ab98-84a6-487b-9560-2409f4cbfa58"",""deployment"":""ec83bef4-5c10-4db1-8206-eb2a4c5d343a"",""replica"":""eb52092d-25ab-4789-9909-4d692a6f304b""}",2026-05-28T14:36:45.232736276Z
2026-05-28 14:36:45.226641: I tensorflow/core/platform/cpu_feature_guard.cc:210] This TensorFlow binary is optimized to use available CPU instructions in performance-critical operations.,error,"{""level"":""error""}","{""project"":""0eed05d2-fde3-4cb9-bb42-53e21c4fbf35"",""environment"":""d0ddf1c2-b8e5-4716-a09d-aadeb1bbb3bd"",""service"":""e271ab98-84a6-487b-9560-2409f4cbfa58"",""deployment"":""ec83bef4-5c10-4db1-8206-eb2a4c5d343a"",""replica"":""eb52092d-25ab-4789-9909-4d692a6f304b""}",2026-05-28T14:36:45.232744347Z
"To enable the following instructions: AVX2 AVX512F AVX512_VNNI AVX512_BF16 AVX512_FP16 AVX_VNNI AMX_TILE AMX_INT8 AMX_BF16 FMA, in other operations, rebuild TensorFlow with the appropriate compiler flags.",error,"{""level"":""error""}","{""project"":""0eed05d2-fde3-4cb9-bb42-53e21c4fbf35"",""environment"":""d0ddf1c2-b8e5-4716-a09d-aadeb1bbb3bd"",""service"":""e271ab98-84a6-487b-9560-2409f4cbfa58"",""deployment"":""ec83bef4-5c10-4db1-8206-eb2a4c5d343a"",""replica"":""eb52092d-25ab-4789-9909-4d692a6f304b""}",2026-05-28T14:36:45.232751359Z
https://github.com/google-gemini/deprecated-generative-ai-python/blob/main/README.md,error,"{""level"":""error""}","{""project"":""0eed05d2-fde3-4cb9-bb42-53e21c4fbf35"",""environment"":""d0ddf1c2-b8e5-4716-a09d-aadeb1bbb3bd"",""service"":""e271ab98-84a6-487b-9560-2409f4cbfa58"",""deployment"":""ec83bef4-5c10-4db1-8206-eb2a4c5d343a"",""replica"":""eb52092d-25ab-4789-9909-4d692a6f304b""}",2026-05-28T14:36:48.502311477Z
,error,"{""level"":""error""}","{""project"":""0eed05d2-fde3-4cb9-bb42-53e21c4fbf35"",""environment"":""d0ddf1c2-b8e5-4716-a09d-aadeb1bbb3bd"",""service"":""e271ab98-84a6-487b-9560-2409f4cbfa58"",""deployment"":""ec83bef4-5c10-4db1-8206-eb2a4c5d343a"",""replica"":""eb52092d-25ab-4789-9909-4d692a6f304b""}",2026-05-28T14:36:48.502322539Z
  import google.generativeai as genai,error,"{""level"":""error""}","{""project"":""0eed05d2-fde3-4cb9-bb42-53e21c4fbf35"",""environment"":""d0ddf1c2-b8e5-4716-a09d-aadeb1bbb3bd"",""service"":""e271ab98-84a6-487b-9560-2409f4cbfa58"",""deployment"":""ec83bef4-5c10-4db1-8206-eb2a4c5d343a"",""replica"":""eb52092d-25ab-4789-9909-4d692a6f304b""}",2026-05-28T14:36:48.502331294Z
/app/api_server.py:6: FutureWarning: ,error,"{""level"":""error""}","{""project"":""0eed05d2-fde3-4cb9-bb42-53e21c4fbf35"",""environment"":""d0ddf1c2-b8e5-4716-a09d-aadeb1bbb3bd"",""service"":""e271ab98-84a6-487b-9560-2409f4cbfa58"",""deployment"":""ec83bef4-5c10-4db1-8206-eb2a4c5d343a"",""replica"":""eb52092d-25ab-4789-9909-4d692a6f304b""}",2026-05-28T14:36:48.502393249Z
,error,"{""level"":""error""}","{""project"":""0eed05d2-fde3-4cb9-bb42-53e21c4fbf35"",""environment"":""d0ddf1c2-b8e5-4716-a09d-aadeb1bbb3bd"",""service"":""e271ab98-84a6-487b-9560-2409f4cbfa58"",""deployment"":""ec83bef4-5c10-4db1-8206-eb2a4c5d343a"",""replica"":""eb52092d-25ab-4789-9909-4d692a6f304b""}",2026-05-28T14:36:48.502397603Z
All support for the `google.generativeai` package has ended. It will no longer be receiving ,error,"{""level"":""error""}","{""project"":""0eed05d2-fde3-4cb9-bb42-53e21c4fbf35"",""environment"":""d0ddf1c2-b8e5-4716-a09d-aadeb1bbb3bd"",""service"":""e271ab98-84a6-487b-9560-2409f4cbfa58"",""deployment"":""ec83bef4-5c10-4db1-8206-eb2a4c5d343a"",""replica"":""eb52092d-25ab-4789-9909-4d692a6f304b""}",2026-05-28T14:36:48.502402333Z
updates or bug fixes. Please switch to the `google.genai` package as soon as possible.,error,"{""level"":""error""}","{""project"":""0eed05d2-fde3-4cb9-bb42-53e21c4fbf35"",""environment"":""d0ddf1c2-b8e5-4716-a09d-aadeb1bbb3bd"",""service"":""e271ab98-84a6-487b-9560-2409f4cbfa58"",""deployment"":""ec83bef4-5c10-4db1-8206-eb2a4c5d343a"",""replica"":""eb52092d-25ab-4789-9909-4d692a6f304b""}",2026-05-28T14:36:48.502406819Z
See README for more details:,error,"{""level"":""error""}","{""project"":""0eed05d2-fde3-4cb9-bb42-53e21c4fbf35"",""environment"":""d0ddf1c2-b8e5-4716-a09d-aadeb1bbb3bd"",""service"":""e271ab98-84a6-487b-9560-2409f4cbfa58"",""deployment"":""ec83bef4-5c10-4db1-8206-eb2a4c5d343a"",""replica"":""eb52092d-25ab-4789-9909-4d692a6f304b""}",2026-05-28T14:36:48.502411629Z
,error,"{""level"":""error""}","{""project"":""0eed05d2-fde3-4cb9-bb42-53e21c4fbf35"",""environment"":""d0ddf1c2-b8e5-4716-a09d-aadeb1bbb3bd"",""service"":""e271ab98-84a6-487b-9560-2409f4cbfa58"",""deployment"":""ec83bef4-5c10-4db1-8206-eb2a4c5d343a"",""replica"":""eb52092d-25ab-4789-9909-4d692a6f304b""}",2026-05-28T14:36:48.502415810Z
Traceback (most recent call last):,error,"{""level"":""error""}","{""project"":""0eed05d2-fde3-4cb9-bb42-53e21c4fbf35"",""environment"":""d0ddf1c2-b8e5-4716-a09d-aadeb1bbb3bd"",""service"":""e271ab98-84a6-487b-9560-2409f4cbfa58"",""deployment"":""ec83bef4-5c10-4db1-8206-eb2a4c5d343a"",""replica"":""eb52092d-25ab-4789-9909-4d692a6f304b""}",2026-05-28T14:36:49.744559553Z
"  File ""/app/api_server.py"", line 19, in <module>",error,"{""level"":""error""}","{""project"":""0eed05d2-fde3-4cb9-bb42-53e21c4fbf35"",""environment"":""d0ddf1c2-b8e5-4716-a09d-aadeb1bbb3bd"",""service"":""e271ab98-84a6-487b-9560-2409f4cbfa58"",""deployment"":""ec83bef4-5c10-4db1-8206-eb2a4c5d343a"",""replica"":""eb52092d-25ab-4789-9909-4d692a6f304b""}",2026-05-28T14:36:49.744564739Z
"    from google_ai_client import get_inference_components, vertex_predict",error,"{""level"":""error""}","{""project"":""0eed05d2-fde3-4cb9-bb42-53e21c4fbf35"",""environment"":""d0ddf1c2-b8e5-4716-a09d-aadeb1bbb3bd"",""service"":""e271ab98-84a6-487b-9560-2409f4cbfa58"",""deployment"":""ec83bef4-5c10-4db1-8206-eb2a4c5d343a"",""replica"":""eb52092d-25ab-4789-9909-4d692a6f304b""}",2026-05-28T14:36:49.744570326Z
ImportError: cannot import name 'get_inference_components' from 'google_ai_client' (/app/google_ai_client.py),error,"{""level"":""error""}","{""project"":""0eed05d2-fde3-4cb9-bb42-53e21c4fbf35"",""environment"":""d0ddf1c2-b8e5-4716-a09d-aadeb1bbb3bd"",""service"":""e271ab98-84a6-487b-9560-2409f4cbfa58"",""deployment"":""ec83bef4-5c10-4db1-8206-eb2a4c5d343a"",""replica"":""eb52092d-25ab-4789-9909-4d692a6f304b""}",2026-05-28T14:36:49.744580903Z
"2026-05-28 14:36:52.066062: I tensorflow/core/util/port.cc:153] oneDNN custom operations are on. You may see slightly different numerical results due to floating-point round-off errors from different computation orders. To turn them off, set the environment variable `TF_ENABLE_ONEDNN_OPTS=0`.",error,"{""level"":""error""}","{""project"":""0eed05d2-fde3-4cb9-bb42-53e21c4fbf35"",""environment"":""d0ddf1c2-b8e5-4716-a09d-aadeb1bbb3bd"",""service"":""e271ab98-84a6-487b-9560-2409f4cbfa58"",""deployment"":""ec83bef4-5c10-4db1-8206-eb2a4c5d343a"",""replica"":""eb52092d-25ab-4789-9909-4d692a6f304b""}",2026-05-28T14:36:52.071330395Z
"2026-05-28 14:36:52.067269: I external/local_xla/xla/tsl/cuda/cudart_stub.cc:32] Could not find cuda drivers on your machine, GPU will not be used.",error,"{""level"":""error""}","{""project"":""0eed05d2-fde3-4cb9-bb42-53e21c4fbf35"",""environment"":""d0ddf1c2-b8e5-4716-a09d-aadeb1bbb3bd"",""service"":""e271ab98-84a6-487b-9560-2409f4cbfa58"",""deployment"":""ec83bef4-5c10-4db1-8206-eb2a4c5d343a"",""replica"":""eb52092d-25ab-4789-9909-4d692a6f304b""}",2026-05-28T14:36:52.071336123Z
"2026-05-28 14:36:52.071000: I external/local_xla/xla/tsl/cuda/cudart_stub.cc:32] Could not find cuda drivers on your machine, GPU will not be used.",error,"{""level"":""error""}","{""project"":""0eed05d2-fde3-4cb9-bb42-53e21c4fbf35"",""environment"":""d0ddf1c2-b8e5-4716-a09d-aadeb1bbb3bd"",""service"":""e271ab98-84a6-487b-9560-2409f4cbfa58"",""deployment"":""ec83bef4-5c10-4db1-8206-eb2a4c5d343a"",""replica"":""eb52092d-25ab-4789-9909-4d692a6f304b""}",2026-05-28T14:36:52.072382274Z
2026-05-28 14:36:52.080012: E external/local_xla/xla/stream_executor/cuda/cuda_fft.cc:467] Unable to register cuFFT factory: Attempting to register factory for plugin cuFFT when one has already been registered,error,"{""level"":""error""}","{""project"":""0eed05d2-fde3-4cb9-bb42-53e21c4fbf35"",""environment"":""d0ddf1c2-b8e5-4716-a09d-aadeb1bbb3bd"",""service"":""e271ab98-84a6-487b-9560-2409f4cbfa58"",""deployment"":""ec83bef4-5c10-4db1-8206-eb2a4c5d343a"",""replica"":""eb52092d-25ab-4789-9909-4d692a6f304b""}",2026-05-28T14:36:52.084357075Z
WARNING: All log messages before absl::InitializeLog() is called are written to STDERR,error,"{""level"":""error""}","{""project"":""0eed05d2-fde3-4cb9-bb42-53e21c4fbf35"",""environment"":""d0ddf1c2-b8e5-4716-a09d-aadeb1bbb3bd"",""service"":""e271ab98-84a6-487b-9560-2409f4cbfa58"",""deployment"":""ec83bef4-5c10-4db1-8206-eb2a4c5d343a"",""replica"":""eb52092d-25ab-4789-9909-4d692a6f304b""}",2026-05-28T14:36:52.097511393Z
E0000 00:00:1779979012.095971       1 cuda_dnn.cc:8579] Unable to register cuDNN factory: Attempting to register factory for plugin cuDNN when one has already been registered,error,"{""level"":""error""}","{""project"":""0eed05d2-fde3-4cb9-bb42-53e21c4fbf35"",""environment"":""d0ddf1c2-b8e5-4716-a09d-aadeb1bbb3bd"",""service"":""e271ab98-84a6-487b-9560-2409f4cbfa58"",""deployment"":""ec83bef4-5c10-4db1-8206-eb2a4c5d343a"",""replica"":""eb52092d-25ab-4789-9909-4d692a6f304b""}",2026-05-28T14:36:52.097517097Z
E0000 00:00:1779979012.100732       1 cuda_blas.cc:1407] Unable to register cuBLAS factory: Attempting to register factory for plugin cuBLAS when one has already been registered,error,"{""level"":""error""}","{""project"":""0eed05d2-fde3-4cb9-bb42-53e21c4fbf35"",""environment"":""d0ddf1c2-b8e5-4716-a09d-aadeb1bbb3bd"",""service"":""e271ab98-84a6-487b-9560-2409f4cbfa58"",""deployment"":""ec83bef4-5c10-4db1-8206-eb2a4c5d343a"",""replica"":""eb52092d-25ab-4789-9909-4d692a6f304b""}",2026-05-28T14:36:52.103621649Z
W0000 00:00:1779979012.115037       1 computation_placer.cc:177] computation placer already registered. Please check linkage and avoid linking the same target more than once.,error,"{""level"":""error""}","{""project"":""0eed05d2-fde3-4cb9-bb42-53e21c4fbf35"",""environment"":""d0ddf1c2-b8e5-4716-a09d-aadeb1bbb3bd"",""service"":""e271ab98-84a6-487b-9560-2409f4cbfa58"",""deployment"":""ec83bef4-5c10-4db1-8206-eb2a4c5d343a"",""replica"":""eb52092d-25ab-4789-9909-4d692a6f304b""}",2026-05-28T14:36:52.116708777Z
W0000 00:00:1779979012.115057       1 computation_placer.cc:177] computation placer already registered. Please check linkage and avoid linking the same target more than once.,error,"{""level"":""error""}","{""project"":""0eed05d2-fde3-4cb9-bb42-53e21c4fbf35"",""environment"":""d0ddf1c2-b8e5-4716-a09d-aadeb1bbb3bd"",""service"":""e271ab98-84a6-487b-9560-2409f4cbfa58"",""deployment"":""ec83bef4-5c10-4db1-8206-eb2a4c5d343a"",""replica"":""eb52092d-25ab-4789-9909-4d692a6f304b""}",2026-05-28T14:36:52.116717515Z
W0000 00:00:1779979012.115058       1 computation_placer.cc:177] computation placer already registered. Please check linkage and avoid linking the same target more than once.,error,"{""level"":""error""}","{""project"":""0eed05d2-fde3-4cb9-bb42-53e21c4fbf35"",""environment"":""d0ddf1c2-b8e5-4716-a09d-aadeb1bbb3bd"",""service"":""e271ab98-84a6-487b-9560-2409f4cbfa58"",""deployment"":""ec83bef4-5c10-4db1-8206-eb2a4c5d343a"",""replica"":""eb52092d-25ab-4789-9909-4d692a6f304b""}",2026-05-28T14:36:52.116724316Z
W0000 00:00:1779979012.115060       1 computation_placer.cc:177] computation placer already registered. Please check linkage and avoid linking the same target more than once.,error,"{""level"":""error""}","{""project"":""0eed05d2-fde3-4cb9-bb42-53e21c4fbf35"",""environment"":""d0ddf1c2-b8e5-4716-a09d-aadeb1bbb3bd"",""service"":""e271ab98-84a6-487b-9560-2409f4cbfa58"",""deployment"":""ec83bef4-5c10-4db1-8206-eb2a4c5d343a"",""replica"":""eb52092d-25ab-4789-9909-4d692a6f304b""}",2026-05-28T14:36:52.116731087Z
2026-05-28 14:36:52.119871: I tensorflow/core/platform/cpu_feature_guard.cc:210] This TensorFlow binary is optimized to use available CPU instructions in performance-critical operations.,error,"{""level"":""error""}","{""project"":""0eed05d2-fde3-4cb9-bb42-53e21c4fbf35"",""environment"":""d0ddf1c2-b8e5-4716-a09d-aadeb1bbb3bd"",""service"":""e271ab98-84a6-487b-9560-2409f4cbfa58"",""deployment"":""ec83bef4-5c10-4db1-8206-eb2a4c5d343a"",""replica"":""eb52092d-25ab-4789-9909-4d692a6f304b""}",2026-05-28T14:36:52.122065498Z
"To enable the following instructions: AVX2 AVX512F AVX512_VNNI AVX512_BF16 AVX512_FP16 AVX_VNNI AMX_TILE AMX_INT8 AMX_BF16 FMA, in other operations, rebuild TensorFlow with the appropriate compiler flags.",error,"{""level"":""error""}","{""project"":""0eed05d2-fde3-4cb9-bb42-53e21c4fbf35"",""environment"":""d0ddf1c2-b8e5-4716-a09d-aadeb1bbb3bd"",""service"":""e271ab98-84a6-487b-9560-2409f4cbfa58"",""deployment"":""ec83bef4-5c10-4db1-8206-eb2a4c5d343a"",""replica"":""eb52092d-25ab-4789-9909-4d692a6f304b""}",2026-05-28T14:36:52.122071830Z
,error,"{""level"":""error""}","{""project"":""0eed05d2-fde3-4cb9-bb42-53e21c4fbf35"",""environment"":""d0ddf1c2-b8e5-4716-a09d-aadeb1bbb3bd"",""service"":""e271ab98-84a6-487b-9560-2409f4cbfa58"",""deployment"":""ec83bef4-5c10-4db1-8206-eb2a4c5d343a"",""replica"":""eb52092d-25ab-4789-9909-4d692a6f304b""}",2026-05-28T14:36:55.340125118Z
  import google.generativeai as genai,error,"{""level"":""error""}","{""project"":""0eed05d2-fde3-4cb9-bb42-53e21c4fbf35"",""environment"":""d0ddf1c2-b8e5-4716-a09d-aadeb1bbb3bd"",""service"":""e271ab98-84a6-487b-9560-2409f4cbfa58"",""deployment"":""ec83bef4-5c10-4db1-8206-eb2a4c5d343a"",""replica"":""eb52092d-25ab-4789-9909-4d692a6f304b""}",2026-05-28T14:36:55.340136043Z
/app/api_server.py:6: FutureWarning: ,error,"{""level"":""error""}","{""project"":""0eed05d2-fde3-4cb9-bb42-53e21c4fbf35"",""environment"":""d0ddf1c2-b8e5-4716-a09d-aadeb1bbb3bd"",""service"":""e271ab98-84a6-487b-9560-2409f4cbfa58"",""deployment"":""ec83bef4-5c10-4db1-8206-eb2a4c5d343a"",""replica"":""eb52092d-25ab-4789-9909-4d692a6f304b""}",2026-05-28T14:36:55.340157022Z
,error,"{""level"":""error""}","{""project"":""0eed05d2-fde3-4cb9-bb42-53e21c4fbf35"",""environment"":""d0ddf1c2-b8e5-4716-a09d-aadeb1bbb3bd"",""service"":""e271ab98-84a6-487b-9560-2409f4cbfa58"",""deployment"":""ec83bef4-5c10-4db1-8206-eb2a4c5d343a"",""replica"":""eb52092d-25ab-4789-9909-4d692a6f304b""}",2026-05-28T14:36:55.340162773Z
All support for the `google.generativeai` package has ended. It will no longer be receiving ,error,"{""level"":""error""}","{""project"":""0eed05d2-fde3-4cb9-bb42-53e21c4fbf35"",""environment"":""d0ddf1c2-b8e5-4716-a09d-aadeb1bbb3bd"",""service"":""e271ab98-84a6-487b-9560-2409f4cbfa58"",""deployment"":""ec83bef4-5c10-4db1-8206-eb2a4c5d343a"",""replica"":""eb52092d-25ab-4789-9909-4d692a6f304b""}",2026-05-28T14:36:55.340168178Z
updates or bug fixes. Please switch to the `google.genai` package as soon as possible.,error,"{""level"":""error""}","{""project"":""0eed05d2-fde3-4cb9-bb42-53e21c4fbf35"",""environment"":""d0ddf1c2-b8e5-4716-a09d-aadeb1bbb3bd"",""service"":""e271ab98-84a6-487b-9560-2409f4cbfa58"",""deployment"":""ec83bef4-5c10-4db1-8206-eb2a4c5d343a"",""replica"":""eb52092d-25ab-4789-9909-4d692a6f304b""}",2026-05-28T14:36:55.340173611Z
See README for more details:,error,"{""level"":""error""}","{""project"":""0eed05d2-fde3-4cb9-bb42-53e21c4fbf35"",""environment"":""d0ddf1c2-b8e5-4716-a09d-aadeb1bbb3bd"",""service"":""e271ab98-84a6-487b-9560-2409f4cbfa58"",""deployment"":""ec83bef4-5c10-4db1-8206-eb2a4c5d343a"",""replica"":""eb52092d-25ab-4789-9909-4d692a6f304b""}",2026-05-28T14:36:55.340178763Z
,error,"{""level"":""error""}","{""project"":""0eed05d2-fde3-4cb9-bb42-53e21c4fbf35"",""environment"":""d0ddf1c2-b8e5-4716-a09d-aadeb1bbb3bd"",""service"":""e271ab98-84a6-487b-9560-2409f4cbfa58"",""deployment"":""ec83bef4-5c10-4db1-8206-eb2a4c5d343a"",""replica"":""eb52092d-25ab-4789-9909-4d692a6f304b""}",2026-05-28T14:36:55.340183993Z
https://github.com/google-gemini/deprecated-generative-ai-python/blob/main/README.md,error,"{""level"":""error""}","{""project"":""0eed05d2-fde3-4cb9-bb42-53e21c4fbf35"",""environment"":""d0ddf1c2-b8e5-4716-a09d-aadeb1bbb3bd"",""service"":""e271ab98-84a6-487b-9560-2409f4cbfa58"",""deployment"":""ec83bef4-5c10-4db1-8206-eb2a4c5d343a"",""replica"":""eb52092d-25ab-4789-9909-4d692a6f304b""}",2026-05-28T14:36:55.340189330Z
Traceback (most recent call last):,error,"{""level"":""error""}","{""project"":""0eed05d2-fde3-4cb9-bb42-53e21c4fbf35"",""environment"":""d0ddf1c2-b8e5-4716-a09d-aadeb1bbb3bd"",""service"":""e271ab98-84a6-487b-9560-2409f4cbfa58"",""deployment"":""ec83bef4-5c10-4db1-8206-eb2a4c5d343a"",""replica"":""eb52092d-25ab-4789-9909-4d692a6f304b""}",2026-05-28T14:36:56.748774587Z
"  File ""/app/api_server.py"", line 19, in <module>",error,"{""level"":""error""}","{""project"":""0eed05d2-fde3-4cb9-bb42-53e21c4fbf35"",""environment"":""d0ddf1c2-b8e5-4716-a09d-aadeb1bbb3bd"",""service"":""e271ab98-84a6-487b-9560-2409f4cbfa58"",""deployment"":""ec83bef4-5c10-4db1-8206-eb2a4c5d343a"",""replica"":""eb52092d-25ab-4789-9909-4d692a6f304b""}",2026-05-28T14:36:56.748782980Z
"    from google_ai_client import get_inference_components, vertex_predict",error,"{""level"":""error""}","{""project"":""0eed05d2-fde3-4cb9-bb42-53e21c4fbf35"",""environment"":""d0ddf1c2-b8e5-4716-a09d-aadeb1bbb3bd"",""service"":""e271ab98-84a6-487b-9560-2409f4cbfa58"",""deployment"":""ec83bef4-5c10-4db1-8206-eb2a4c5d343a"",""replica"":""eb52092d-25ab-4789-9909-4d692a6f304b""}",2026-05-28T14:36:56.748789575Z
ImportError: cannot import name 'get_inference_components' from 'google_ai_client' (/app/google_ai_client.py),error,"{""level"":""error""}","{""project"":""0eed05d2-fde3-4cb9-bb42-53e21c4fbf35"",""environment"":""d0ddf1c2-b8e5-4716-a09d-aadeb1bbb3bd"",""service"":""e271ab98-84a6-487b-9560-2409f4cbfa58"",""deployment"":""ec83bef4-5c10-4db1-8206-eb2a4c5d343a"",""replica"":""eb52092d-25ab-4789-9909-4d692a6f304b""}",2026-05-28T14:36:56.748796898Z
"2026-05-28 14:36:59.175560: I tensorflow/core/util/port.cc:153] oneDNN custom operations are on. You may see slightly different numerical results due to floating-point round-off errors from different computation orders. To turn them off, set the environment variable `TF_ENABLE_ONEDNN_OPTS=0`.",error,"{""level"":""error""}","{""project"":""0eed05d2-fde3-4cb9-bb42-53e21c4fbf35"",""environment"":""d0ddf1c2-b8e5-4716-a09d-aadeb1bbb3bd"",""service"":""e271ab98-84a6-487b-9560-2409f4cbfa58"",""deployment"":""ec83bef4-5c10-4db1-8206-eb2a4c5d343a"",""replica"":""eb52092d-25ab-4789-9909-4d692a6f304b""}",2026-05-28T14:36:59.176447619Z
"2026-05-28 14:36:59.176731: I external/local_xla/xla/tsl/cuda/cudart_stub.cc:32] Could not find cuda drivers on your machine, GPU will not be used.",error,"{""level"":""error""}","{""project"":""0eed05d2-fde3-4cb9-bb42-53e21c4fbf35"",""environment"":""d0ddf1c2-b8e5-4716-a09d-aadeb1bbb3bd"",""service"":""e271ab98-84a6-487b-9560-2409f4cbfa58"",""deployment"":""ec83bef4-5c10-4db1-8206-eb2a4c5d343a"",""replica"":""eb52092d-25ab-4789-9909-4d692a6f304b""}",2026-05-28T14:36:59.177350677Z
"2026-05-28 14:36:59.180407: I external/local_xla/xla/tsl/cuda/cudart_stub.cc:32] Could not find cuda drivers on your machine, GPU will not be used.",error,"{""level"":""error""}","{""project"":""0eed05d2-fde3-4cb9-bb42-53e21c4fbf35"",""environment"":""d0ddf1c2-b8e5-4716-a09d-aadeb1bbb3bd"",""service"":""e271ab98-84a6-487b-9560-2409f4cbfa58"",""deployment"":""ec83bef4-5c10-4db1-8206-eb2a4c5d343a"",""replica"":""eb52092d-25ab-4789-9909-4d692a6f304b""}",2026-05-28T14:36:59.182795329Z
2026-05-28 14:36:59.189585: E external/local_xla/xla/stream_executor/cuda/cuda_fft.cc:467] Unable to register cuFFT factory: Attempting to register factory for plugin cuFFT when one has already been registered,error,"{""level"":""error""}","{""project"":""0eed05d2-fde3-4cb9-bb42-53e21c4fbf35"",""environment"":""d0ddf1c2-b8e5-4716-a09d-aadeb1bbb3bd"",""service"":""e271ab98-84a6-487b-9560-2409f4cbfa58"",""deployment"":""ec83bef4-5c10-4db1-8206-eb2a4c5d343a"",""replica"":""eb52092d-25ab-4789-9909-4d692a6f304b""}",2026-05-28T14:36:59.191253267Z
WARNING: All log messages before absl::InitializeLog() is called are written to STDERR,error,"{""level"":""error""}","{""project"":""0eed05d2-fde3-4cb9-bb42-53e21c4fbf35"",""environment"":""d0ddf1c2-b8e5-4716-a09d-aadeb1bbb3bd"",""service"":""e271ab98-84a6-487b-9560-2409f4cbfa58"",""deployment"":""ec83bef4-5c10-4db1-8206-eb2a4c5d343a"",""replica"":""eb52092d-25ab-4789-9909-4d692a6f304b""}",2026-05-28T14:36:59.211852423Z
E0000 00:00:1779979019.205829       1 cuda_dnn.cc:8579] Unable to register cuDNN factory: Attempting to register factory for plugin cuDNN when one has already been registered,error,"{""level"":""error""}","{""project"":""0eed05d2-fde3-4cb9-bb42-53e21c4fbf35"",""environment"":""d0ddf1c2-b8e5-4716-a09d-aadeb1bbb3bd"",""service"":""e271ab98-84a6-487b-9560-2409f4cbfa58"",""deployment"":""ec83bef4-5c10-4db1-8206-eb2a4c5d343a"",""replica"":""eb52092d-25ab-4789-9909-4d692a6f304b""}",2026-05-28T14:36:59.211858345Z
E0000 00:00:1779979019.210765       1 cuda_blas.cc:1407] Unable to register cuBLAS factory: Attempting to register factory for plugin cuBLAS when one has already been registered,error,"{""level"":""error""}","{""project"":""0eed05d2-fde3-4cb9-bb42-53e21c4fbf35"",""environment"":""d0ddf1c2-b8e5-4716-a09d-aadeb1bbb3bd"",""service"":""e271ab98-84a6-487b-9560-2409f4cbfa58"",""deployment"":""ec83bef4-5c10-4db1-8206-eb2a4c5d343a"",""replica"":""eb52092d-25ab-4789-9909-4d692a6f304b""}",2026-05-28T14:36:59.211862704Z
W0000 00:00:1779979019.226254       1 computation_placer.cc:177] computation placer already registered. Please check linkage and avoid linking the same target more than once.,error,"{""level"":""error""}","{""project"":""0eed05d2-fde3-4cb9-bb42-53e21c4fbf35"",""environment"":""d0ddf1c2-b8e5-4716-a09d-aadeb1bbb3bd"",""service"":""e271ab98-84a6-487b-9560-2409f4cbfa58"",""deployment"":""ec83bef4-5c10-4db1-8206-eb2a4c5d343a"",""replica"":""eb52092d-25ab-4789-9909-4d692a6f304b""}",2026-05-28T14:36:59.229325945Z
W0000 00:00:1779979019.226274       1 computation_placer.cc:177] computation placer already registered. Please check linkage and avoid linking the same target more than once.,error,"{""level"":""error""}","{""project"":""0eed05d2-fde3-4cb9-bb42-53e21c4fbf35"",""environment"":""d0ddf1c2-b8e5-4716-a09d-aadeb1bbb3bd"",""service"":""e271ab98-84a6-487b-9560-2409f4cbfa58"",""deployment"":""ec83bef4-5c10-4db1-8206-eb2a4c5d343a"",""replica"":""eb52092d-25ab-4789-9909-4d692a6f304b""}",2026-05-28T14:36:59.229340771Z
W0000 00:00:1779979019.226275       1 computation_placer.cc:177] computation placer already registered. Please check linkage and avoid linking the same target more than once.,error,"{""level"":""error""}","{""project"":""0eed05d2-fde3-4cb9-bb42-53e21c4fbf35"",""environment"":""d0ddf1c2-b8e5-4716-a09d-aadeb1bbb3bd"",""service"":""e271ab98-84a6-487b-9560-2409f4cbfa58"",""deployment"":""ec83bef4-5c10-4db1-8206-eb2a4c5d343a"",""replica"":""eb52092d-25ab-4789-9909-4d692a6f304b""}",2026-05-28T14:36:59.229348438Z
W0000 00:00:1779979019.226276       1 computation_placer.cc:177] computation placer already registered. Please check linkage and avoid linking the same target more than once.,error,"{""level"":""error""}","{""project"":""0eed05d2-fde3-4cb9-bb42-53e21c4fbf35"",""environment"":""d0ddf1c2-b8e5-4716-a09d-aadeb1bbb3bd"",""service"":""e271ab98-84a6-487b-9560-2409f4cbfa58"",""deployment"":""ec83bef4-5c10-4db1-8206-eb2a4c5d343a"",""replica"":""eb52092d-25ab-4789-9909-4d692a6f304b""}",2026-05-28T14:36:59.229356700Z
2026-05-28 14:36:59.230626: I tensorflow/core/platform/cpu_feature_guard.cc:210] This TensorFlow binary is optimized to use available CPU instructions in performance-critical operations.,error,"{""level"":""error""}","{""project"":""0eed05d2-fde3-4cb9-bb42-53e21c4fbf35"",""environment"":""d0ddf1c2-b8e5-4716-a09d-aadeb1bbb3bd"",""service"":""e271ab98-84a6-487b-9560-2409f4cbfa58"",""deployment"":""ec83bef4-5c10-4db1-8206-eb2a4c5d343a"",""replica"":""eb52092d-25ab-4789-9909-4d692a6f304b""}",2026-05-28T14:36:59.235241725Z
"To enable the following instructions: AVX2 AVX512F AVX512_VNNI AVX512_BF16 AVX512_FP16 AVX_VNNI AMX_TILE AMX_INT8 AMX_BF16 FMA, in other operations, rebuild TensorFlow with the appropriate compiler flags.",error,"{""level"":""error""}","{""project"":""0eed05d2-fde3-4cb9-bb42-53e21c4fbf35"",""environment"":""d0ddf1c2-b8e5-4716-a09d-aadeb1bbb3bd"",""service"":""e271ab98-84a6-487b-9560-2409f4cbfa58"",""deployment"":""ec83bef4-5c10-4db1-8206-eb2a4c5d343a"",""replica"":""eb52092d-25ab-4789-9909-4d692a6f304b""}",2026-05-28T14:36:59.235248191Z
/app/api_server.py:6: FutureWarning: ,error,"{""level"":""error""}","{""project"":""0eed05d2-fde3-4cb9-bb42-53e21c4fbf35"",""environment"":""d0ddf1c2-b8e5-4716-a09d-aadeb1bbb3bd"",""service"":""e271ab98-84a6-487b-9560-2409f4cbfa58"",""deployment"":""ec83bef4-5c10-4db1-8206-eb2a4c5d343a"",""replica"":""eb52092d-25ab-4789-9909-4d692a6f304b""}",2026-05-28T14:37:02.599808522Z
,error,"{""level"":""error""}","{""project"":""0eed05d2-fde3-4cb9-bb42-53e21c4fbf35"",""environment"":""d0ddf1c2-b8e5-4716-a09d-aadeb1bbb3bd"",""service"":""e271ab98-84a6-487b-9560-2409f4cbfa58"",""deployment"":""ec83bef4-5c10-4db1-8206-eb2a4c5d343a"",""replica"":""eb52092d-25ab-4789-9909-4d692a6f304b""}",2026-05-28T14:37:02.599816702Z
https://github.com/google-gemini/deprecated-generative-ai-python/blob/main/README.md,error,"{""level"":""error""}","{""project"":""0eed05d2-fde3-4cb9-bb42-53e21c4fbf35"",""environment"":""d0ddf1c2-b8e5-4716-a09d-aadeb1bbb3bd"",""service"":""e271ab98-84a6-487b-9560-2409f4cbfa58"",""deployment"":""ec83bef4-5c10-4db1-8206-eb2a4c5d343a"",""replica"":""eb52092d-25ab-4789-9909-4d692a6f304b""}",2026-05-28T14:37:02.599825458Z
All support for the `google.generativeai` package has ended. It will no longer be receiving ,error,"{""level"":""error""}","{""project"":""0eed05d2-fde3-4cb9-bb42-53e21c4fbf35"",""environment"":""d0ddf1c2-b8e5-4716-a09d-aadeb1bbb3bd"",""service"":""e271ab98-84a6-487b-9560-2409f4cbfa58"",""deployment"":""ec83bef4-5c10-4db1-8206-eb2a4c5d343a"",""replica"":""eb52092d-25ab-4789-9909-4d692a6f304b""}",2026-05-28T14:37:02.599837524Z
,error,"{""level"":""error""}","{""project"":""0eed05d2-fde3-4cb9-bb42-53e21c4fbf35"",""environment"":""d0ddf1c2-b8e5-4716-a09d-aadeb1bbb3bd"",""service"":""e271ab98-84a6-487b-9560-2409f4cbfa58"",""deployment"":""ec83bef4-5c10-4db1-8206-eb2a4c5d343a"",""replica"":""eb52092d-25ab-4789-9909-4d692a6f304b""}",2026-05-28T14:37:02.599842152Z
  import google.generativeai as genai,error,"{""level"":""error""}","{""project"":""0eed05d2-fde3-4cb9-bb42-53e21c4fbf35"",""environment"":""d0ddf1c2-b8e5-4716-a09d-aadeb1bbb3bd"",""service"":""e271ab98-84a6-487b-9560-2409f4cbfa58"",""deployment"":""ec83bef4-5c10-4db1-8206-eb2a4c5d343a"",""replica"":""eb52092d-25ab-4789-9909-4d692a6f304b""}",2026-05-28T14:37:02.599851760Z
updates or bug fixes. Please switch to the `google.genai` package as soon as possible.,error,"{""level"":""error""}","{""project"":""0eed05d2-fde3-4cb9-bb42-53e21c4fbf35"",""environment"":""d0ddf1c2-b8e5-4716-a09d-aadeb1bbb3bd"",""service"":""e271ab98-84a6-487b-9560-2409f4cbfa58"",""deployment"":""ec83bef4-5c10-4db1-8206-eb2a4c5d343a"",""replica"":""eb52092d-25ab-4789-9909-4d692a6f304b""}",2026-05-28T14:37:02.599856554Z
See README for more details:,error,"{""level"":""error""}","{""project"":""0eed05d2-fde3-4cb9-bb42-53e21c4fbf35"",""environment"":""d0ddf1c2-b8e5-4716-a09d-aadeb1bbb3bd"",""service"":""e271ab98-84a6-487b-9560-2409f4cbfa58"",""deployment"":""ec83bef4-5c10-4db1-8206-eb2a4c5d343a"",""replica"":""eb52092d-25ab-4789-9909-4d692a6f304b""}",2026-05-28T14:37:02.599864669Z
,error,"{""level"":""error""}","{""project"":""0eed05d2-fde3-4cb9-bb42-53e21c4fbf35"",""environment"":""d0ddf1c2-b8e5-4716-a09d-aadeb1bbb3bd"",""service"":""e271ab98-84a6-487b-9560-2409f4cbfa58"",""deployment"":""ec83bef4-5c10-4db1-8206-eb2a4c5d343a"",""replica"":""eb52092d-25ab-4789-9909-4d692a6f304b""}",2026-05-28T14:37:02.599871522Z
Traceback (most recent call last):,error,"{""level"":""error""}","{""project"":""0eed05d2-fde3-4cb9-bb42-53e21c4fbf35"",""environment"":""d0ddf1c2-b8e5-4716-a09d-aadeb1bbb3bd"",""service"":""e271ab98-84a6-487b-9560-2409f4cbfa58"",""deployment"":""ec83bef4-5c10-4db1-8206-eb2a4c5d343a"",""replica"":""eb52092d-25ab-4789-9909-4d692a6f304b""}",2026-05-28T14:37:03.896963870Z
"  File ""/app/api_server.py"", line 19, in <module>",error,"{""level"":""error""}","{""project"":""0eed05d2-fde3-4cb9-bb42-53e21c4fbf35"",""environment"":""d0ddf1c2-b8e5-4716-a09d-aadeb1bbb3bd"",""service"":""e271ab98-84a6-487b-9560-2409f4cbfa58"",""deployment"":""ec83bef4-5c10-4db1-8206-eb2a4c5d343a"",""replica"":""eb52092d-25ab-4789-9909-4d692a6f304b""}",2026-05-28T14:37:03.896970567Z
"    from google_ai_client import get_inference_components, vertex_predict",error,"{""level"":""error""}","{""project"":""0eed05d2-fde3-4cb9-bb42-53e21c4fbf35"",""environment"":""d0ddf1c2-b8e5-4716-a09d-aadeb1bbb3bd"",""service"":""e271ab98-84a6-487b-9560-2409f4cbfa58"",""deployment"":""ec83bef4-5c10-4db1-8206-eb2a4c5d343a"",""replica"":""eb52092d-25ab-4789-9909-4d692a6f304b""}",2026-05-28T14:37:03.896976514Z
ImportError: cannot import name 'get_inference_components' from 'google_ai_client' (/app/google_ai_client.py),error,"{""level"":""error""}","{""project"":""0eed05d2-fde3-4cb9-bb42-53e21c4fbf35"",""environment"":""d0ddf1c2-b8e5-4716-a09d-aadeb1bbb3bd"",""service"":""e271ab98-84a6-487b-9560-2409f4cbfa58"",""deployment"":""ec83bef4-5c10-4db1-8206-eb2a4c5d343a"",""replica"":""eb52092d-25ab-4789-9909-4d692a6f304b""}",2026-05-28T14:37:03.896981708Z
"2026-05-28 14:37:06.246148: I tensorflow/core/util/port.cc:153] oneDNN custom operations are on. You may see slightly different numerical results due to floating-point round-off errors from different computation orders. To turn them off, set the environment variable `TF_ENABLE_ONEDNN_OPTS=0`.",error,"{""level"":""error""}","{""project"":""0eed05d2-fde3-4cb9-bb42-53e21c4fbf35"",""environment"":""d0ddf1c2-b8e5-4716-a09d-aadeb1bbb3bd"",""service"":""e271ab98-84a6-487b-9560-2409f4cbfa58"",""deployment"":""ec83bef4-5c10-4db1-8206-eb2a4c5d343a"",""replica"":""eb52092d-25ab-4789-9909-4d692a6f304b""}",2026-05-28T14:37:06.255272536Z
"2026-05-28 14:37:06.247266: I external/local_xla/xla/tsl/cuda/cudart_stub.cc:32] Could not find cuda drivers on your machine, GPU will not be used.",error,"{""level"":""error""}","{""project"":""0eed05d2-fde3-4cb9-bb42-53e21c4fbf35"",""environment"":""d0ddf1c2-b8e5-4716-a09d-aadeb1bbb3bd"",""service"":""e271ab98-84a6-487b-9560-2409f4cbfa58"",""deployment"":""ec83bef4-5c10-4db1-8206-eb2a4c5d343a"",""replica"":""eb52092d-25ab-4789-9909-4d692a6f304b""}",2026-05-28T14:37:06.255276958Z
"2026-05-28 14:37:06.250707: I external/local_xla/xla/tsl/cuda/cudart_stub.cc:32] Could not find cuda drivers on your machine, GPU will not be used.",error,"{""level"":""error""}","{""project"":""0eed05d2-fde3-4cb9-bb42-53e21c4fbf35"",""environment"":""d0ddf1c2-b8e5-4716-a09d-aadeb1bbb3bd"",""service"":""e271ab98-84a6-487b-9560-2409f4cbfa58"",""deployment"":""ec83bef4-5c10-4db1-8206-eb2a4c5d343a"",""replica"":""eb52092d-25ab-4789-9909-4d692a6f304b""}",2026-05-28T14:37:06.255283757Z
2026-05-28 14:37:06.259514: E external/local_xla/xla/stream_executor/cuda/cuda_fft.cc:467] Unable to register cuFFT factory: Attempting to register factory for plugin cuFFT when one has already been registered,error,"{""level"":""error""}","{""project"":""0eed05d2-fde3-4cb9-bb42-53e21c4fbf35"",""environment"":""d0ddf1c2-b8e5-4716-a09d-aadeb1bbb3bd"",""service"":""e271ab98-84a6-487b-9560-2409f4cbfa58"",""deployment"":""ec83bef4-5c10-4db1-8206-eb2a4c5d343a"",""replica"":""eb52092d-25ab-4789-9909-4d692a6f304b""}",2026-05-28T14:37:06.260935684Z
WARNING: All log messages before absl::InitializeLog() is called are written to STDERR,error,"{""level"":""error""}","{""project"":""0eed05d2-fde3-4cb9-bb42-53e21c4fbf35"",""environment"":""d0ddf1c2-b8e5-4716-a09d-aadeb1bbb3bd"",""service"":""e271ab98-84a6-487b-9560-2409f4cbfa58"",""deployment"":""ec83bef4-5c10-4db1-8206-eb2a4c5d343a"",""replica"":""eb52092d-25ab-4789-9909-4d692a6f304b""}",2026-05-28T14:37:06.284622787Z
E0000 00:00:1779979026.275701       1 cuda_dnn.cc:8579] Unable to register cuDNN factory: Attempting to register factory for plugin cuDNN when one has already been registered,error,"{""level"":""error""}","{""project"":""0eed05d2-fde3-4cb9-bb42-53e21c4fbf35"",""environment"":""d0ddf1c2-b8e5-4716-a09d-aadeb1bbb3bd"",""service"":""e271ab98-84a6-487b-9560-2409f4cbfa58"",""deployment"":""ec83bef4-5c10-4db1-8206-eb2a4c5d343a"",""replica"":""eb52092d-25ab-4789-9909-4d692a6f304b""}",2026-05-28T14:37:06.284628028Z
E0000 00:00:1779979026.279942       1 cuda_blas.cc:1407] Unable to register cuBLAS factory: Attempting to register factory for plugin cuBLAS when one has already been registered,error,"{""level"":""error""}","{""project"":""0eed05d2-fde3-4cb9-bb42-53e21c4fbf35"",""environment"":""d0ddf1c2-b8e5-4716-a09d-aadeb1bbb3bd"",""service"":""e271ab98-84a6-487b-9560-2409f4cbfa58"",""deployment"":""ec83bef4-5c10-4db1-8206-eb2a4c5d343a"",""replica"":""eb52092d-25ab-4789-9909-4d692a6f304b""}",2026-05-28T14:37:06.284633853Z
W0000 00:00:1779979026.292852       1 computation_placer.cc:177] computation placer already registered. Please check linkage and avoid linking the same target more than once.,error,"{""level"":""error""}","{""project"":""0eed05d2-fde3-4cb9-bb42-53e21c4fbf35"",""environment"":""d0ddf1c2-b8e5-4716-a09d-aadeb1bbb3bd"",""service"":""e271ab98-84a6-487b-9560-2409f4cbfa58"",""deployment"":""ec83bef4-5c10-4db1-8206-eb2a4c5d343a"",""replica"":""eb52092d-25ab-4789-9909-4d692a6f304b""}",2026-05-28T14:37:06.295989489Z
W0000 00:00:1779979026.292870       1 computation_placer.cc:177] computation placer already registered. Please check linkage and avoid linking the same target more than once.,error,"{""level"":""error""}","{""project"":""0eed05d2-fde3-4cb9-bb42-53e21c4fbf35"",""environment"":""d0ddf1c2-b8e5-4716-a09d-aadeb1bbb3bd"",""service"":""e271ab98-84a6-487b-9560-2409f4cbfa58"",""deployment"":""ec83bef4-5c10-4db1-8206-eb2a4c5d343a"",""replica"":""eb52092d-25ab-4789-9909-4d692a6f304b""}",2026-05-28T14:37:06.295994529Z
W0000 00:00:1779979026.292872       1 computation_placer.cc:177] computation placer already registered. Please check linkage and avoid linking the same target more than once.,error,"{""level"":""error""}","{""project"":""0eed05d2-fde3-4cb9-bb42-53e21c4fbf35"",""environment"":""d0ddf1c2-b8e5-4716-a09d-aadeb1bbb3bd"",""service"":""e271ab98-84a6-487b-9560-2409f4cbfa58"",""deployment"":""ec83bef4-5c10-4db1-8206-eb2a4c5d343a"",""replica"":""eb52092d-25ab-4789-9909-4d692a6f304b""}",2026-05-28T14:37:06.295999764Z
W0000 00:00:1779979026.292873       1 computation_placer.cc:177] computation placer already registered. Please check linkage and avoid linking the same target more than once.,error,"{""level"":""error""}","{""project"":""0eed05d2-fde3-4cb9-bb42-53e21c4fbf35"",""environment"":""d0ddf1c2-b8e5-4716-a09d-aadeb1bbb3bd"",""service"":""e271ab98-84a6-487b-9560-2409f4cbfa58"",""deployment"":""ec83bef4-5c10-4db1-8206-eb2a4c5d343a"",""replica"":""eb52092d-25ab-4789-9909-4d692a6f304b""}",2026-05-28T14:37:06.296004524Z
2026-05-28 14:37:06.296871: I tensorflow/core/platform/cpu_feature_guard.cc:210] This TensorFlow binary is optimized to use available CPU instructions in performance-critical operations.,error,"{""level"":""error""}","{""project"":""0eed05d2-fde3-4cb9-bb42-53e21c4fbf35"",""environment"":""d0ddf1c2-b8e5-4716-a09d-aadeb1bbb3bd"",""service"":""e271ab98-84a6-487b-9560-2409f4cbfa58"",""deployment"":""ec83bef4-5c10-4db1-8206-eb2a4c5d343a"",""replica"":""eb52092d-25ab-4789-9909-4d692a6f304b""}",2026-05-28T14:37:06.301873943Z
"To enable the following instructions: AVX2 AVX512F AVX512_VNNI AVX512_BF16 AVX512_FP16 AVX_VNNI AMX_TILE AMX_INT8 AMX_BF16 FMA, in other operations, rebuild TensorFlow with the appropriate compiler flags.",error,"{""level"":""error""}","{""project"":""0eed05d2-fde3-4cb9-bb42-53e21c4fbf35"",""environment"":""d0ddf1c2-b8e5-4716-a09d-aadeb1bbb3bd"",""service"":""e271ab98-84a6-487b-9560-2409f4cbfa58"",""deployment"":""ec83bef4-5c10-4db1-8206-eb2a4c5d343a"",""replica"":""eb52092d-25ab-4789-9909-4d692a6f304b""}",2026-05-28T14:37:06.301881710Z
/app/api_server.py:6: FutureWarning: ,error,"{""level"":""error""}","{""project"":""0eed05d2-fde3-4cb9-bb42-53e21c4fbf35"",""environment"":""d0ddf1c2-b8e5-4716-a09d-aadeb1bbb3bd"",""service"":""e271ab98-84a6-487b-9560-2409f4cbfa58"",""deployment"":""ec83bef4-5c10-4db1-8206-eb2a4c5d343a"",""replica"":""eb52092d-25ab-4789-9909-4d692a6f304b""}",2026-05-28T14:37:09.638962226Z
,error,"{""level"":""error""}","{""project"":""0eed05d2-fde3-4cb9-bb42-53e21c4fbf35"",""environment"":""d0ddf1c2-b8e5-4716-a09d-aadeb1bbb3bd"",""service"":""e271ab98-84a6-487b-9560-2409f4cbfa58"",""deployment"":""ec83bef4-5c10-4db1-8206-eb2a4c5d343a"",""replica"":""eb52092d-25ab-4789-9909-4d692a6f304b""}",2026-05-28T14:37:09.638971295Z
All support for the `google.generativeai` package has ended. It will no longer be receiving ,error,"{""level"":""error""}","{""project"":""0eed05d2-fde3-4cb9-bb42-53e21c4fbf35"",""environment"":""d0ddf1c2-b8e5-4716-a09d-aadeb1bbb3bd"",""service"":""e271ab98-84a6-487b-9560-2409f4cbfa58"",""deployment"":""ec83bef4-5c10-4db1-8206-eb2a4c5d343a"",""replica"":""eb52092d-25ab-4789-9909-4d692a6f304b""}",2026-05-28T14:37:09.638980883Z
updates or bug fixes. Please switch to the `google.genai` package as soon as possible.,error,"{""level"":""error""}","{""project"":""0eed05d2-fde3-4cb9-bb42-53e21c4fbf35"",""environment"":""d0ddf1c2-b8e5-4716-a09d-aadeb1bbb3bd"",""service"":""e271ab98-84a6-487b-9560-2409f4cbfa58"",""deployment"":""ec83bef4-5c10-4db1-8206-eb2a4c5d343a"",""replica"":""eb52092d-25ab-4789-9909-4d692a6f304b""}",2026-05-28T14:37:09.638988046Z
See README for more details:,error,"{""level"":""error""}","{""project"":""0eed05d2-fde3-4cb9-bb42-53e21c4fbf35"",""environment"":""d0ddf1c2-b8e5-4716-a09d-aadeb1bbb3bd"",""service"":""e271ab98-84a6-487b-9560-2409f4cbfa58"",""deployment"":""ec83bef4-5c10-4db1-8206-eb2a4c5d343a"",""replica"":""eb52092d-25ab-4789-9909-4d692a6f304b""}",2026-05-28T14:37:09.638995488Z
,error,"{""level"":""error""}","{""project"":""0eed05d2-fde3-4cb9-bb42-53e21c4fbf35"",""environment"":""d0ddf1c2-b8e5-4716-a09d-aadeb1bbb3bd"",""service"":""e271ab98-84a6-487b-9560-2409f4cbfa58"",""deployment"":""ec83bef4-5c10-4db1-8206-eb2a4c5d343a"",""replica"":""eb52092d-25ab-4789-9909-4d692a6f304b""}",2026-05-28T14:37:09.639004147Z
https://github.com/google-gemini/deprecated-generative-ai-python/blob/main/README.md,error,"{""level"":""error""}","{""project"":""0eed05d2-fde3-4cb9-bb42-53e21c4fbf35"",""environment"":""d0ddf1c2-b8e5-4716-a09d-aadeb1bbb3bd"",""service"":""e271ab98-84a6-487b-9560-2409f4cbfa58"",""deployment"":""ec83bef4-5c10-4db1-8206-eb2a4c5d343a"",""replica"":""eb52092d-25ab-4789-9909-4d692a6f304b""}",2026-05-28T14:37:09.639010707Z
,error,"{""level"":""error""}","{""project"":""0eed05d2-fde3-4cb9-bb42-53e21c4fbf35"",""environment"":""d0ddf1c2-b8e5-4716-a09d-aadeb1bbb3bd"",""service"":""e271ab98-84a6-487b-9560-2409f4cbfa58"",""deployment"":""ec83bef4-5c10-4db1-8206-eb2a4c5d343a"",""replica"":""eb52092d-25ab-4789-9909-4d692a6f304b""}",2026-05-28T14:37:09.639018000Z
  import google.generativeai as genai,error,"{""level"":""error""}","{""project"":""0eed05d2-fde3-4cb9-bb42-53e21c4fbf35"",""environment"":""d0ddf1c2-b8e5-4716-a09d-aadeb1bbb3bd"",""service"":""e271ab98-84a6-487b-9560-2409f4cbfa58"",""deployment"":""ec83bef4-5c10-4db1-8206-eb2a4c5d343a"",""replica"":""eb52092d-25ab-4789-9909-4d692a6f304b""}",2026-05-28T14:37:09.639025024Z
Traceback (most recent call last):,error,"{""level"":""error""}","{""project"":""0eed05d2-fde3-4cb9-bb42-53e21c4fbf35"",""environment"":""d0ddf1c2-b8e5-4716-a09d-aadeb1bbb3bd"",""service"":""e271ab98-84a6-487b-9560-2409f4cbfa58"",""deployment"":""ec83bef4-5c10-4db1-8206-eb2a4c5d343a"",""replica"":""eb52092d-25ab-4789-9909-4d692a6f304b""}",2026-05-28T14:37:10.947319997Z
"  File ""/app/api_server.py"", line 19, in <module>",error,"{""level"":""error""}","{""project"":""0eed05d2-fde3-4cb9-bb42-53e21c4fbf35"",""environment"":""d0ddf1c2-b8e5-4716-a09d-aadeb1bbb3bd"",""service"":""e271ab98-84a6-487b-9560-2409f4cbfa58"",""deployment"":""ec83bef4-5c10-4db1-8206-eb2a4c5d343a"",""replica"":""eb52092d-25ab-4789-9909-4d692a6f304b""}",2026-05-28T14:37:10.947324670Z
"    from google_ai_client import get_inference_components, vertex_predict",error,"{""level"":""error""}","{""project"":""0eed05d2-fde3-4cb9-bb42-53e21c4fbf35"",""environment"":""d0ddf1c2-b8e5-4716-a09d-aadeb1bbb3bd"",""service"":""e271ab98-84a6-487b-9560-2409f4cbfa58"",""deployment"":""ec83bef4-5c10-4db1-8206-eb2a4c5d343a"",""replica"":""eb52092d-25ab-4789-9909-4d692a6f304b""}",2026-05-28T14:37:10.947328913Z
ImportError: cannot import name 'get_inference_components' from 'google_ai_client' (/app/google_ai_client.py),error,"{""level"":""error""}","{""project"":""0eed05d2-fde3-4cb9-bb42-53e21c4fbf35"",""environment"":""d0ddf1c2-b8e5-4716-a09d-aadeb1bbb3bd"",""service"":""e271ab98-84a6-487b-9560-2409f4cbfa58"",""deployment"":""ec83bef4-5c10-4db1-8206-eb2a4c5d343a"",""replica"":""eb52092d-25ab-4789-9909-4d692a6f304b""}",2026-05-28T14:37:10.947333165Z
"2026-05-28 14:37:13.348568: I tensorflow/core/util/port.cc:153] oneDNN custom operations are on. You may see slightly different numerical results due to floating-point round-off errors from different computation orders. To turn them off, set the environment variable `TF_ENABLE_ONEDNN_OPTS=0`.",error,"{""level"":""error""}","{""project"":""0eed05d2-fde3-4cb9-bb42-53e21c4fbf35"",""environment"":""d0ddf1c2-b8e5-4716-a09d-aadeb1bbb3bd"",""service"":""e271ab98-84a6-487b-9560-2409f4cbfa58"",""deployment"":""ec83bef4-5c10-4db1-8206-eb2a4c5d343a"",""replica"":""eb52092d-25ab-4789-9909-4d692a6f304b""}",2026-05-28T14:37:13.356828615Z
"2026-05-28 14:37:13.350018: I external/local_xla/xla/tsl/cuda/cudart_stub.cc:32] Could not find cuda drivers on your machine, GPU will not be used.",error,"{""level"":""error""}","{""project"":""0eed05d2-fde3-4cb9-bb42-53e21c4fbf35"",""environment"":""d0ddf1c2-b8e5-4716-a09d-aadeb1bbb3bd"",""service"":""e271ab98-84a6-487b-9560-2409f4cbfa58"",""deployment"":""ec83bef4-5c10-4db1-8206-eb2a4c5d343a"",""replica"":""eb52092d-25ab-4789-9909-4d692a6f304b""}",2026-05-28T14:37:13.356837407Z
"2026-05-28 14:37:13.354225: I external/local_xla/xla/tsl/cuda/cudart_stub.cc:32] Could not find cuda drivers on your machine, GPU will not be used.",error,"{""level"":""error""}","{""project"":""0eed05d2-fde3-4cb9-bb42-53e21c4fbf35"",""environment"":""d0ddf1c2-b8e5-4716-a09d-aadeb1bbb3bd"",""service"":""e271ab98-84a6-487b-9560-2409f4cbfa58"",""deployment"":""ec83bef4-5c10-4db1-8206-eb2a4c5d343a"",""replica"":""eb52092d-25ab-4789-9909-4d692a6f304b""}",2026-05-28T14:37:13.356843575Z
2026-05-28 14:37:13.363752: E external/local_xla/xla/stream_executor/cuda/cuda_fft.cc:467] Unable to register cuFFT factory: Attempting to register factory for plugin cuFFT when one has already been registered,error,"{""level"":""error""}","{""project"":""0eed05d2-fde3-4cb9-bb42-53e21c4fbf35"",""environment"":""d0ddf1c2-b8e5-4716-a09d-aadeb1bbb3bd"",""service"":""e271ab98-84a6-487b-9560-2409f4cbfa58"",""deployment"":""ec83bef4-5c10-4db1-8206-eb2a4c5d343a"",""replica"":""eb52092d-25ab-4789-9909-4d692a6f304b""}",2026-05-28T14:37:13.365072795Z
WARNING: All log messages before absl::InitializeLog() is called are written to STDERR,error,"{""level"":""error""}","{""project"":""0eed05d2-fde3-4cb9-bb42-53e21c4fbf35"",""environment"":""d0ddf1c2-b8e5-4716-a09d-aadeb1bbb3bd"",""service"":""e271ab98-84a6-487b-9560-2409f4cbfa58"",""deployment"":""ec83bef4-5c10-4db1-8206-eb2a4c5d343a"",""replica"":""eb52092d-25ab-4789-9909-4d692a6f304b""}",2026-05-28T14:37:13.382570444Z
E0000 00:00:1779979033.381237       1 cuda_dnn.cc:8579] Unable to register cuDNN factory: Attempting to register factory for plugin cuDNN when one has already been registered,error,"{""level"":""error""}","{""project"":""0eed05d2-fde3-4cb9-bb42-53e21c4fbf35"",""environment"":""d0ddf1c2-b8e5-4716-a09d-aadeb1bbb3bd"",""service"":""e271ab98-84a6-487b-9560-2409f4cbfa58"",""deployment"":""ec83bef4-5c10-4db1-8206-eb2a4c5d343a"",""replica"":""eb52092d-25ab-4789-9909-4d692a6f304b""}",2026-05-28T14:37:13.382577005Z
E0000 00:00:1779979033.385841       1 cuda_blas.cc:1407] Unable to register cuBLAS factory: Attempting to register factory for plugin cuBLAS when one has already been registered,error,"{""level"":""error""}","{""project"":""0eed05d2-fde3-4cb9-bb42-53e21c4fbf35"",""environment"":""d0ddf1c2-b8e5-4716-a09d-aadeb1bbb3bd"",""service"":""e271ab98-84a6-487b-9560-2409f4cbfa58"",""deployment"":""ec83bef4-5c10-4db1-8206-eb2a4c5d343a"",""replica"":""eb52092d-25ab-4789-9909-4d692a6f304b""}",2026-05-28T14:37:13.388420477Z
W0000 00:00:1779979033.398896       1 computation_placer.cc:177] computation placer already registered. Please check linkage and avoid linking the same target more than once.,error,"{""level"":""error""}","{""project"":""0eed05d2-fde3-4cb9-bb42-53e21c4fbf35"",""environment"":""d0ddf1c2-b8e5-4716-a09d-aadeb1bbb3bd"",""service"":""e271ab98-84a6-487b-9560-2409f4cbfa58"",""deployment"":""ec83bef4-5c10-4db1-8206-eb2a4c5d343a"",""replica"":""eb52092d-25ab-4789-9909-4d692a6f304b""}",2026-05-28T14:37:13.400414584Z
W0000 00:00:1779979033.398915       1 computation_placer.cc:177] computation placer already registered. Please check linkage and avoid linking the same target more than once.,error,"{""level"":""error""}","{""project"":""0eed05d2-fde3-4cb9-bb42-53e21c4fbf35"",""environment"":""d0ddf1c2-b8e5-4716-a09d-aadeb1bbb3bd"",""service"":""e271ab98-84a6-487b-9560-2409f4cbfa58"",""deployment"":""ec83bef4-5c10-4db1-8206-eb2a4c5d343a"",""replica"":""eb52092d-25ab-4789-9909-4d692a6f304b""}",2026-05-28T14:37:13.400420776Z
W0000 00:00:1779979033.398917       1 computation_placer.cc:177] computation placer already registered. Please check linkage and avoid linking the same target more than once.,error,"{""level"":""error""}","{""project"":""0eed05d2-fde3-4cb9-bb42-53e21c4fbf35"",""environment"":""d0ddf1c2-b8e5-4716-a09d-aadeb1bbb3bd"",""service"":""e271ab98-84a6-487b-9560-2409f4cbfa58"",""deployment"":""ec83bef4-5c10-4db1-8206-eb2a4c5d343a"",""replica"":""eb52092d-25ab-4789-9909-4d692a6f304b""}",2026-05-28T14:37:13.400425603Z
W0000 00:00:1779979033.398918       1 computation_placer.cc:177] computation placer already registered. Please check linkage and avoid linking the same target more than once.,error,"{""level"":""error""}","{""project"":""0eed05d2-fde3-4cb9-bb42-53e21c4fbf35"",""environment"":""d0ddf1c2-b8e5-4716-a09d-aadeb1bbb3bd"",""service"":""e271ab98-84a6-487b-9560-2409f4cbfa58"",""deployment"":""ec83bef4-5c10-4db1-8206-eb2a4c5d343a"",""replica"":""eb52092d-25ab-4789-9909-4d692a6f304b""}",2026-05-28T14:37:13.400429436Z
2026-05-28 14:37:13.402765: I tensorflow/core/platform/cpu_feature_guard.cc:210] This TensorFlow binary is optimized to use available CPU instructions in performance-critical operations.,error,"{""level"":""error""}","{""project"":""0eed05d2-fde3-4cb9-bb42-53e21c4fbf35"",""environment"":""d0ddf1c2-b8e5-4716-a09d-aadeb1bbb3bd"",""service"":""e271ab98-84a6-487b-9560-2409f4cbfa58"",""deployment"":""ec83bef4-5c10-4db1-8206-eb2a4c5d343a"",""replica"":""eb52092d-25ab-4789-9909-4d692a6f304b""}",2026-05-28T14:37:13.405923109Z
"To enable the following instructions: AVX2 AVX512F AVX512_VNNI AVX512_BF16 AVX512_FP16 AVX_VNNI AMX_TILE AMX_INT8 AMX_BF16 FMA, in other operations, rebuild TensorFlow with the appropriate compiler flags.",error,"{""level"":""error""}","{""project"":""0eed05d2-fde3-4cb9-bb42-53e21c4fbf35"",""environment"":""d0ddf1c2-b8e5-4716-a09d-aadeb1bbb3bd"",""service"":""e271ab98-84a6-487b-9560-2409f4cbfa58"",""deployment"":""ec83bef4-5c10-4db1-8206-eb2a4c5d343a"",""replica"":""eb52092d-25ab-4789-9909-4d692a6f304b""}",2026-05-28T14:37:13.405931148Z
See README for more details:,error,"{""level"":""error""}","{""project"":""0eed05d2-fde3-4cb9-bb42-53e21c4fbf35"",""environment"":""d0ddf1c2-b8e5-4716-a09d-aadeb1bbb3bd"",""service"":""e271ab98-84a6-487b-9560-2409f4cbfa58"",""deployment"":""ec83bef4-5c10-4db1-8206-eb2a4c5d343a"",""replica"":""eb52092d-25ab-4789-9909-4d692a6f304b""}",2026-05-28T14:37:16.673096997Z
,error,"{""level"":""error""}","{""project"":""0eed05d2-fde3-4cb9-bb42-53e21c4fbf35"",""environment"":""d0ddf1c2-b8e5-4716-a09d-aadeb1bbb3bd"",""service"":""e271ab98-84a6-487b-9560-2409f4cbfa58"",""deployment"":""ec83bef4-5c10-4db1-8206-eb2a4c5d343a"",""replica"":""eb52092d-25ab-4789-9909-4d692a6f304b""}",2026-05-28T14:37:16.673109919Z
/app/api_server.py:6: FutureWarning: ,error,"{""level"":""error""}","{""project"":""0eed05d2-fde3-4cb9-bb42-53e21c4fbf35"",""environment"":""d0ddf1c2-b8e5-4716-a09d-aadeb1bbb3bd"",""service"":""e271ab98-84a6-487b-9560-2409f4cbfa58"",""deployment"":""ec83bef4-5c10-4db1-8206-eb2a4c5d343a"",""replica"":""eb52092d-25ab-4789-9909-4d692a6f304b""}",2026-05-28T14:37:16.673109962Z
,error,"{""level"":""error""}","{""project"":""0eed05d2-fde3-4cb9-bb42-53e21c4fbf35"",""environment"":""d0ddf1c2-b8e5-4716-a09d-aadeb1bbb3bd"",""service"":""e271ab98-84a6-487b-9560-2409f4cbfa58"",""deployment"":""ec83bef4-5c10-4db1-8206-eb2a4c5d343a"",""replica"":""eb52092d-25ab-4789-9909-4d692a6f304b""}",2026-05-28T14:37:16.673118310Z
https://github.com/google-gemini/deprecated-generative-ai-python/blob/main/README.md,error,"{""level"":""error""}","{""project"":""0eed05d2-fde3-4cb9-bb42-53e21c4fbf35"",""environment"":""d0ddf1c2-b8e5-4716-a09d-aadeb1bbb3bd"",""service"":""e271ab98-84a6-487b-9560-2409f4cbfa58"",""deployment"":""ec83bef4-5c10-4db1-8206-eb2a4c5d343a"",""replica"":""eb52092d-25ab-4789-9909-4d692a6f304b""}",2026-05-28T14:37:16.673120977Z
All support for the `google.generativeai` package has ended. It will no longer be receiving ,error,"{""level"":""error""}","{""project"":""0eed05d2-fde3-4cb9-bb42-53e21c4fbf35"",""environment"":""d0ddf1c2-b8e5-4716-a09d-aadeb1bbb3bd"",""service"":""e271ab98-84a6-487b-9560-2409f4cbfa58"",""deployment"":""ec83bef4-5c10-4db1-8206-eb2a4c5d343a"",""replica"":""eb52092d-25ab-4789-9909-4d692a6f304b""}",2026-05-28T14:37:16.673124370Z
,error,"{""level"":""error""}","{""project"":""0eed05d2-fde3-4cb9-bb42-53e21c4fbf35"",""environment"":""d0ddf1c2-b8e5-4716-a09d-aadeb1bbb3bd"",""service"":""e271ab98-84a6-487b-9560-2409f4cbfa58"",""deployment"":""ec83bef4-5c10-4db1-8206-eb2a4c5d343a"",""replica"":""eb52092d-25ab-4789-9909-4d692a6f304b""}",2026-05-28T14:37:16.673131281Z
updates or bug fixes. Please switch to the `google.genai` package as soon as possible.,error,"{""level"":""error""}","{""project"":""0eed05d2-fde3-4cb9-bb42-53e21c4fbf35"",""environment"":""d0ddf1c2-b8e5-4716-a09d-aadeb1bbb3bd"",""service"":""e271ab98-84a6-487b-9560-2409f4cbfa58"",""deployment"":""ec83bef4-5c10-4db1-8206-eb2a4c5d343a"",""replica"":""eb52092d-25ab-4789-9909-4d692a6f304b""}",2026-05-28T14:37:16.673131332Z
  import google.generativeai as genai,error,"{""level"":""error""}","{""project"":""0eed05d2-fde3-4cb9-bb42-53e21c4fbf35"",""environment"":""d0ddf1c2-b8e5-4716-a09d-aadeb1bbb3bd"",""service"":""e271ab98-84a6-487b-9560-2409f4cbfa58"",""deployment"":""ec83bef4-5c10-4db1-8206-eb2a4c5d343a"",""replica"":""eb52092d-25ab-4789-9909-4d692a6f304b""}",2026-05-28T14:37:16.673139738Z
Traceback (most recent call last):,error,"{""level"":""error""}","{""project"":""0eed05d2-fde3-4cb9-bb42-53e21c4fbf35"",""environment"":""d0ddf1c2-b8e5-4716-a09d-aadeb1bbb3bd"",""service"":""e271ab98-84a6-487b-9560-2409f4cbfa58"",""deployment"":""ec83bef4-5c10-4db1-8206-eb2a4c5d343a"",""replica"":""eb52092d-25ab-4789-9909-4d692a6f304b""}",2026-05-28T14:37:18.001687481Z
"  File ""/app/api_server.py"", line 19, in <module>",error,"{""level"":""error""}","{""project"":""0eed05d2-fde3-4cb9-bb42-53e21c4fbf35"",""environment"":""d0ddf1c2-b8e5-4716-a09d-aadeb1bbb3bd"",""service"":""e271ab98-84a6-487b-9560-2409f4cbfa58"",""deployment"":""ec83bef4-5c10-4db1-8206-eb2a4c5d343a"",""replica"":""eb52092d-25ab-4789-9909-4d692a6f304b""}",2026-05-28T14:37:18.001696378Z
"    from google_ai_client import get_inference_components, vertex_predict",error,"{""level"":""error""}","{""project"":""0eed05d2-fde3-4cb9-bb42-53e21c4fbf35"",""environment"":""d0ddf1c2-b8e5-4716-a09d-aadeb1bbb3bd"",""service"":""e271ab98-84a6-487b-9560-2409f4cbfa58"",""deployment"":""ec83bef4-5c10-4db1-8206-eb2a4c5d343a"",""replica"":""eb52092d-25ab-4789-9909-4d692a6f304b""}",2026-05-28T14:37:18.001703755Z
ImportError: cannot import name 'get_inference_components' from 'google_ai_client' (/app/google_ai_client.py),error,"{""level"":""error""}","{""project"":""0eed05d2-fde3-4cb9-bb42-53e21c4fbf35"",""environment"":""d0ddf1c2-b8e5-4716-a09d-aadeb1bbb3bd"",""service"":""e271ab98-84a6-487b-9560-2409f4cbfa58"",""deployment"":""ec83bef4-5c10-4db1-8206-eb2a4c5d343a"",""replica"":""eb52092d-25ab-4789-9909-4d692a6f304b""}",2026-05-28T14:37:18.001712521Z
"2026-05-28 14:37:20.301206: I tensorflow/core/util/port.cc:153] oneDNN custom operations are on. You may see slightly different numerical results due to floating-point round-off errors from different computation orders. To turn them off, set the environment variable `TF_ENABLE_ONEDNN_OPTS=0`.",error,"{""level"":""error""}","{""project"":""0eed05d2-fde3-4cb9-bb42-53e21c4fbf35"",""environment"":""d0ddf1c2-b8e5-4716-a09d-aadeb1bbb3bd"",""service"":""e271ab98-84a6-487b-9560-2409f4cbfa58"",""deployment"":""ec83bef4-5c10-4db1-8206-eb2a4c5d343a"",""replica"":""eb52092d-25ab-4789-9909-4d692a6f304b""}",2026-05-28T14:37:20.302234014Z
"2026-05-28 14:37:20.302539: I external/local_xla/xla/tsl/cuda/cudart_stub.cc:32] Could not find cuda drivers on your machine, GPU will not be used.",error,"{""level"":""error""}","{""project"":""0eed05d2-fde3-4cb9-bb42-53e21c4fbf35"",""environment"":""d0ddf1c2-b8e5-4716-a09d-aadeb1bbb3bd"",""service"":""e271ab98-84a6-487b-9560-2409f4cbfa58"",""deployment"":""ec83bef4-5c10-4db1-8206-eb2a4c5d343a"",""replica"":""eb52092d-25ab-4789-9909-4d692a6f304b""}",2026-05-28T14:37:20.303087961Z
"2026-05-28 14:37:20.306429: I external/local_xla/xla/tsl/cuda/cudart_stub.cc:32] Could not find cuda drivers on your machine, GPU will not be used.",error,"{""level"":""error""}","{""project"":""0eed05d2-fde3-4cb9-bb42-53e21c4fbf35"",""environment"":""d0ddf1c2-b8e5-4716-a09d-aadeb1bbb3bd"",""service"":""e271ab98-84a6-487b-9560-2409f4cbfa58"",""deployment"":""ec83bef4-5c10-4db1-8206-eb2a4c5d343a"",""replica"":""eb52092d-25ab-4789-9909-4d692a6f304b""}",2026-05-28T14:37:20.308306320Z
2026-05-28 14:37:20.315872: E external/local_xla/xla/stream_executor/cuda/cuda_fft.cc:467] Unable to register cuFFT factory: Attempting to register factory for plugin cuFFT when one has already been registered,error,"{""level"":""error""}","{""project"":""0eed05d2-fde3-4cb9-bb42-53e21c4fbf35"",""environment"":""d0ddf1c2-b8e5-4716-a09d-aadeb1bbb3bd"",""service"":""e271ab98-84a6-487b-9560-2409f4cbfa58"",""deployment"":""ec83bef4-5c10-4db1-8206-eb2a4c5d343a"",""replica"":""eb52092d-25ab-4789-9909-4d692a6f304b""}",2026-05-28T14:37:20.318535249Z
WARNING: All log messages before absl::InitializeLog() is called are written to STDERR,error,"{""level"":""error""}","{""project"":""0eed05d2-fde3-4cb9-bb42-53e21c4fbf35"",""environment"":""d0ddf1c2-b8e5-4716-a09d-aadeb1bbb3bd"",""service"":""e271ab98-84a6-487b-9560-2409f4cbfa58"",""deployment"":""ec83bef4-5c10-4db1-8206-eb2a4c5d343a"",""replica"":""eb52092d-25ab-4789-9909-4d692a6f304b""}",2026-05-28T14:37:20.335481763Z
E0000 00:00:1779979040.332568       1 cuda_dnn.cc:8579] Unable to register cuDNN factory: Attempting to register factory for plugin cuDNN when one has already been registered,error,"{""level"":""error""}","{""project"":""0eed05d2-fde3-4cb9-bb42-53e21c4fbf35"",""environment"":""d0ddf1c2-b8e5-4716-a09d-aadeb1bbb3bd"",""service"":""e271ab98-84a6-487b-9560-2409f4cbfa58"",""deployment"":""ec83bef4-5c10-4db1-8206-eb2a4c5d343a"",""replica"":""eb52092d-25ab-4789-9909-4d692a6f304b""}",2026-05-28T14:37:20.335489992Z
E0000 00:00:1779979040.337102       1 cuda_blas.cc:1407] Unable to register cuBLAS factory: Attempting to register factory for plugin cuBLAS when one has already been registered,error,"{""level"":""error""}","{""project"":""0eed05d2-fde3-4cb9-bb42-53e21c4fbf35"",""environment"":""d0ddf1c2-b8e5-4716-a09d-aadeb1bbb3bd"",""service"":""e271ab98-84a6-487b-9560-2409f4cbfa58"",""deployment"":""ec83bef4-5c10-4db1-8206-eb2a4c5d343a"",""replica"":""eb52092d-25ab-4789-9909-4d692a6f304b""}",2026-05-28T14:37:20.340696019Z
W0000 00:00:1779979040.350386       1 computation_placer.cc:177] computation placer already registered. Please check linkage and avoid linking the same target more than once.,error,"{""level"":""error""}","{""project"":""0eed05d2-fde3-4cb9-bb42-53e21c4fbf35"",""environment"":""d0ddf1c2-b8e5-4716-a09d-aadeb1bbb3bd"",""service"":""e271ab98-84a6-487b-9560-2409f4cbfa58"",""deployment"":""ec83bef4-5c10-4db1-8206-eb2a4c5d343a"",""replica"":""eb52092d-25ab-4789-9909-4d692a6f304b""}",2026-05-28T14:37:20.352783494Z
W0000 00:00:1779979040.350388       1 computation_placer.cc:177] computation placer already registered. Please check linkage and avoid linking the same target more than once.,error,"{""level"":""error""}","{""project"":""0eed05d2-fde3-4cb9-bb42-53e21c4fbf35"",""environment"":""d0ddf1c2-b8e5-4716-a09d-aadeb1bbb3bd"",""service"":""e271ab98-84a6-487b-9560-2409f4cbfa58"",""deployment"":""ec83bef4-5c10-4db1-8206-eb2a4c5d343a"",""replica"":""eb52092d-25ab-4789-9909-4d692a6f304b""}",2026-05-28T14:37:20.352792099Z
W0000 00:00:1779979040.350389       1 computation_placer.cc:177] computation placer already registered. Please check linkage and avoid linking the same target more than once.,error,"{""level"":""error""}","{""project"":""0eed05d2-fde3-4cb9-bb42-53e21c4fbf35"",""environment"":""d0ddf1c2-b8e5-4716-a09d-aadeb1bbb3bd"",""service"":""e271ab98-84a6-487b-9560-2409f4cbfa58"",""deployment"":""ec83bef4-5c10-4db1-8206-eb2a4c5d343a"",""replica"":""eb52092d-25ab-4789-9909-4d692a6f304b""}",2026-05-28T14:37:20.352797640Z
W0000 00:00:1779979040.350369       1 computation_placer.cc:177] computation placer already registered. Please check linkage and avoid linking the same target more than once.,error,"{""level"":""error""}","{""project"":""0eed05d2-fde3-4cb9-bb42-53e21c4fbf35"",""environment"":""d0ddf1c2-b8e5-4716-a09d-aadeb1bbb3bd"",""service"":""e271ab98-84a6-487b-9560-2409f4cbfa58"",""deployment"":""ec83bef4-5c10-4db1-8206-eb2a4c5d343a"",""replica"":""eb52092d-25ab-4789-9909-4d692a6f304b""}",2026-05-28T14:37:20.352849647Z
2026-05-28 14:37:20.354491: I tensorflow/core/platform/cpu_feature_guard.cc:210] This TensorFlow binary is optimized to use available CPU instructions in performance-critical operations.,error,"{""level"":""error""}","{""project"":""0eed05d2-fde3-4cb9-bb42-53e21c4fbf35"",""environment"":""d0ddf1c2-b8e5-4716-a09d-aadeb1bbb3bd"",""service"":""e271ab98-84a6-487b-9560-2409f4cbfa58"",""deployment"":""ec83bef4-5c10-4db1-8206-eb2a4c5d343a"",""replica"":""eb52092d-25ab-4789-9909-4d692a6f304b""}",2026-05-28T14:37:20.359220538Z
"To enable the following instructions: AVX2 AVX512F AVX512_VNNI AVX512_BF16 AVX512_FP16 AVX_VNNI AMX_TILE AMX_INT8 AMX_BF16 FMA, in other operations, rebuild TensorFlow with the appropriate compiler flags.",error,"{""level"":""error""}","{""project"":""0eed05d2-fde3-4cb9-bb42-53e21c4fbf35"",""environment"":""d0ddf1c2-b8e5-4716-a09d-aadeb1bbb3bd"",""service"":""e271ab98-84a6-487b-9560-2409f4cbfa58"",""deployment"":""ec83bef4-5c10-4db1-8206-eb2a4c5d343a"",""replica"":""eb52092d-25ab-4789-9909-4d692a6f304b""}",2026-05-28T14:37:20.359226895Z
/app/api_server.py:6: FutureWarning: ,error,"{""level"":""error""}","{""project"":""0eed05d2-fde3-4cb9-bb42-53e21c4fbf35"",""environment"":""d0ddf1c2-b8e5-4716-a09d-aadeb1bbb3bd"",""service"":""e271ab98-84a6-487b-9560-2409f4cbfa58"",""deployment"":""ec83bef4-5c10-4db1-8206-eb2a4c5d343a"",""replica"":""eb52092d-25ab-4789-9909-4d692a6f304b""}",2026-05-28T14:37:23.708300933Z
https://github.com/google-gemini/deprecated-generative-ai-python/blob/main/README.md,error,"{""level"":""error""}","{""project"":""0eed05d2-fde3-4cb9-bb42-53e21c4fbf35"",""environment"":""d0ddf1c2-b8e5-4716-a09d-aadeb1bbb3bd"",""service"":""e271ab98-84a6-487b-9560-2409f4cbfa58"",""deployment"":""ec83bef4-5c10-4db1-8206-eb2a4c5d343a"",""replica"":""eb52092d-25ab-4789-9909-4d692a6f304b""}",2026-05-28T14:37:23.708303431Z
,error,"{""level"":""error""}","{""project"":""0eed05d2-fde3-4cb9-bb42-53e21c4fbf35"",""environment"":""d0ddf1c2-b8e5-4716-a09d-aadeb1bbb3bd"",""service"":""e271ab98-84a6-487b-9560-2409f4cbfa58"",""deployment"":""ec83bef4-5c10-4db1-8206-eb2a4c5d343a"",""replica"":""eb52092d-25ab-4789-9909-4d692a6f304b""}",2026-05-28T14:37:23.708308893Z
See README for more details:,error,"{""level"":""error""}","{""project"":""0eed05d2-fde3-4cb9-bb42-53e21c4fbf35"",""environment"":""d0ddf1c2-b8e5-4716-a09d-aadeb1bbb3bd"",""service"":""e271ab98-84a6-487b-9560-2409f4cbfa58"",""deployment"":""ec83bef4-5c10-4db1-8206-eb2a4c5d343a"",""replica"":""eb52092d-25ab-4789-9909-4d692a6f304b""}",2026-05-28T14:37:23.708312015Z
All support for the `google.generativeai` package has ended. It will no longer be receiving ,error,"{""level"":""error""}","{""project"":""0eed05d2-fde3-4cb9-bb42-53e21c4fbf35"",""environment"":""d0ddf1c2-b8e5-4716-a09d-aadeb1bbb3bd"",""service"":""e271ab98-84a6-487b-9560-2409f4cbfa58"",""deployment"":""ec83bef4-5c10-4db1-8206-eb2a4c5d343a"",""replica"":""eb52092d-25ab-4789-9909-4d692a6f304b""}",2026-05-28T14:37:23.708330597Z
,error,"{""level"":""error""}","{""project"":""0eed05d2-fde3-4cb9-bb42-53e21c4fbf35"",""environment"":""d0ddf1c2-b8e5-4716-a09d-aadeb1bbb3bd"",""service"":""e271ab98-84a6-487b-9560-2409f4cbfa58"",""deployment"":""ec83bef4-5c10-4db1-8206-eb2a4c5d343a"",""replica"":""eb52092d-25ab-4789-9909-4d692a6f304b""}",2026-05-28T14:37:23.708338615Z
updates or bug fixes. Please switch to the `google.genai` package as soon as possible.,error,"{""level"":""error""}","{""project"":""0eed05d2-fde3-4cb9-bb42-53e21c4fbf35"",""environment"":""d0ddf1c2-b8e5-4716-a09d-aadeb1bbb3bd"",""service"":""e271ab98-84a6-487b-9560-2409f4cbfa58"",""deployment"":""ec83bef4-5c10-4db1-8206-eb2a4c5d343a"",""replica"":""eb52092d-25ab-4789-9909-4d692a6f304b""}",2026-05-28T14:37:23.708340987Z
,error,"{""level"":""error""}","{""project"":""0eed05d2-fde3-4cb9-bb42-53e21c4fbf35"",""environment"":""d0ddf1c2-b8e5-4716-a09d-aadeb1bbb3bd"",""service"":""e271ab98-84a6-487b-9560-2409f4cbfa58"",""deployment"":""ec83bef4-5c10-4db1-8206-eb2a4c5d343a"",""replica"":""eb52092d-25ab-4789-9909-4d692a6f304b""}",2026-05-28T14:37:23.708414898Z
  import google.generativeai as genai,error,"{""level"":""error""}","{""project"":""0eed05d2-fde3-4cb9-bb42-53e21c4fbf35"",""environment"":""d0ddf1c2-b8e5-4716-a09d-aadeb1bbb3bd"",""service"":""e271ab98-84a6-487b-9560-2409f4cbfa58"",""deployment"":""ec83bef4-5c10-4db1-8206-eb2a4c5d343a"",""replica"":""eb52092d-25ab-4789-9909-4d692a6f304b""}",2026-05-28T14:37:23.708421167Z
Traceback (most recent call last):,error,"{""level"":""error""}","{""project"":""0eed05d2-fde3-4cb9-bb42-53e21c4fbf35"",""environment"":""d0ddf1c2-b8e5-4716-a09d-aadeb1bbb3bd"",""service"":""e271ab98-84a6-487b-9560-2409f4cbfa58"",""deployment"":""ec83bef4-5c10-4db1-8206-eb2a4c5d343a"",""replica"":""eb52092d-25ab-4789-9909-4d692a6f304b""}",2026-05-28T14:37:25.045169505Z
"  File ""/app/api_server.py"", line 19, in <module>",error,"{""level"":""error""}","{""project"":""0eed05d2-fde3-4cb9-bb42-53e21c4fbf35"",""environment"":""d0ddf1c2-b8e5-4716-a09d-aadeb1bbb3bd"",""service"":""e271ab98-84a6-487b-9560-2409f4cbfa58"",""deployment"":""ec83bef4-5c10-4db1-8206-eb2a4c5d343a"",""replica"":""eb52092d-25ab-4789-9909-4d692a6f304b""}",2026-05-28T14:37:25.045176123Z
"    from google_ai_client import get_inference_components, vertex_predict",error,"{""level"":""error""}","{""project"":""0eed05d2-fde3-4cb9-bb42-53e21c4fbf35"",""environment"":""d0ddf1c2-b8e5-4716-a09d-aadeb1bbb3bd"",""service"":""e271ab98-84a6-487b-9560-2409f4cbfa58"",""deployment"":""ec83bef4-5c10-4db1-8206-eb2a4c5d343a"",""replica"":""eb52092d-25ab-4789-9909-4d692a6f304b""}",2026-05-28T14:37:25.045180580Z
ImportError: cannot import name 'get_inference_components' from 'google_ai_client' (/app/google_ai_client.py),error,"{""level"":""error""}","{""project"":""0eed05d2-fde3-4cb9-bb42-53e21c4fbf35"",""environment"":""d0ddf1c2-b8e5-4716-a09d-aadeb1bbb3bd"",""service"":""e271ab98-84a6-487b-9560-2409f4cbfa58"",""deployment"":""ec83bef4-5c10-4db1-8206-eb2a4c5d343a"",""replica"":""eb52092d-25ab-4789-9909-4d692a6f304b""}",2026-05-28T14:37:25.045184619Z
"2026-05-28 14:37:27.310084: I tensorflow/core/util/port.cc:153] oneDNN custom operations are on. You may see slightly different numerical results due to floating-point round-off errors from different computation orders. To turn them off, set the environment variable `TF_ENABLE_ONEDNN_OPTS=0`.",error,"{""level"":""error""}","{""project"":""0eed05d2-fde3-4cb9-bb42-53e21c4fbf35"",""environment"":""d0ddf1c2-b8e5-4716-a09d-aadeb1bbb3bd"",""service"":""e271ab98-84a6-487b-9560-2409f4cbfa58"",""deployment"":""ec83bef4-5c10-4db1-8206-eb2a4c5d343a"",""replica"":""eb52092d-25ab-4789-9909-4d692a6f304b""}",2026-05-28T14:37:27.312827626Z
"2026-05-28 14:37:27.311279: I external/local_xla/xla/tsl/cuda/cudart_stub.cc:32] Could not find cuda drivers on your machine, GPU will not be used.",error,"{""level"":""error""}","{""project"":""0eed05d2-fde3-4cb9-bb42-53e21c4fbf35"",""environment"":""d0ddf1c2-b8e5-4716-a09d-aadeb1bbb3bd"",""service"":""e271ab98-84a6-487b-9560-2409f4cbfa58"",""deployment"":""ec83bef4-5c10-4db1-8206-eb2a4c5d343a"",""replica"":""eb52092d-25ab-4789-9909-4d692a6f304b""}",2026-05-28T14:37:27.312835964Z
"2026-05-28 14:37:27.315234: I external/local_xla/xla/tsl/cuda/cudart_stub.cc:32] Could not find cuda drivers on your machine, GPU will not be used.",error,"{""level"":""error""}","{""project"":""0eed05d2-fde3-4cb9-bb42-53e21c4fbf35"",""environment"":""d0ddf1c2-b8e5-4716-a09d-aadeb1bbb3bd"",""service"":""e271ab98-84a6-487b-9560-2409f4cbfa58"",""deployment"":""ec83bef4-5c10-4db1-8206-eb2a4c5d343a"",""replica"":""eb52092d-25ab-4789-9909-4d692a6f304b""}",2026-05-28T14:37:27.316959058Z
2026-05-28 14:37:27.324399: E external/local_xla/xla/stream_executor/cuda/cuda_fft.cc:467] Unable to register cuFFT factory: Attempting to register factory for plugin cuFFT when one has already been registered,error,"{""level"":""error""}","{""project"":""0eed05d2-fde3-4cb9-bb42-53e21c4fbf35"",""environment"":""d0ddf1c2-b8e5-4716-a09d-aadeb1bbb3bd"",""service"":""e271ab98-84a6-487b-9560-2409f4cbfa58"",""deployment"":""ec83bef4-5c10-4db1-8206-eb2a4c5d343a"",""replica"":""eb52092d-25ab-4789-9909-4d692a6f304b""}",2026-05-28T14:37:27.327774511Z
WARNING: All log messages before absl::InitializeLog() is called are written to STDERR,error,"{""level"":""error""}","{""project"":""0eed05d2-fde3-4cb9-bb42-53e21c4fbf35"",""environment"":""d0ddf1c2-b8e5-4716-a09d-aadeb1bbb3bd"",""service"":""e271ab98-84a6-487b-9560-2409f4cbfa58"",""deployment"":""ec83bef4-5c10-4db1-8206-eb2a4c5d343a"",""replica"":""eb52092d-25ab-4789-9909-4d692a6f304b""}",2026-05-28T14:37:27.343683375Z
E0000 00:00:1779979047.340806       1 cuda_dnn.cc:8579] Unable to register cuDNN factory: Attempting to register factory for plugin cuDNN when one has already been registered,error,"{""level"":""error""}","{""project"":""0eed05d2-fde3-4cb9-bb42-53e21c4fbf35"",""environment"":""d0ddf1c2-b8e5-4716-a09d-aadeb1bbb3bd"",""service"":""e271ab98-84a6-487b-9560-2409f4cbfa58"",""deployment"":""ec83bef4-5c10-4db1-8206-eb2a4c5d343a"",""replica"":""eb52092d-25ab-4789-9909-4d692a6f304b""}",2026-05-28T14:37:27.343691985Z
E0000 00:00:1779979047.345160       1 cuda_blas.cc:1407] Unable to register cuBLAS factory: Attempting to register factory for plugin cuBLAS when one has already been registered,error,"{""level"":""error""}","{""project"":""0eed05d2-fde3-4cb9-bb42-53e21c4fbf35"",""environment"":""d0ddf1c2-b8e5-4716-a09d-aadeb1bbb3bd"",""service"":""e271ab98-84a6-487b-9560-2409f4cbfa58"",""deployment"":""ec83bef4-5c10-4db1-8206-eb2a4c5d343a"",""replica"":""eb52092d-25ab-4789-9909-4d692a6f304b""}",2026-05-28T14:37:27.348680040Z
W0000 00:00:1779979047.357603       1 computation_placer.cc:177] computation placer already registered. Please check linkage and avoid linking the same target more than once.,error,"{""level"":""error""}","{""project"":""0eed05d2-fde3-4cb9-bb42-53e21c4fbf35"",""environment"":""d0ddf1c2-b8e5-4716-a09d-aadeb1bbb3bd"",""service"":""e271ab98-84a6-487b-9560-2409f4cbfa58"",""deployment"":""ec83bef4-5c10-4db1-8206-eb2a4c5d343a"",""replica"":""eb52092d-25ab-4789-9909-4d692a6f304b""}",2026-05-28T14:37:27.358155619Z
W0000 00:00:1779979047.357620       1 computation_placer.cc:177] computation placer already registered. Please check linkage and avoid linking the same target more than once.,error,"{""level"":""error""}","{""project"":""0eed05d2-fde3-4cb9-bb42-53e21c4fbf35"",""environment"":""d0ddf1c2-b8e5-4716-a09d-aadeb1bbb3bd"",""service"":""e271ab98-84a6-487b-9560-2409f4cbfa58"",""deployment"":""ec83bef4-5c10-4db1-8206-eb2a4c5d343a"",""replica"":""eb52092d-25ab-4789-9909-4d692a6f304b""}",2026-05-28T14:37:27.358162982Z
W0000 00:00:1779979047.357622       1 computation_placer.cc:177] computation placer already registered. Please check linkage and avoid linking the same target more than once.,error,"{""level"":""error""}","{""project"":""0eed05d2-fde3-4cb9-bb42-53e21c4fbf35"",""environment"":""d0ddf1c2-b8e5-4716-a09d-aadeb1bbb3bd"",""service"":""e271ab98-84a6-487b-9560-2409f4cbfa58"",""deployment"":""ec83bef4-5c10-4db1-8206-eb2a4c5d343a"",""replica"":""eb52092d-25ab-4789-9909-4d692a6f304b""}",2026-05-28T14:37:27.358168657Z
W0000 00:00:1779979047.357623       1 computation_placer.cc:177] computation placer already registered. Please check linkage and avoid linking the same target more than once.,error,"{""level"":""error""}","{""project"":""0eed05d2-fde3-4cb9-bb42-53e21c4fbf35"",""environment"":""d0ddf1c2-b8e5-4716-a09d-aadeb1bbb3bd"",""service"":""e271ab98-84a6-487b-9560-2409f4cbfa58"",""deployment"":""ec83bef4-5c10-4db1-8206-eb2a4c5d343a"",""replica"":""eb52092d-25ab-4789-9909-4d692a6f304b""}",2026-05-28T14:37:27.358174806Z
2026-05-28 14:37:27.361327: I tensorflow/core/platform/cpu_feature_guard.cc:210] This TensorFlow binary is optimized to use available CPU instructions in performance-critical operations.,error,"{""level"":""error""}","{""project"":""0eed05d2-fde3-4cb9-bb42-53e21c4fbf35"",""environment"":""d0ddf1c2-b8e5-4716-a09d-aadeb1bbb3bd"",""service"":""e271ab98-84a6-487b-9560-2409f4cbfa58"",""deployment"":""ec83bef4-5c10-4db1-8206-eb2a4c5d343a"",""replica"":""eb52092d-25ab-4789-9909-4d692a6f304b""}",2026-05-28T14:37:27.362829604Z
"To enable the following instructions: AVX2 AVX512F AVX512_VNNI AVX512_BF16 AVX512_FP16 AVX_VNNI AMX_TILE AMX_INT8 AMX_BF16 FMA, in other operations, rebuild TensorFlow with the appropriate compiler flags.",error,"{""level"":""error""}","{""project"":""0eed05d2-fde3-4cb9-bb42-53e21c4fbf35"",""environment"":""d0ddf1c2-b8e5-4716-a09d-aadeb1bbb3bd"",""service"":""e271ab98-84a6-487b-9560-2409f4cbfa58"",""deployment"":""ec83bef4-5c10-4db1-8206-eb2a4c5d343a"",""replica"":""eb52092d-25ab-4789-9909-4d692a6f304b""}",2026-05-28T14:37:27.362834317Z
  import google.generativeai as genai,error,"{""level"":""error""}","{""project"":""0eed05d2-fde3-4cb9-bb42-53e21c4fbf35"",""environment"":""d0ddf1c2-b8e5-4716-a09d-aadeb1bbb3bd"",""service"":""e271ab98-84a6-487b-9560-2409f4cbfa58"",""deployment"":""ec83bef4-5c10-4db1-8206-eb2a4c5d343a"",""replica"":""eb52092d-25ab-4789-9909-4d692a6f304b""}",2026-05-28T14:37:30.732551931Z
/app/api_server.py:6: FutureWarning: ,error,"{""level"":""error""}","{""project"":""0eed05d2-fde3-4cb9-bb42-53e21c4fbf35"",""environment"":""d0ddf1c2-b8e5-4716-a09d-aadeb1bbb3bd"",""service"":""e271ab98-84a6-487b-9560-2409f4cbfa58"",""deployment"":""ec83bef4-5c10-4db1-8206-eb2a4c5d343a"",""replica"":""eb52092d-25ab-4789-9909-4d692a6f304b""}",2026-05-28T14:37:30.732556817Z
,error,"{""level"":""error""}","{""project"":""0eed05d2-fde3-4cb9-bb42-53e21c4fbf35"",""environment"":""d0ddf1c2-b8e5-4716-a09d-aadeb1bbb3bd"",""service"":""e271ab98-84a6-487b-9560-2409f4cbfa58"",""deployment"":""ec83bef4-5c10-4db1-8206-eb2a4c5d343a"",""replica"":""eb52092d-25ab-4789-9909-4d692a6f304b""}",2026-05-28T14:37:30.732567428Z
All support for the `google.generativeai` package has ended. It will no longer be receiving ,error,"{""level"":""error""}","{""project"":""0eed05d2-fde3-4cb9-bb42-53e21c4fbf35"",""environment"":""d0ddf1c2-b8e5-4716-a09d-aadeb1bbb3bd"",""service"":""e271ab98-84a6-487b-9560-2409f4cbfa58"",""deployment"":""ec83bef4-5c10-4db1-8206-eb2a4c5d343a"",""replica"":""eb52092d-25ab-4789-9909-4d692a6f304b""}",2026-05-28T14:37:30.732578006Z
See README for more details:,error,"{""level"":""error""}","{""project"":""0eed05d2-fde3-4cb9-bb42-53e21c4fbf35"",""environment"":""d0ddf1c2-b8e5-4716-a09d-aadeb1bbb3bd"",""service"":""e271ab98-84a6-487b-9560-2409f4cbfa58"",""deployment"":""ec83bef4-5c10-4db1-8206-eb2a4c5d343a"",""replica"":""eb52092d-25ab-4789-9909-4d692a6f304b""}",2026-05-28T14:37:30.732580542Z
updates or bug fixes. Please switch to the `google.genai` package as soon as possible.,error,"{""level"":""error""}","{""project"":""0eed05d2-fde3-4cb9-bb42-53e21c4fbf35"",""environment"":""d0ddf1c2-b8e5-4716-a09d-aadeb1bbb3bd"",""service"":""e271ab98-84a6-487b-9560-2409f4cbfa58"",""deployment"":""ec83bef4-5c10-4db1-8206-eb2a4c5d343a"",""replica"":""eb52092d-25ab-4789-9909-4d692a6f304b""}",2026-05-28T14:37:30.732585941Z
,error,"{""level"":""error""}","{""project"":""0eed05d2-fde3-4cb9-bb42-53e21c4fbf35"",""environment"":""d0ddf1c2-b8e5-4716-a09d-aadeb1bbb3bd"",""service"":""e271ab98-84a6-487b-9560-2409f4cbfa58"",""deployment"":""ec83bef4-5c10-4db1-8206-eb2a4c5d343a"",""replica"":""eb52092d-25ab-4789-9909-4d692a6f304b""}",2026-05-28T14:37:30.732590375Z
https://github.com/google-gemini/deprecated-generative-ai-python/blob/main/README.md,error,"{""level"":""error""}","{""project"":""0eed05d2-fde3-4cb9-bb42-53e21c4fbf35"",""environment"":""d0ddf1c2-b8e5-4716-a09d-aadeb1bbb3bd"",""service"":""e271ab98-84a6-487b-9560-2409f4cbfa58"",""deployment"":""ec83bef4-5c10-4db1-8206-eb2a4c5d343a"",""replica"":""eb52092d-25ab-4789-9909-4d692a6f304b""}",2026-05-28T14:37:30.732596477Z
,error,"{""level"":""error""}","{""project"":""0eed05d2-fde3-4cb9-bb42-53e21c4fbf35"",""environment"":""d0ddf1c2-b8e5-4716-a09d-aadeb1bbb3bd"",""service"":""e271ab98-84a6-487b-9560-2409f4cbfa58"",""deployment"":""ec83bef4-5c10-4db1-8206-eb2a4c5d343a"",""replica"":""eb52092d-25ab-4789-9909-4d692a6f304b""}",2026-05-28T14:37:30.732601955Z
Traceback (most recent call last):,error,"{""level"":""error""}","{""project"":""0eed05d2-fde3-4cb9-bb42-53e21c4fbf35"",""environment"":""d0ddf1c2-b8e5-4716-a09d-aadeb1bbb3bd"",""service"":""e271ab98-84a6-487b-9560-2409f4cbfa58"",""deployment"":""ec83bef4-5c10-4db1-8206-eb2a4c5d343a"",""replica"":""eb52092d-25ab-4789-9909-4d692a6f304b""}",2026-05-28T14:37:32.030287669Z
"  File ""/app/api_server.py"", line 19, in <module>",error,"{""level"":""error""}","{""project"":""0eed05d2-fde3-4cb9-bb42-53e21c4fbf35"",""environment"":""d0ddf1c2-b8e5-4716-a09d-aadeb1bbb3bd"",""service"":""e271ab98-84a6-487b-9560-2409f4cbfa58"",""deployment"":""ec83bef4-5c10-4db1-8206-eb2a4c5d343a"",""replica"":""eb52092d-25ab-4789-9909-4d692a6f304b""}",2026-05-28T14:37:32.030292640Z
"    from google_ai_client import get_inference_components, vertex_predict",error,"{""level"":""error""}","{""project"":""0eed05d2-fde3-4cb9-bb42-53e21c4fbf35"",""environment"":""d0ddf1c2-b8e5-4716-a09d-aadeb1bbb3bd"",""service"":""e271ab98-84a6-487b-9560-2409f4cbfa58"",""deployment"":""ec83bef4-5c10-4db1-8206-eb2a4c5d343a"",""replica"":""eb52092d-25ab-4789-9909-4d692a6f304b""}",2026-05-28T14:37:32.030297622Z
ImportError: cannot import name 'get_inference_components' from 'google_ai_client' (/app/google_ai_client.py),error,"{""level"":""error""}","{""project"":""0eed05d2-fde3-4cb9-bb42-53e21c4fbf35"",""environment"":""d0ddf1c2-b8e5-4716-a09d-aadeb1bbb3bd"",""service"":""e271ab98-84a6-487b-9560-2409f4cbfa58"",""deployment"":""ec83bef4-5c10-4db1-8206-eb2a4c5d343a"",""replica"":""eb52092d-25ab-4789-9909-4d692a6f304b""}",2026-05-28T14:37:32.030301999Z
"2026-05-28 14:37:34.396795: I tensorflow/core/util/port.cc:153] oneDNN custom operations are on. You may see slightly different numerical results due to floating-point round-off errors from different computation orders. To turn them off, set the environment variable `TF_ENABLE_ONEDNN_OPTS=0`.",error,"{""level"":""error""}","{""project"":""0eed05d2-fde3-4cb9-bb42-53e21c4fbf35"",""environment"":""d0ddf1c2-b8e5-4716-a09d-aadeb1bbb3bd"",""service"":""e271ab98-84a6-487b-9560-2409f4cbfa58"",""deployment"":""ec83bef4-5c10-4db1-8206-eb2a4c5d343a"",""replica"":""eb52092d-25ab-4789-9909-4d692a6f304b""}",2026-05-28T14:37:34.402746386Z
"2026-05-28 14:37:34.398259: I external/local_xla/xla/tsl/cuda/cudart_stub.cc:32] Could not find cuda drivers on your machine, GPU will not be used.",error,"{""level"":""error""}","{""project"":""0eed05d2-fde3-4cb9-bb42-53e21c4fbf35"",""environment"":""d0ddf1c2-b8e5-4716-a09d-aadeb1bbb3bd"",""service"":""e271ab98-84a6-487b-9560-2409f4cbfa58"",""deployment"":""ec83bef4-5c10-4db1-8206-eb2a4c5d343a"",""replica"":""eb52092d-25ab-4789-9909-4d692a6f304b""}",2026-05-28T14:37:34.402752389Z
"2026-05-28 14:37:34.402001: I external/local_xla/xla/tsl/cuda/cudart_stub.cc:32] Could not find cuda drivers on your machine, GPU will not be used.",error,"{""level"":""error""}","{""project"":""0eed05d2-fde3-4cb9-bb42-53e21c4fbf35"",""environment"":""d0ddf1c2-b8e5-4716-a09d-aadeb1bbb3bd"",""service"":""e271ab98-84a6-487b-9560-2409f4cbfa58"",""deployment"":""ec83bef4-5c10-4db1-8206-eb2a4c5d343a"",""replica"":""eb52092d-25ab-4789-9909-4d692a6f304b""}",2026-05-28T14:37:34.402758345Z
2026-05-28 14:37:34.411492: E external/local_xla/xla/stream_executor/cuda/cuda_fft.cc:467] Unable to register cuFFT factory: Attempting to register factory for plugin cuFFT when one has already been registered,error,"{""level"":""error""}","{""project"":""0eed05d2-fde3-4cb9-bb42-53e21c4fbf35"",""environment"":""d0ddf1c2-b8e5-4716-a09d-aadeb1bbb3bd"",""service"":""e271ab98-84a6-487b-9560-2409f4cbfa58"",""deployment"":""ec83bef4-5c10-4db1-8206-eb2a4c5d343a"",""replica"":""eb52092d-25ab-4789-9909-4d692a6f304b""}",2026-05-28T14:37:34.413984077Z
WARNING: All log messages before absl::InitializeLog() is called are written to STDERR,error,"{""level"":""error""}","{""project"":""0eed05d2-fde3-4cb9-bb42-53e21c4fbf35"",""environment"":""d0ddf1c2-b8e5-4716-a09d-aadeb1bbb3bd"",""service"":""e271ab98-84a6-487b-9560-2409f4cbfa58"",""deployment"":""ec83bef4-5c10-4db1-8206-eb2a4c5d343a"",""replica"":""eb52092d-25ab-4789-9909-4d692a6f304b""}",2026-05-28T14:37:34.432664062Z
E0000 00:00:1779979054.428443       1 cuda_dnn.cc:8579] Unable to register cuDNN factory: Attempting to register factory for plugin cuDNN when one has already been registered,error,"{""level"":""error""}","{""project"":""0eed05d2-fde3-4cb9-bb42-53e21c4fbf35"",""environment"":""d0ddf1c2-b8e5-4716-a09d-aadeb1bbb3bd"",""service"":""e271ab98-84a6-487b-9560-2409f4cbfa58"",""deployment"":""ec83bef4-5c10-4db1-8206-eb2a4c5d343a"",""replica"":""eb52092d-25ab-4789-9909-4d692a6f304b""}",2026-05-28T14:37:34.432669932Z
E0000 00:00:1779979054.433533       1 cuda_blas.cc:1407] Unable to register cuBLAS factory: Attempting to register factory for plugin cuBLAS when one has already been registered,error,"{""level"":""error""}","{""project"":""0eed05d2-fde3-4cb9-bb42-53e21c4fbf35"",""environment"":""d0ddf1c2-b8e5-4716-a09d-aadeb1bbb3bd"",""service"":""e271ab98-84a6-487b-9560-2409f4cbfa58"",""deployment"":""ec83bef4-5c10-4db1-8206-eb2a4c5d343a"",""replica"":""eb52092d-25ab-4789-9909-4d692a6f304b""}",2026-05-28T14:37:34.434773596Z
W0000 00:00:1779979054.447832       1 computation_placer.cc:177] computation placer already registered. Please check linkage and avoid linking the same target more than once.,error,"{""level"":""error""}","{""project"":""0eed05d2-fde3-4cb9-bb42-53e21c4fbf35"",""environment"":""d0ddf1c2-b8e5-4716-a09d-aadeb1bbb3bd"",""service"":""e271ab98-84a6-487b-9560-2409f4cbfa58"",""deployment"":""ec83bef4-5c10-4db1-8206-eb2a4c5d343a"",""replica"":""eb52092d-25ab-4789-9909-4d692a6f304b""}",2026-05-28T14:37:34.449198621Z
W0000 00:00:1779979054.447853       1 computation_placer.cc:177] computation placer already registered. Please check linkage and avoid linking the same target more than once.,error,"{""level"":""error""}","{""project"":""0eed05d2-fde3-4cb9-bb42-53e21c4fbf35"",""environment"":""d0ddf1c2-b8e5-4716-a09d-aadeb1bbb3bd"",""service"":""e271ab98-84a6-487b-9560-2409f4cbfa58"",""deployment"":""ec83bef4-5c10-4db1-8206-eb2a4c5d343a"",""replica"":""eb52092d-25ab-4789-9909-4d692a6f304b""}",2026-05-28T14:37:34.449207872Z
W0000 00:00:1779979054.447856       1 computation_placer.cc:177] computation placer already registered. Please check linkage and avoid linking the same target more than once.,error,"{""level"":""error""}","{""project"":""0eed05d2-fde3-4cb9-bb42-53e21c4fbf35"",""environment"":""d0ddf1c2-b8e5-4716-a09d-aadeb1bbb3bd"",""service"":""e271ab98-84a6-487b-9560-2409f4cbfa58"",""deployment"":""ec83bef4-5c10-4db1-8206-eb2a4c5d343a"",""replica"":""eb52092d-25ab-4789-9909-4d692a6f304b""}",2026-05-28T14:37:34.449214793Z
W0000 00:00:1779979054.447857       1 computation_placer.cc:177] computation placer already registered. Please check linkage and avoid linking the same target more than once.,error,"{""level"":""error""}","{""project"":""0eed05d2-fde3-4cb9-bb42-53e21c4fbf35"",""environment"":""d0ddf1c2-b8e5-4716-a09d-aadeb1bbb3bd"",""service"":""e271ab98-84a6-487b-9560-2409f4cbfa58"",""deployment"":""ec83bef4-5c10-4db1-8206-eb2a4c5d343a"",""replica"":""eb52092d-25ab-4789-9909-4d692a6f304b""}",2026-05-28T14:37:34.449221841Z
2026-05-28 14:37:34.452518: I tensorflow/core/platform/cpu_feature_guard.cc:210] This TensorFlow binary is optimized to use available CPU instructions in performance-critical operations.,error,"{""level"":""error""}","{""project"":""0eed05d2-fde3-4cb9-bb42-53e21c4fbf35"",""environment"":""d0ddf1c2-b8e5-4716-a09d-aadeb1bbb3bd"",""service"":""e271ab98-84a6-487b-9560-2409f4cbfa58"",""deployment"":""ec83bef4-5c10-4db1-8206-eb2a4c5d343a"",""replica"":""eb52092d-25ab-4789-9909-4d692a6f304b""}",2026-05-28T14:37:34.454345921Z
"To enable the following instructions: AVX2 AVX512F AVX512_VNNI AVX512_BF16 AVX512_FP16 AVX_VNNI AMX_TILE AMX_INT8 AMX_BF16 FMA, in other operations, rebuild TensorFlow with the appropriate compiler flags.",error,"{""level"":""error""}","{""project"":""0eed05d2-fde3-4cb9-bb42-53e21c4fbf35"",""environment"":""d0ddf1c2-b8e5-4716-a09d-aadeb1bbb3bd"",""service"":""e271ab98-84a6-487b-9560-2409f4cbfa58"",""deployment"":""ec83bef4-5c10-4db1-8206-eb2a4c5d343a"",""replica"":""eb52092d-25ab-4789-9909-4d692a6f304b""}",2026-05-28T14:37:34.454350842Z
/app/api_server.py:6: FutureWarning: ,error,"{""level"":""error""}","{""project"":""0eed05d2-fde3-4cb9-bb42-53e21c4fbf35"",""environment"":""d0ddf1c2-b8e5-4716-a09d-aadeb1bbb3bd"",""service"":""e271ab98-84a6-487b-9560-2409f4cbfa58"",""deployment"":""ec83bef4-5c10-4db1-8206-eb2a4c5d343a"",""replica"":""eb52092d-25ab-4789-9909-4d692a6f304b""}",2026-05-28T14:37:37.773865447Z
,error,"{""level"":""error""}","{""project"":""0eed05d2-fde3-4cb9-bb42-53e21c4fbf35"",""environment"":""d0ddf1c2-b8e5-4716-a09d-aadeb1bbb3bd"",""service"":""e271ab98-84a6-487b-9560-2409f4cbfa58"",""deployment"":""ec83bef4-5c10-4db1-8206-eb2a4c5d343a"",""replica"":""eb52092d-25ab-4789-9909-4d692a6f304b""}",2026-05-28T14:37:37.773871847Z
All support for the `google.generativeai` package has ended. It will no longer be receiving ,error,"{""level"":""error""}","{""project"":""0eed05d2-fde3-4cb9-bb42-53e21c4fbf35"",""environment"":""d0ddf1c2-b8e5-4716-a09d-aadeb1bbb3bd"",""service"":""e271ab98-84a6-487b-9560-2409f4cbfa58"",""deployment"":""ec83bef4-5c10-4db1-8206-eb2a4c5d343a"",""replica"":""eb52092d-25ab-4789-9909-4d692a6f304b""}",2026-05-28T14:37:37.773876305Z
updates or bug fixes. Please switch to the `google.genai` package as soon as possible.,error,"{""level"":""error""}","{""project"":""0eed05d2-fde3-4cb9-bb42-53e21c4fbf35"",""environment"":""d0ddf1c2-b8e5-4716-a09d-aadeb1bbb3bd"",""service"":""e271ab98-84a6-487b-9560-2409f4cbfa58"",""deployment"":""ec83bef4-5c10-4db1-8206-eb2a4c5d343a"",""replica"":""eb52092d-25ab-4789-9909-4d692a6f304b""}",2026-05-28T14:37:37.773881139Z
See README for more details:,error,"{""level"":""error""}","{""project"":""0eed05d2-fde3-4cb9-bb42-53e21c4fbf35"",""environment"":""d0ddf1c2-b8e5-4716-a09d-aadeb1bbb3bd"",""service"":""e271ab98-84a6-487b-9560-2409f4cbfa58"",""deployment"":""ec83bef4-5c10-4db1-8206-eb2a4c5d343a"",""replica"":""eb52092d-25ab-4789-9909-4d692a6f304b""}",2026-05-28T14:37:37.773885730Z
,error,"{""level"":""error""}","{""project"":""0eed05d2-fde3-4cb9-bb42-53e21c4fbf35"",""environment"":""d0ddf1c2-b8e5-4716-a09d-aadeb1bbb3bd"",""service"":""e271ab98-84a6-487b-9560-2409f4cbfa58"",""deployment"":""ec83bef4-5c10-4db1-8206-eb2a4c5d343a"",""replica"":""eb52092d-25ab-4789-9909-4d692a6f304b""}",2026-05-28T14:37:37.773891319Z
https://github.com/google-gemini/deprecated-generative-ai-python/blob/main/README.md,error,"{""level"":""error""}","{""project"":""0eed05d2-fde3-4cb9-bb42-53e21c4fbf35"",""environment"":""d0ddf1c2-b8e5-4716-a09d-aadeb1bbb3bd"",""service"":""e271ab98-84a6-487b-9560-2409f4cbfa58"",""deployment"":""ec83bef4-5c10-4db1-8206-eb2a4c5d343a"",""replica"":""eb52092d-25ab-4789-9909-4d692a6f304b""}",2026-05-28T14:37:37.773896096Z
,error,"{""level"":""error""}","{""project"":""0eed05d2-fde3-4cb9-bb42-53e21c4fbf35"",""environment"":""d0ddf1c2-b8e5-4716-a09d-aadeb1bbb3bd"",""service"":""e271ab98-84a6-487b-9560-2409f4cbfa58"",""deployment"":""ec83bef4-5c10-4db1-8206-eb2a4c5d343a"",""replica"":""eb52092d-25ab-4789-9909-4d692a6f304b""}",2026-05-28T14:37:37.773900632Z
  import google.generativeai as genai,error,"{""level"":""error""}","{""project"":""0eed05d2-fde3-4cb9-bb42-53e21c4fbf35"",""environment"":""d0ddf1c2-b8e5-4716-a09d-aadeb1bbb3bd"",""service"":""e271ab98-84a6-487b-9560-2409f4cbfa58"",""deployment"":""ec83bef4-5c10-4db1-8206-eb2a4c5d343a"",""replica"":""eb52092d-25ab-4789-9909-4d692a6f304b""}",2026-05-28T14:37:37.773905538Z
Traceback (most recent call last):,error,"{""level"":""error""}","{""project"":""0eed05d2-fde3-4cb9-bb42-53e21c4fbf35"",""environment"":""d0ddf1c2-b8e5-4716-a09d-aadeb1bbb3bd"",""service"":""e271ab98-84a6-487b-9560-2409f4cbfa58"",""deployment"":""ec83bef4-5c10-4db1-8206-eb2a4c5d343a"",""replica"":""eb52092d-25ab-4789-9909-4d692a6f304b""}",2026-05-28T14:37:39.061238267Z
"  File ""/app/api_server.py"", line 19, in <module>",error,"{""level"":""error""}","{""project"":""0eed05d2-fde3-4cb9-bb42-53e21c4fbf35"",""environment"":""d0ddf1c2-b8e5-4716-a09d-aadeb1bbb3bd"",""service"":""e271ab98-84a6-487b-9560-2409f4cbfa58"",""deployment"":""ec83bef4-5c10-4db1-8206-eb2a4c5d343a"",""replica"":""eb52092d-25ab-4789-9909-4d692a6f304b""}",2026-05-28T14:37:39.061244543Z
"    from google_ai_client import get_inference_components, vertex_predict",error,"{""level"":""error""}","{""project"":""0eed05d2-fde3-4cb9-bb42-53e21c4fbf35"",""environment"":""d0ddf1c2-b8e5-4716-a09d-aadeb1bbb3bd"",""service"":""e271ab98-84a6-487b-9560-2409f4cbfa58"",""deployment"":""ec83bef4-5c10-4db1-8206-eb2a4c5d343a"",""replica"":""eb52092d-25ab-4789-9909-4d692a6f304b""}",2026-05-28T14:37:39.061248819Z
ImportError: cannot import name 'get_inference_components' from 'google_ai_client' (/app/google_ai_client.py),error,"{""level"":""error""}","{""project"":""0eed05d2-fde3-4cb9-bb42-53e21c4fbf35"",""environment"":""d0ddf1c2-b8e5-4716-a09d-aadeb1bbb3bd"",""service"":""e271ab98-84a6-487b-9560-2409f4cbfa58"",""deployment"":""ec83bef4-5c10-4db1-8206-eb2a4c5d343a"",""replica"":""eb52092d-25ab-4789-9909-4d692a6f304b""}",2026-05-28T14:37:39.061253194Z