Hours_Studied,Attendance,Parental_Involvement,Access_to_Resources,Extracurricular_Activities,Sleep_Hours,Previous_Scores,Motivation_Level,Internet_Access,Tutoring_Sessions,Family_Income,Teacher_Quality,School_Type,Peer_Influence,Physical_Activity,Learning_Disabilities,Parental_Education_Level,Distance_from_Home,Gender,Performance_Category,Study_Efficiency,Engagement_Score,Sleep_Study_Ratio,Support_Score,Academic_Readiness
23,84,0,2,0,7.0,73,0,1,0,0,1,0,2,3,0,0,0,0,Medium,3.0416666666666665,19.32,0.2916666666666667,0.75,0.292
19,64,0,1,0,8.0,59,0,1,2,1,1,0,0,4,0,1,1,1,Low,2.95,12.16,0.4,0.75,0.311
24,98,1,1,1,7.0,91,1,1,2,1,1,0,1,4,0,2,0,0,High,3.64,23.52,0.28,1.0,0.589
29,89,0,1,1,8.0,98,1,1,1,1,1,0,0,4,0,0,1,0,High,3.2666666666666666,25.81,0.26666666666666666,0.75,0.5795
19,92,1,1,1,6.0,65,1,1,3,1,2,0,1,4,0,1,0,1,High,3.25,17.48,0.3,1.0,0.5225
19,88,1,1,1,8.0,89,1,1,3,1,1,0,2,3,0,2,0,0,High,4.45,16.72,0.4,1.0,0.6185
29,84,1,1,1,7.0,68,0,1,1,0,1,1,1,2,0,0,1,0,Medium,2.2666666666666666,24.36,0.23333333333333334,0.75,0.3095
25,78,0,1,1,6.0,50,1,1,1,2,2,0,0,2,0,0,2,0,Low,1.9230769230769231,19.5,0.23076923076923078,1.0,0.38749999999999996
17,94,1,2,0,6.0,80,2,1,0,1,0,1,1,1,0,1,0,0,Medium,4.444444444444445,15.98,0.3333333333333333,1.25,0.6200000000000001
23,98,1,1,1,8.0,71,1,1,0,2,2,0,2,5,0,0,1,0,High,2.9583333333333335,22.54,0.3333333333333333,1.25,0.43399999999999994
17,80,0,2,0,8.0,88,1,0,4,1,2,1,1,4,0,1,1,0,Medium,4.888888888888889,13.6,0.4444444444444444,0.75,0.652
17,97,1,2,1,6.0,87,0,1,2,0,2,1,1,2,0,0,0,0,High,4.833333333333333,16.49,0.3333333333333333,1.0,0.42300000000000004
21,83,1,1,1,8.0,97,0,1,2,1,1,0,2,4,0,0,0,0,High,4.409090909090909,17.43,0.36363636363636365,1.0,0.463
9,82,1,1,1,8.0,72,1,1,2,1,1,1,2,3,0,2,0,0,Low,7.2,7.38,0.8,1.0,0.5129999999999999
10,78,1,2,1,8.0,74,1,1,1,0,1,1,1,4,0,2,0,0,Low,6.7272727272727275,7.8,0.7272727272727273,1.0,0.48349999999999993
17,68,1,1,0,8.0,70,1,1,2,1,1,1,2,4,0,0,0,1,Low,3.888888888888889,11.56,0.4444444444444444,1.0,0.5049999999999999
14,60,1,0,1,10.0,65,0,1,0,0,1,1,2,3,0,1,0,0,Low,4.333333333333333,8.4,0.6666666666666666,0.5,0.26
22,70,0,1,1,6.0,82,1,1,1,0,2,0,1,3,0,0,0,1,Low,3.5652173913043477,15.4,0.2608695652173913,0.5,0.5155
15,80,1,1,1,9.0,91,0,1,3,0,1,0,2,2,0,1,1,1,Medium,5.6875,12.0,0.5625,0.75,0.47650000000000003
12,75,1,2,1,7.0,58,1,1,3,0,1,1,2,4,0,1,0,0,Low,4.461538461538462,9.0,0.5384615384615384,1.0,0.4945
29,78,1,1,0,5.0,99,2,1,0,0,1,0,0,1,0,0,1,1,Medium,3.3,22.62,0.16666666666666666,0.75,0.696
19,99,1,2,0,6.0,84,1,1,1,0,2,0,1,3,0,0,0,0,High,4.2,18.81,0.3,1.0,0.5235
20,74,1,2,0,8.0,89,0,1,1,0,1,0,0,2,0,1,1,1,Low,4.238095238095238,14.8,0.38095238095238093,1.0,0.3935
11,78,2,1,1,8.0,100,2,1,1,0,1,0,1,3,0,0,1,0,Low,8.333333333333334,8.58,0.6666666666666666,1.0,0.7374999999999999
17,65,0,2,1,5.0,75,1,1,2,0,1,0,2,3,0,0,0,1,Low,4.166666666666667,11.05,0.2777777777777778,0.75,0.525
21,62,2,0,1,6.0,54,2,1,0,0,2,0,2,3,0,2,2,0,Low,2.4545454545454546,13.02,0.2727272727272727,0.75,0.516
13,91,0,1,0,6.0,90,1,1,1,0,1,0,0,2,1,0,1,1,Low,6.428571428571429,11.83,0.42857142857142855,0.5,0.5475
22,83,2,2,1,6.0,94,1,1,0,0,1,0,1,2,0,1,1,0,High,4.086956521739131,18.26,0.2608695652173913,1.25,0.526
16,90,1,1,0,4.0,58,1,1,1,0,1,0,1,3,0,0,1,1,Low,3.411764705882353,14.4,0.23529411764705882,0.75,0.4195
18,66,2,2,0,4.0,51,0,1,2,0,1,1,1,2,0,1,0,0,Low,2.6842105263157894,11.88,0.21052631578947367,1.25,0.279
16,83,0,1,0,6.0,57,1,1,0,0,0,0,2,4,1,0,0,1,Low,3.3529411764705883,13.28,0.35294117647058826,0.5,0.378
31,70,1,2,1,7.0,66,1,1,1,0,1,0,0,3,0,1,0,0,Medium,2.0625,21.7,0.21875,1.0,0.4515
20,69,1,1,1,8.0,96,1,1,2,1,2,0,2,3,0,0,0,0,Medium,4.571428571428571,13.8,0.38095238095238093,1.0,0.609
14,60,2,1,0,5.0,50,1,1,2,1,1,0,1,3,0,1,0,1,Low,3.3333333333333335,8.4,0.3333333333333333,1.25,0.425
25,65,2,1,0,5.0,90,1,1,2,1,1,0,2,3,0,1,1,1,Medium,3.4615384615384617,16.25,0.19230769230769232,1.25,0.585
13,72,0,1,0,6.0,93,0,1,1,0,1,0,0,3,0,0,0,0,Low,6.642857142857143,9.36,0.42857142857142855,0.5,0.40950000000000003
21,65,1,0,1,7.0,91,0,1,2,1,2,0,2,3,0,0,2,1,Low,4.136363636363637,13.65,0.3181818181818182,0.75,0.43900000000000006
8,99,1,1,0,9.0,54,0,1,2,0,1,0,1,5,0,2,0,1,Medium,6.0,7.92,1.0,0.75,0.29100000000000004
12,72,0,1,1,8.0,84,1,1,1,0,1,0,2,5,0,0,0,1,Low,6.461538461538462,8.64,0.6153846153846154,0.5,0.5235
21,65,0,1,1,6.0,98,0,1,1,1,2,0,0,4,0,0,0,0,Low,4.454545454545454,13.65,0.2727272727272727,0.75,0.4295
24,68,2,1,0,8.0,56,0,1,3,2,2,0,1,1,0,1,0,0,Medium,2.24,16.32,0.32,1.5,0.3365
21,84,1,1,1,6.0,52,0,1,1,1,2,0,1,2,1,1,2,1,Low,2.3636363636363638,17.64,0.2727272727272727,1.0,0.24550000000000002
19,63,0,2,0,7.0,94,1,1,1,1,1,1,2,3,0,0,1,0,Low,4.7,11.97,0.35,1.0,0.5635
18,94,1,2,1,7.0,82,1,1,3,1,1,1,0,2,1,1,0,0,High,4.315789473684211,16.92,0.3684210526315789,1.25,0.5905
11,98,1,1,1,9.0,82,0,1,1,1,1,1,2,3,0,2,2,0,Medium,6.833333333333333,10.78,0.75,1.0,0.3655
16,70,1,1,1,8.0,98,1,1,2,1,1,0,2,3,0,0,1,0,Low,5.764705882352941,11.2,0.47058823529411764,1.0,0.617
17,78,1,1,1,6.0,88,1,1,1,1,2,1,2,3,0,1,0,1,Medium,4.888888888888889,13.26,0.3333333333333333,1.0,0.5395
26,61,1,0,1,6.0,70,1,1,2,0,1,0,2,3,0,0,1,1,Low,2.5925925925925926,15.86,0.2222222222222222,0.5,0.5049999999999999
22,86,0,1,1,7.0,72,0,1,3,0,2,0,2,2,0,0,1,0,Medium,3.130434782608696,18.92,0.30434782608695654,0.5,0.40049999999999997
9,77,1,1,0,5.0,57,1,1,2,1,2,0,1,3,0,0,0,0,Low,5.7,6.93,0.5,1.0,0.453
22,71,0,1,1,7.0,65,0,1,1,1,0,0,2,4,0,1,1,0,Low,2.8260869565217392,15.62,0.30434782608695654,0.75,0.2975
18,68,2,1,0,7.0,72,1,1,0,1,1,0,1,3,0,1,0,0,Low,3.789473684210526,12.24,0.3684210526315789,1.25,0.43799999999999994
16,86,0,1,1,8.0,63,1,1,2,1,1,0,2,4,0,0,0,0,Medium,3.7058823529411766,13.76,0.47058823529411764,0.75,0.47700000000000004
24,77,2,1,0,8.0,96,1,1,0,1,1,0,1,3,0,0,0,1,Medium,3.84,18.48,0.32,1.25,0.534
26,67,1,2,1,7.0,51,0,1,2,2,2,1,1,4,1,2,2,1,Low,1.8888888888888888,17.42,0.25925925925925924,1.5,0.279
26,88,1,2,1,5.0,79,1,1,1,0,2,1,2,4,0,1,1,0,High,2.925925925925926,22.88,0.18518518518518517,1.0,0.5035000000000001
15,83,1,2,0,5.0,89,0,0,1,1,2,0,1,2,1,0,0,1,Low,5.5625,12.45,0.3125,1.0,0.3935
18,94,1,1,1,6.0,87,2,1,1,1,1,0,2,4,0,0,0,0,High,4.578947368421052,16.92,0.3157894736842105,1.0,0.6855
22,65,2,0,0,8.0,82,1,1,2,1,2,0,2,1,0,2,0,1,Low,3.5652173913043477,14.3,0.34782608695652173,1.0,0.5529999999999999
200,91,1,0,1,8.0,71,1,1,0,0,1,1,1,3,0,0,1,0,Medium,0.35323383084577115,182.0,0.03980099502487562,0.5,0.43399999999999994
17,87,1,1,0,7.0,96,1,1,1,2,1,0,0,5,0,2,0,1,High,5.333333333333333,14.79,0.3888888888888889,1.25,0.5715
19,65,1,1,1,10.0,66,0,1,0,0,1,0,2,3,0,0,1,0,Low,3.3,12.35,0.5,0.75,0.264
13,88,0,2,1,9.0,88,2,1,2,0,2,1,0,4,0,2,2,0,Medium,6.285714285714286,11.44,0.6428571428571429,0.75,0.727
13,78,1,2,1,9.0,96,2,1,2,0,1,0,1,3,0,1,1,0,Medium,6.857142857142857,10.14,0.6428571428571429,1.0,0.7589999999999999
25,98,0,2,1,8.0,56,1,0,0,1,2,1,1,3,0,2,0,0,High,2.1538461538461537,24.5,0.3076923076923077,0.75,0.374
28,66,1,1,1,8.0,97,1,1,0,1,1,0,1,2,0,0,0,0,Medium,3.3448275862068964,18.48,0.27586206896551724,1.0,0.538
20,86,1,1,1,8.0,89,1,1,1,0,1,0,0,3,0,2,0,0,Medium,4.238095238095238,17.2,0.38095238095238093,0.75,0.5435
26,75,0,2,1,4.0,81,2,1,3,1,2,1,2,2,0,0,1,0,High,3.0,19.5,0.14814814814814814,1.0,0.7365000000000002
22,98,1,2,0,5.0,69,0,0,1,0,2,0,0,4,0,0,1,1,Medium,3.0,21.56,0.21739130434782608,0.75,0.31349999999999995
16,73,1,1,0,7.0,95,1,1,1,0,1,0,0,4,0,1,0,0,Low,5.588235294117647,11.68,0.4117647058823529,0.75,0.5675
22,98,1,0,1,7.0,52,1,0,3,1,1,0,2,3,0,1,0,1,High,2.260869565217391,21.56,0.30434782608695654,0.5,0.4705
29,96,1,0,1,7.0,72,1,1,1,0,1,0,2,3,0,0,1,0,High,2.4,27.84,0.23333333333333334,0.5,0.4754999999999999
20,71,1,1,1,7.0,88,1,1,1,0,0,0,1,4,0,1,0,1,Low,4.190476190476191,14.2,0.3333333333333333,0.75,0.5395
29,92,0,1,0,4.0,91,1,1,2,1,1,0,0,1,0,2,0,1,High,3.033333333333333,26.68,0.13333333333333333,0.75,0.589
4,100,2,2,1,8.0,60,2,1,0,1,2,1,2,4,0,1,1,0,Medium,12.0,4.0,1.6,1.5,0.54
25,70,1,1,0,7.0,52,1,1,1,1,1,0,2,3,0,2,0,1,Low,2.0,17.5,0.2692307692307692,1.0,0.39549999999999996
21,77,0,1,1,7.0,90,1,1,4,1,1,1,1,3,0,2,1,0,Medium,4.090909090909091,16.17,0.3181818181818182,0.75,0.66
18,81,2,0,1,8.0,71,1,1,0,1,1,0,1,3,0,0,1,1,Low,3.736842105263158,14.58,0.42105263157894735,1.0,0.43399999999999994
21,72,1,1,1,5.0,57,1,1,1,2,1,0,1,5,1,1,1,0,Low,2.590909090909091,15.12,0.22727272727272727,1.25,0.4155
8,61,1,1,1,7.0,54,1,1,1,2,1,0,2,3,0,1,0,0,Low,6.0,4.88,0.7777777777777778,1.25,0.40349999999999997
19,69,1,2,1,7.0,82,2,1,1,0,1,0,0,2,0,0,0,0,Low,4.1,13.11,0.35,1.0,0.6655
22,71,2,1,0,6.0,79,2,1,1,0,0,0,2,3,0,0,0,0,Low,3.4347826086956523,15.62,0.2608695652173913,1.0,0.6535000000000001
29,78,2,2,1,4.0,93,0,1,5,1,2,0,1,3,0,1,0,0,High,3.1,22.62,0.13333333333333333,1.5,0.5595000000000001
17,67,1,1,1,5.0,52,2,1,2,1,1,1,0,3,0,0,2,1,Low,2.888888888888889,11.39,0.2777777777777778,1.0,0.583
15,95,1,1,0,7.0,93,1,1,2,0,1,0,2,4,0,1,1,0,High,5.8125,14.25,0.4375,0.75,0.597
17,88,1,2,1,7.0,94,0,1,0,1,1,0,1,3,0,0,0,0,Medium,5.222222222222222,14.96,0.3888888888888889,1.25,0.376
25,63,1,2,1,7.0,72,1,1,3,1,2,1,0,4,0,1,2,0,Medium,2.769230769230769,15.75,0.2692307692307692,1.25,0.5505
22,86,0,0,0,6.0,54,1,1,2,1,1,0,1,0,0,0,1,0,Low,2.347826086956522,18.92,0.2608695652173913,0.5,0.441
17,86,1,2,0,5.0,97,2,1,3,2,1,0,1,3,0,1,0,0,High,5.388888888888889,14.62,0.2777777777777778,1.5,0.8005
23,98,1,0,1,7.0,54,0,1,0,1,1,0,0,3,0,1,0,1,Medium,2.25,22.54,0.2916666666666667,0.75,0.21600000000000003
21,60,2,1,0,7.0,80,1,1,0,1,2,0,1,4,1,1,0,0,Low,3.6363636363636362,12.6,0.3181818181818182,1.25,0.4700000000000001
26,70,1,0,1,8.0,75,1,1,1,1,0,1,1,4,1,0,2,1,Low,2.7777777777777777,18.2,0.2962962962962963,0.75,0.48750000000000004
16,97,1,1,1,6.0,92,0,1,0,2,1,1,2,4,0,1,0,0,High,5.411764705882353,15.52,0.35294117647058826,1.25,0.36800000000000005
18,97,2,1,1,4.0,75,0,1,0,0,1,0,2,3,0,0,1,0,Medium,3.9473684210526314,17.46,0.21052631578947367,1.0,0.30000000000000004
18,89,2,1,1,4.0,73,1,1,3,2,1,1,2,2,0,1,0,1,High,3.8421052631578947,16.02,0.21052631578947367,1.5,0.5545
11,91,1,1,0,6.0,94,1,1,3,1,1,0,1,3,0,1,1,0,Medium,7.833333333333333,10.01,0.5,1.0,0.6385000000000001
22,64,0,1,0,7.0,98,0,0,1,1,1,0,0,3,0,0,0,0,Low,4.260869565217392,14.08,0.30434782608695654,0.5,0.4295
22,81,1,1,1,7.0,77,0,1,2,1,1,0,2,3,0,2,2,1,Medium,3.347826086956522,17.82,0.30434782608695654,1.0,0.38300000000000006
20,69,2,2,1,6.0,73,1,1,2,0,1,1,2,3,0,0,2,0,Low,3.4761904761904763,13.8,0.2857142857142857,1.25,0.5169999999999999
19,67,0,1,0,5.0,92,2,1,0,1,1,0,2,3,0,1,0,0,Low,4.6,12.73,0.25,0.75,0.668
12,92,1,1,0,4.0,92,2,1,2,1,2,0,1,3,1,0,1,0,Medium,7.076923076923077,11.04,0.3076923076923077,1.0,0.743
17,65,1,2,1,8.0,66,1,1,1,2,2,0,1,4,1,2,1,1,Low,3.6666666666666665,11.05,0.4444444444444444,1.5,0.4515
18,79,1,1,1,7.0,79,1,1,0,0,2,1,1,3,0,1,2,0,Low,4.157894736842105,14.22,0.3684210526315789,0.75,0.4660000000000001
15,98,2,1,0,6.0,58,2,1,0,0,2,0,2,3,0,1,0,0,Medium,3.625,14.7,0.375,1.0,0.532
19,67,1,1,0,5.0,82,2,1,1,0,0,1,0,3,0,0,0,0,Low,4.1,12.73,0.25,0.75,0.6655
22,99,1,0,1,6.0,92,0,1,3,1,1,0,0,4,0,2,1,0,High,4.0,21.78,0.2608695652173913,0.75,0.48050000000000004
31,100,1,1,0,7.0,59,1,1,2,2,2,0,2,5,0,2,1,0,High,1.84375,31.0,0.21875,1.25,0.461
21,82,1,2,1,7.0,66,2,1,3,0,1,0,2,3,1,1,0,1,Medium,3.0,17.22,0.3181818181818182,1.0,0.6765000000000001
22,67,1,1,1,7.0,72,2,1,3,0,2,0,2,2,0,2,1,1,Medium,3.130434782608696,14.74,0.30434782608695654,0.75,0.7004999999999999
20,73,2,1,1,9.0,92,1,1,2,1,2,0,2,3,0,1,0,0,Medium,4.380952380952381,14.6,0.42857142857142855,1.25,0.593
8,77,2,1,1,6.0,87,1,1,0,0,1,0,1,2,0,0,1,0,Low,9.666666666666666,6.16,0.6666666666666666,1.0,0.498
20,72,1,1,0,9.0,66,1,1,3,0,2,1,2,3,0,2,0,0,Medium,3.142857142857143,14.4,0.42857142857142855,0.75,0.5265
20,71,0,2,1,7.0,62,2,1,2,1,1,0,0,5,0,1,0,0,Low,2.9523809523809526,14.2,0.3333333333333333,1.0,0.623
35,99,2,2,1,7.0,85,0,1,2,1,2,1,1,2,0,2,0,1,High,2.361111111111111,34.65,0.19444444444444445,1.5,0.41500000000000004
19,66,1,1,0,8.0,74,1,1,1,2,1,0,1,3,0,0,0,1,Low,3.7,12.54,0.4,1.25,0.48349999999999993
22,89,2,2,1,6.0,80,1,1,1,2,2,0,2,3,0,0,0,1,High,3.4782608695652173,19.58,0.2608695652173913,1.75,0.5075000000000001
20,60,0,2,0,7.0,82,2,1,2,0,2,0,2,4,1,0,0,0,Low,3.9047619047619047,12.0,0.3333333333333333,0.75,0.703
13,84,1,1,0,5.0,78,1,1,1,0,2,0,2,2,0,0,0,0,Low,5.571428571428571,10.92,0.35714285714285715,0.75,0.49950000000000006
27,97,0,2,1,8.0,81,1,1,0,2,1,0,2,5,0,0,0,1,High,2.892857142857143,26.19,0.2857142857142857,1.25,0.4740000000000001
25,72,2,2,1,8.0,94,0,1,2,0,1,1,2,4,0,1,1,1,High,3.6153846153846154,18.0,0.3076923076923077,1.25,0.451
25,67,2,1,0,9.0,93,2,1,2,0,2,0,2,3,1,0,0,1,Medium,3.576923076923077,16.75,0.34615384615384615,1.0,0.747
15,86,1,1,1,7.0,57,1,1,1,1,1,0,0,3,0,1,0,0,Low,3.5625,12.9,0.4375,1.0,0.4155
28,89,0,2,1,9.0,79,2,1,0,0,1,1,2,1,0,1,1,1,High,2.7241379310344827,24.92,0.3103448275862069,0.75,0.6160000000000001
12,88,0,1,0,6.0,72,0,1,2,1,1,0,2,2,0,1,2,0,Low,5.538461538461538,10.56,0.46153846153846156,0.75,0.363
24,73,1,2,1,8.0,64,1,1,4,2,1,1,1,3,1,1,1,0,Medium,2.56,17.52,0.32,1.5,0.556
33,70,1,1,1,6.0,82,0,1,1,0,2,0,1,4,0,1,0,0,Medium,2.411764705882353,23.1,0.17647058823529413,0.75,0.3655
14,98,1,1,0,7.0,76,1,1,0,1,2,1,2,4,0,1,1,1,Medium,5.066666666666666,13.72,0.4666666666666667,1.0,0.45400000000000007
17,97,1,1,0,8.0,89,1,1,1,0,1,0,1,4,0,0,2,0,Medium,4.944444444444445,16.49,0.4444444444444444,0.75,0.5435
21,78,1,1,1,10.0,55,1,1,1,2,0,1,2,2,0,1,0,0,Medium,2.5,16.38,0.45454545454545453,1.25,0.4075
17,94,0,1,1,8.0,65,0,1,4,1,1,0,1,6,0,0,2,1,Medium,3.611111111111111,15.98,0.4444444444444444,0.75,0.41000000000000003
11,78,1,2,1,8.0,51,1,1,2,0,1,0,1,3,0,2,0,0,Low,4.25,8.58,0.6666666666666666,1.0,0.429
20,77,1,1,0,6.0,87,0,1,0,0,2,0,2,4,0,0,0,1,Low,4.142857142857143,15.4,0.2857142857142857,0.75,0.34800000000000003
14,66,2,0,0,7.0,96,1,1,3,0,2,0,0,3,0,0,0,0,Low,6.4,9.24,0.4666666666666667,0.75,0.6465000000000001
23,77,1,1,1,7.0,79,1,1,0,0,2,0,1,2,0,0,1,0,Low,3.2916666666666665,17.71,0.2916666666666667,0.75,0.4660000000000001
14,81,1,1,0,9.0,81,1,1,1,0,2,1,0,3,0,2,0,1,Low,5.4,11.34,0.6,0.75,0.5115000000000001
29,61,1,2,1,7.0,52,0,1,3,0,1,1,2,3,0,1,0,1,Medium,1.7333333333333334,17.69,0.23333333333333334,1.0,0.3205
15,78,2,2,0,9.0,75,0,1,1,0,1,0,0,1,0,0,0,0,Low,4.6875,11.7,0.5625,1.25,0.3375
18,91,0,1,1,5.0,76,1,1,1,1,1,0,1,3,0,0,0,1,Medium,4.0,16.38,0.2631578947368421,0.75,0.49150000000000005
25,87,1,0,0,9.0,52,2,1,1,0,2,1,2,2,0,0,0,0,Medium,2.0,21.75,0.34615384615384615,0.5,0.5455
13,85,2,1,0,6.0,89,1,1,0,2,1,1,1,1,1,0,0,0,Low,6.357142857142857,11.05,0.42857142857142855,1.5,0.506
300,96,1,1,0,8.0,64,2,1,2,1,2,0,1,0,0,1,0,0,High,0.21262458471760798,288.0,0.026578073089700997,1.0,0.631
28,61,1,2,0,6.0,86,2,1,1,0,1,1,0,3,1,2,2,0,Low,2.9655172413793105,17.08,0.20689655172413793,1.0,0.6815
10,82,1,0,0,8.0,70,1,1,3,0,2,0,2,1,1,2,0,1,Low,6.363636363636363,8.2,0.7272727272727273,0.5,0.5425
21,91,2,1,0,6.0,100,1,1,0,2,1,1,1,2,0,2,0,1,High,4.545454545454546,19.11,0.2727272727272727,1.5,0.55
22,82,1,1,0,9.0,61,1,1,2,0,1,0,0,2,1,0,0,1,Low,2.652173913043478,18.04,0.391304347826087,0.75,0.46900000000000003
25,73,1,2,0,8.0,53,2,0,0,0,2,1,0,5,0,2,0,1,Low,2.0384615384615383,18.25,0.3076923076923077,0.75,0.512
13,65,0,2,0,6.0,99,1,1,0,0,1,1,0,4,0,0,0,0,Low,7.071428571428571,8.45,0.42857142857142855,0.75,0.546
12,96,0,2,1,8.0,62,1,1,2,1,2,0,0,3,0,1,0,1,Medium,4.769230769230769,11.52,0.6153846153846154,1.0,0.47300000000000003
23,79,2,2,1,8.0,82,0,1,3,1,1,0,0,3,1,2,1,1,Medium,3.4166666666666665,18.17,0.3333333333333333,1.5,0.4405
22,95,1,2,1,6.0,69,1,1,1,0,1,0,2,3,0,1,0,1,High,3.0,20.9,0.2608695652173913,1.0,0.4634999999999999
22,83,1,2,1,5.0,82,1,1,2,0,2,0,2,3,0,2,0,1,High,3.5652173913043477,18.26,0.21739130434782608,1.0,0.5529999999999999
22,87,2,2,0,5.0,80,0,1,2,0,2,0,0,3,0,0,0,1,High,3.4782608695652173,19.14,0.21739130434782608,1.25,0.3950000000000001
16,92,1,2,1,5.0,85,0,1,1,0,1,0,1,2,0,0,1,0,Medium,5.0,14.72,0.29411764705882354,1.0,0.3775
21,86,0,1,1,5.0,51,1,1,2,0,2,0,2,2,0,0,1,1,Medium,2.3181818181818183,18.06,0.22727272727272727,0.5,0.429
22,76,1,1,1,8.0,92,1,1,1,0,2,0,1,4,0,0,0,1,Medium,4.0,16.72,0.34782608695652173,0.75,0.5555
16,81,1,1,1,8.0,74,1,1,3,1,1,0,2,2,0,2,0,1,Medium,4.352941176470588,12.96,0.47058823529411764,1.0,0.5585
31,92,1,1,1,4.0,76,1,1,2,1,2,0,2,4,1,0,2,0,High,2.375,28.52,0.125,1.0,0.529
23,75,0,2,0,6.0,71,0,1,0,1,1,0,1,2,0,1,0,0,Low,2.9583333333333335,17.25,0.25,1.0,0.284
13,76,1,2,0,5.0,99,0,1,2,1,1,1,2,4,0,0,0,1,Low,7.071428571428571,9.88,0.35714285714285715,1.25,0.47100000000000003
24,64,1,1,1,8.0,90,2,1,0,0,2,0,0,3,0,0,0,0,Low,3.6,15.36,0.32,0.75,0.66
14,97,1,1,1,6.0,66,1,1,2,1,1,0,0,3,1,1,0,1,Medium,4.4,13.58,0.4,1.0,0.48900000000000005
25,64,1,2,0,5.0,89,0,1,2,1,1,0,1,4,0,1,2,0,Low,3.423076923076923,16.0,0.19230769230769232,1.25,0.43100000000000005
27,86,1,1,0,7.0,72,0,1,1,1,2,0,2,4,0,0,2,0,Medium,2.5714285714285716,23.22,0.25,1.0,0.32549999999999996
15,77,1,1,1,8.0,94,0,1,0,2,2,0,2,3,0,1,1,0,Low,5.875,11.55,0.5,1.25,0.376
26,76,1,2,1,6.0,52,1,1,4,2,0,0,1,3,0,0,0,0,Medium,1.9259259259259258,19.76,0.2222222222222222,1.5,0.508
22,87,2,1,1,7.0,68,1,0,0,0,1,0,1,2,0,0,0,0,Medium,2.9565217391304346,19.14,0.30434782608695654,0.75,0.42200000000000004
25,63,2,1,1,6.0,71,1,1,1,1,0,1,2,3,0,0,0,0,Low,2.730769230769231,15.75,0.23076923076923078,1.25,0.4714999999999999
31,84,1,1,1,9.0,87,1,1,2,0,1,1,1,3,0,1,2,0,High,2.71875,26.04,0.28125,0.75,0.573
19,91,2,0,0,6.0,59,1,1,5,1,2,0,1,4,0,1,1,0,High,2.95,17.29,0.3,1.0,0.5735
15,93,2,1,0,6.0,64,1,1,2,1,2,0,2,4,0,2,0,0,High,4.0,13.95,0.375,1.25,0.48100000000000004
15,67,1,1,1,7.0,86,2,1,1,2,1,1,2,3,0,2,0,0,Low,5.375,10.05,0.4375,1.25,0.6815
15,96,1,1,0,7.0,54,2,0,3,1,2,0,0,2,0,0,0,0,Medium,3.375,14.4,0.4375,0.75,0.6285000000000001
20,86,2,0,0,8.0,60,1,1,1,1,1,0,1,4,1,1,2,1,Low,2.857142857142857,17.2,0.38095238095238093,1.0,0.4275
22,95,1,2,0,9.0,88,0,1,0,0,2,0,2,2,0,2,0,0,High,3.8260869565217392,20.9,0.391304347826087,1.0,0.35200000000000004
22,79,1,1,0,9.0,94,1,1,1,1,1,0,2,3,0,0,0,0,Medium,4.086956521739131,17.38,0.391304347826087,1.0,0.5635
25,82,1,1,0,6.0,86,1,0,3,0,2,0,2,3,0,0,0,1,Medium,3.3076923076923075,20.5,0.23076923076923078,0.5,0.6065
20,97,1,1,1,7.0,76,0,1,2,0,0,1,2,3,0,2,0,0,High,3.619047619047619,19.4,0.3333333333333333,0.75,0.37900000000000006
29,96,1,1,1,9.0,55,0,0,0,1,1,0,1,2,0,2,2,1,High,1.8333333333333333,27.84,0.3,0.75,0.22000000000000003
18,78,1,1,0,9.0,91,2,1,2,2,0,0,1,4,0,1,2,1,Medium,4.7894736842105265,14.04,0.47368421052631576,1.25,0.739
36,71,1,1,1,6.0,56,1,1,2,2,1,0,2,2,0,0,2,0,Medium,1.5135135135135136,25.56,0.16216216216216217,1.25,0.449
24,76,0,2,0,8.0,69,0,1,2,1,1,0,1,1,0,0,1,0,Low,2.76,18.24,0.32,1.0,0.351
15,76,2,2,0,8.0,53,1,1,1,0,1,0,1,4,0,1,0,0,Low,3.3125,11.4,0.5,1.25,0.39949999999999997
14,71,1,1,1,8.0,85,0,1,2,1,2,0,1,4,0,0,0,0,Low,5.666666666666667,9.94,0.5333333333333333,1.0,0.41500000000000004
23,71,0,0,1,9.0,75,0,1,1,0,1,0,0,2,0,1,0,0,Low,3.125,16.33,0.375,0.25,0.3375
19,94,0,1,1,5.0,95,1,1,3,0,0,0,2,2,0,0,1,0,Medium,4.75,17.86,0.25,0.5,0.6425000000000001
24,63,1,0,1,6.0,57,1,1,1,0,2,1,1,5,0,1,0,1,Low,2.28,15.12,0.24,0.5,0.4155
23,87,2,2,1,8.0,91,2,1,0,2,1,1,2,3,0,0,1,0,High,3.7916666666666665,20.01,0.3333333333333333,1.75,0.664
20,67,0,1,1,7.0,76,1,1,0,1,1,0,1,4,0,0,0,0,Low,3.619047619047619,13.4,0.3333333333333333,0.75,0.45400000000000007
15,74,0,2,1,4.0,68,0,1,3,0,1,0,2,3,0,0,0,1,Low,4.25,11.1,0.25,0.75,0.3845
11,62,1,2,1,5.0,82,1,1,3,2,1,1,1,4,0,1,1,0,Low,6.833333333333333,6.82,0.4166666666666667,1.5,0.5905
17,71,1,1,1,8.0,90,1,1,5,1,1,0,2,1,0,2,2,0,Medium,5.0,12.07,0.4444444444444444,1.0,0.6975
25,91,1,1,0,8.0,72,0,1,2,1,2,0,2,0,0,2,0,0,High,2.769230769230769,22.75,0.3076923076923077,1.0,0.363
21,95,1,1,0,5.0,62,2,1,1,1,0,0,2,4,0,0,0,0,High,2.8181818181818183,19.95,0.22727272727272727,1.0,0.5855
13,69,1,0,1,9.0,96,0,1,0,2,1,1,1,4,0,0,2,1,Low,6.857142857142857,8.97,0.6428571428571429,1.0,0.384
21,79,1,2,1,7.0,66,0,1,2,0,1,0,0,4,0,1,1,0,Medium,3.0,16.59,0.3181818181818182,1.0,0.339
22,79,2,1,0,5.0,100,1,1,4,2,2,0,0,3,0,1,0,0,High,4.3478260869565215,17.38,0.21739130434782608,1.5,0.7000000000000001
15,95,0,0,1,6.0,88,0,1,1,0,1,0,0,5,0,0,0,0,Low,5.5,14.25,0.375,0.25,0.3895
21,91,1,2,1,5.0,84,1,1,1,2,0,0,1,2,0,0,0,0,High,3.8181818181818183,19.11,0.22727272727272727,1.5,0.5235
20,81,2,1,1,6.0,51,2,0,3,1,1,0,1,4,1,0,0,0,Medium,2.4285714285714284,16.2,0.2857142857142857,1.0,0.6165
13,87,2,0,1,4.0,72,1,1,2,1,2,0,1,3,0,0,1,1,Medium,5.142857142857143,11.31,0.2857142857142857,1.0,0.5129999999999999
22,94,0,1,1,7.0,75,2,1,2,2,1,0,1,2,0,1,0,1,High,3.260869565217391,20.68,0.30434782608695654,1.0,0.675
23,60,2,1,1,8.0,69,1,1,1,0,1,1,2,4,0,1,0,0,Low,2.875,13.8,0.3333333333333333,1.0,0.4634999999999999
26,76,1,1,1,5.0,57,1,1,1,1,1,0,2,4,0,0,0,0,Medium,2.111111111111111,19.76,0.18518518518518517,1.0,0.4155
26,96,1,1,1,7.0,68,1,1,3,2,1,1,2,3,0,1,0,1,High,2.5185185185185186,24.96,0.25925925925925924,1.25,0.5345
12,90,1,0,1,6.0,54,1,0,1,2,1,0,1,3,0,0,0,0,Low,4.153846153846154,10.8,0.46153846153846156,0.75,0.40349999999999997
14,82,1,1,0,8.0,65,1,1,1,0,1,1,2,3,0,1,0,0,Low,4.333333333333333,11.48,0.5333333333333333,0.75,0.4475
23,81,0,1,1,4.0,54,1,1,1,0,1,0,1,3,0,1,0,0,Low,2.25,18.63,0.16666666666666666,0.5,0.40349999999999997
23,74,1,2,1,8.0,88,0,1,0,1,2,0,0,3,1,0,0,0,Low,3.6666666666666665,17.02,0.3333333333333333,1.25,0.35200000000000004
23,81,1,0,0,4.0,84,1,1,2,1,1,0,2,5,0,0,0,0,Medium,3.5,18.63,0.16666666666666666,0.75,0.5609999999999999
43,86,2,1,1,7.0,97,1,1,2,1,2,0,2,1,0,0,0,1,High,2.2045454545454546,36.98,0.1590909090909091,1.25,0.613
23,77,1,2,1,6.0,69,0,1,1,1,1,1,2,2,0,0,1,1,Medium,2.875,17.71,0.25,1.25,0.31349999999999995
27,89,1,2,1,6.0,89,1,1,3,1,1,1,2,3,0,0,0,0,High,3.1785714285714284,24.03,0.21428571428571427,1.25,0.6185
26,94,1,2,0,5.0,79,2,1,1,0,2,0,2,2,0,2,0,0,High,2.925925925925926,24.44,0.18518518518518517,1.0,0.6535000000000001
24,66,1,0,0,9.0,82,0,1,1,1,1,0,1,2,1,0,0,1,Low,3.28,15.84,0.36,0.75,0.3655
18,78,2,1,1,5.0,77,1,0,2,1,1,0,1,4,0,0,2,0,Low,4.052631578947368,14.04,0.2631578947368421,1.0,0.533
25,76,1,1,1,5.0,89,2,1,3,1,2,0,1,3,0,0,2,1,Medium,3.423076923076923,19.0,0.19230769230769232,1.0,0.7685
15,87,1,2,1,10.0,52,1,1,2,0,2,1,2,3,0,1,0,0,Medium,3.25,13.05,0.625,1.0,0.433
19,70,1,0,0,7.0,54,2,1,0,1,1,0,2,2,1,0,1,0,High,2.7,13.3,0.35,0.75,0.516
17,86,2,0,0,5.0,55,0,0,2,2,1,1,1,4,0,1,0,0,Low,3.0555555555555554,14.62,0.2777777777777778,1.0,0.29500000000000004
20,95,0,1,1,7.0,64,0,0,2,1,2,0,1,3,0,0,0,1,Medium,3.0476190476190474,19.0,0.3333333333333333,0.5,0.331
34,77,1,0,1,7.0,80,0,1,0,1,1,0,2,3,0,0,0,0,Medium,2.2857142857142856,26.18,0.2,0.75,0.32000000000000006
9,96,1,1,1,4.0,82,2,0,0,0,1,0,2,4,0,1,0,0,Medium,8.2,8.64,0.4,0.5,0.628
24,100,2,2,1,6.0,86,0,1,2,1,1,1,2,5,0,0,0,0,High,3.44,24.0,0.24,1.5,0.41900000000000004
10,64,1,2,0,7.0,64,2,1,0,1,1,0,2,4,1,0,1,1,Low,5.818181818181818,6.4,0.6363636363636364,1.25,0.556
17,69,2,1,1,9.0,83,1,1,2,1,2,1,2,4,1,1,1,1,Low,4.611111111111111,11.73,0.5,1.25,0.5569999999999999
27,98,0,2,1,7.0,56,0,1,1,2,1,1,2,3,0,1,0,1,High,2.0,26.46,0.25,1.25,0.2615
20,98,1,0,0,7.0,50,0,1,1,1,2,1,1,2,0,0,0,1,Medium,2.380952380952381,19.6,0.3333333333333333,0.75,0.23750000000000002
14,64,1,1,1,6.0,85,1,1,0,1,1,0,1,3,0,0,0,0,Low,5.666666666666667,8.96,0.4,1.0,0.49
16,61,1,1,0,9.0,86,0,1,2,0,2,0,2,2,0,0,0,0,Low,5.0588235294117645,9.76,0.5294117647058824,0.75,0.41900000000000004
24,66,2,0,1,8.0,81,2,1,1,1,1,0,1,4,0,0,2,0,Low,3.24,15.84,0.32,1.0,0.6615000000000001
16,100,2,0,1,8.0,63,2,1,2,0,1,0,0,3,0,0,1,0,Medium,3.7058823529411766,16.0,0.47058823529411764,0.75,0.627
21,67,1,1,0,7.0,96,0,1,3,0,1,0,1,2,0,0,2,1,Low,4.363636363636363,14.07,0.3181818181818182,0.75,0.4965
20,80,1,2,0,5.0,94,1,1,0,0,0,1,2,4,1,2,1,1,Medium,4.476190476190476,16.0,0.23809523809523808,1.0,0.526
16,94,2,1,1,9.0,76,1,1,0,0,2,0,1,2,0,0,0,0,High,4.470588235294118,15.04,0.5294117647058824,1.0,0.45400000000000007
33,61,1,1,0,7.0,99,2,1,2,1,2,0,1,3,0,1,0,1,High,2.911764705882353,20.13,0.20588235294117646,1.0,0.7709999999999999
24,84,2,0,0,7.0,65,0,1,3,1,2,0,2,3,0,0,0,1,Medium,2.6,20.16,0.28,1.0,0.3725
8,71,2,0,0,8.0,75,1,1,0,1,2,0,2,3,0,0,0,0,Low,8.333333333333334,5.68,0.8888888888888888,1.0,0.45000000000000007
21,94,1,1,0,7.0,96,0,1,0,1,1,1,1,2,1,2,1,0,Medium,4.363636363636363,19.74,0.3181818181818182,1.0,0.384
16,71,2,1,1,5.0,73,1,1,1,1,1,0,1,0,1,0,0,0,Low,4.294117647058823,11.36,0.29411764705882354,1.25,0.4794999999999999
25,87,1,0,1,7.0,74,0,1,0,1,2,0,1,4,1,0,0,0,Medium,2.8461538461538463,21.75,0.2692307692307692,0.75,0.296
15,87,0,1,0,4.0,54,1,1,1,1,1,0,1,6,0,0,1,0,Low,3.375,13.05,0.25,0.75,0.40349999999999997
19,69,1,1,1,7.0,61,2,1,3,2,2,0,1,4,0,0,1,0,Low,3.05,13.11,0.35,1.25,0.6565000000000001
23,61,0,1,0,9.0,58,1,1,4,1,1,0,1,2,0,0,0,0,Low,2.4166666666666665,14.03,0.375,0.75,0.532
25,76,1,2,1,4.0,78,1,1,2,1,1,1,0,3,0,0,1,1,Medium,3.0,19.0,0.15384615384615385,1.25,0.537
13,72,2,2,0,7.0,66,1,1,0,0,2,0,1,4,0,2,0,0,Low,4.714285714285714,9.36,0.5,1.25,0.41400000000000003
18,92,0,1,1,8.0,54,1,1,1,0,1,0,2,3,0,0,0,0,Medium,2.8421052631578947,16.56,0.42105263157894735,0.5,0.40349999999999997
17,92,0,0,1,8.0,75,1,1,2,0,2,0,1,3,0,2,0,1,Medium,4.166666666666667,15.64,0.4444444444444444,0.25,0.525
16,78,1,2,0,6.0,83,1,1,0,0,0,0,1,3,1,1,0,0,Low,4.882352941176471,12.48,0.35294117647058826,1.0,0.482
31,84,1,1,0,5.0,87,2,1,0,0,1,1,2,3,0,1,1,0,High,2.71875,26.04,0.15625,0.75,0.648
22,84,1,1,1,6.0,92,0,1,0,0,1,0,1,5,0,0,0,1,Medium,4.0,18.48,0.2608695652173913,0.75,0.36800000000000005
12,93,1,1,1,9.0,74,0,1,1,0,1,0,1,3,0,2,1,0,Medium,5.6923076923076925,11.16,0.6923076923076923,0.75,0.33349999999999996
26,77,0,1,0,4.0,70,0,1,2,0,0,0,1,3,1,1,1,1,Low,2.5925925925925926,20.02,0.14814814814814814,0.5,0.355
33,71,1,1,0,5.0,84,1,1,1,0,1,0,2,2,0,0,0,0,Medium,2.4705882352941178,23.43,0.14705882352941177,0.75,0.5235
26,71,1,1,1,6.0,51,0,0,1,0,1,1,2,3,0,2,1,0,Medium,1.8888888888888888,18.46,0.2222222222222222,0.5,0.24150000000000002
11,81,1,1,1,6.0,82,2,1,3,0,2,0,1,4,0,0,0,0,Medium,6.833333333333333,8.91,0.5,0.75,0.7404999999999999
17,78,1,2,1,7.0,70,1,0,2,0,2,0,2,3,0,0,0,0,Low,3.888888888888889,13.26,0.3888888888888889,0.75,0.5049999999999999
28,78,1,1,0,9.0,73,2,1,2,0,1,0,1,4,0,1,1,1,High,2.5172413793103448,21.84,0.3103448275862069,0.75,0.6669999999999999
16,64,1,0,1,5.0,65,1,1,3,0,2,1,2,4,0,2,1,1,Low,3.823529411764706,10.24,0.29411764705882354,0.5,0.5225
23,89,1,0,1,7.0,56,0,1,4,0,0,1,2,4,0,2,0,1,Medium,2.3333333333333335,20.47,0.2916666666666667,0.5,0.374
25,69,1,1,1,7.0,70,0,0,1,0,2,0,2,4,0,0,2,1,Low,2.6923076923076925,17.25,0.2692307692307692,0.5,0.31749999999999995
14,68,1,1,0,6.0,65,1,1,1,0,1,0,1,3,1,1,0,0,Low,4.333333333333333,9.52,0.4,0.75,0.4475
20,77,1,1,0,5.0,98,0,1,2,0,2,1,1,2,0,2,2,1,Medium,4.666666666666667,15.4,0.23809523809523808,0.75,0.467
1,69,1,1,1,6.0,97,1,1,1,0,1,0,2,3,0,0,0,1,Low,48.5,0.69,3.0,0.75,0.5755
14,83,1,0,1,6.0,82,1,1,0,0,1,0,2,2,0,0,0,1,Low,5.466666666666667,11.62,0.4,0.5,0.478
18,75,1,2,1,8.0,95,1,1,1,0,0,0,1,2,0,1,0,1,Low,5.0,13.5,0.42105263157894735,1.0,0.5675
13,78,1,2,1,8.0,88,2,1,0,0,0,0,1,3,0,1,0,0,Low,6.285714285714286,10.14,0.5714285714285714,1.0,0.652
30,81,1,0,1,5.0,67,1,1,1,0,2,0,0,1,0,0,0,0,Medium,2.161290322580645,24.3,0.16129032258064516,0.5,0.4555
11,68,1,1,0,6.0,80,1,1,2,0,1,0,2,3,0,1,1,1,Low,6.666666666666667,7.48,0.5,0.75,0.545
17,66,1,2,0,6.0,61,1,1,1,0,1,0,2,6,0,2,0,0,Low,3.388888888888889,11.22,0.3333333333333333,1.0,0.4315
21,95,1,0,0,10.0,84,0,1,0,0,1,0,1,4,1,0,0,0,Medium,3.8181818181818183,19.95,0.45454545454545453,0.5,0.336
29,77,1,2,1,7.0,52,1,1,2,0,1,0,0,3,1,0,0,1,Medium,1.7333333333333334,22.33,0.23333333333333334,1.0,0.433
11,76,1,1,1,5.0,92,1,1,4,0,0,0,0,2,0,2,0,0,Low,7.666666666666667,8.36,0.4166666666666667,0.75,0.668
27,61,1,1,0,6.0,79,1,1,1,0,1,0,2,3,0,0,1,0,Low,2.8214285714285716,16.47,0.21428571428571427,0.75,0.5035000000000001
20,80,1,0,1,6.0,53,1,1,0,0,1,0,1,2,0,1,1,0,Low,2.5238095238095237,16.0,0.2857142857142857,0.5,0.362
14,82,1,2,1,8.0,94,0,1,2,0,2,0,0,5,0,1,2,1,Medium,6.266666666666667,11.48,0.5333333333333333,1.0,0.451
23,82,1,1,1,8.0,94,1,1,1,0,1,0,0,2,1,0,0,0,Low,3.9166666666666665,18.86,0.3333333333333333,0.75,0.5635
21,88,1,2,0,7.0,93,1,1,4,0,1,0,2,3,0,0,0,1,High,4.2272727272727275,18.48,0.3181818181818182,1.0,0.672
16,67,1,2,0,7.0,89,2,1,3,0,1,0,2,3,0,1,0,0,Low,5.235294117647059,10.72,0.4117647058823529,1.0,0.7685
20,70,1,1,1,7.0,84,0,0,2,0,2,1,1,4,0,1,2,0,Low,4.0,14.0,0.3333333333333333,0.5,0.41100000000000003
18,92,1,1,1,7.0,70,1,1,1,0,1,0,1,3,0,0,1,0,Medium,3.6842105263157894,16.56,0.3684210526315789,0.75,0.4674999999999999
21,98,1,0,0,4.0,57,1,1,2,0,0,0,1,2,0,0,0,1,Medium,2.590909090909091,20.58,0.18181818181818182,0.5,0.453
24,65,1,0,0,7.0,64,0,1,1,0,1,0,1,1,0,2,0,0,Low,2.56,15.6,0.28,0.5,0.2935
30,80,1,2,0,6.0,67,1,1,3,0,1,0,0,4,0,1,1,1,Medium,2.161290322580645,24.0,0.1935483870967742,1.0,0.5305
13,69,1,0,1,5.0,68,0,1,0,0,1,0,2,1,1,0,1,1,Low,4.857142857142857,8.97,0.35714285714285715,0.5,0.272
33,62,1,1,1,10.0,78,1,1,0,0,1,1,2,3,0,0,1,1,Medium,2.2941176470588234,20.46,0.29411764705882354,0.75,0.4620000000000001
8,73,1,1,0,7.0,60,1,0,0,0,1,1,1,3,0,0,0,1,Low,6.666666666666667,5.84,0.7777777777777778,0.5,0.39
19,66,1,2,0,7.0,59,1,1,1,0,1,0,0,3,0,0,2,0,Low,2.95,12.54,0.35,1.0,0.4235
24,88,1,1,1,6.0,86,0,1,0,0,0,0,0,3,0,1,0,0,Medium,3.44,21.12,0.24,0.75,0.34400000000000003
22,81,1,2,1,8.0,50,2,1,4,0,1,1,2,5,0,0,2,1,Medium,2.1739130434782608,17.82,0.34782608695652173,1.0,0.65
16,66,1,2,1,5.0,57,2,1,3,0,1,0,2,3,0,0,1,1,Low,3.3529411764705883,10.56,0.29411764705882354,1.0,0.6405000000000001
19,60,1,1,1,7.0,72,2,1,3,0,2,0,2,3,0,0,1,1,Low,3.6,11.4,0.35,0.75,0.7004999999999999
17,92,1,0,1,6.0,57,1,1,2,0,1,1,2,2,1,0,1,1,Low,3.1666666666666665,15.64,0.3333333333333333,0.5,0.453
16,67,1,1,0,8.0,98,1,1,0,0,0,0,1,3,0,0,0,1,Low,5.764705882352941,10.72,0.47058823529411764,0.75,0.542
25,84,1,0,1,6.0,84,0,1,2,0,2,0,2,3,0,0,0,0,High,3.230769230769231,21.0,0.23076923076923078,0.5,0.41100000000000003
22,73,1,1,1,9.0,72,0,1,3,0,1,0,2,3,0,0,0,1,Low,3.130434782608696,16.06,0.391304347826087,0.75,0.40049999999999997
16,83,1,2,1,7.0,56,0,1,4,0,1,0,2,3,0,0,0,1,Medium,3.2941176470588234,13.28,0.4117647058823529,1.0,0.374
25,73,1,0,0,8.0,69,1,1,3,0,1,1,2,3,0,0,0,1,Low,2.6538461538461537,18.25,0.3076923076923077,0.5,0.5385
22,63,1,0,0,8.0,83,1,1,3,0,1,1,0,1,0,1,0,0,Low,3.608695652173913,13.86,0.34782608695652173,0.5,0.5945
25,69,1,1,1,9.0,98,1,1,1,0,1,0,0,3,1,1,1,1,Low,3.769230769230769,17.25,0.34615384615384615,0.75,0.5795
24,68,1,1,1,6.0,74,1,1,1,0,1,0,1,3,0,0,0,1,Low,2.96,16.32,0.24,0.75,0.48349999999999993
15,77,1,1,1,8.0,85,2,1,1,0,1,0,2,2,0,2,1,0,Low,5.3125,11.55,0.5,0.75,0.6775
17,86,1,0,1,4.0,60,2,1,2,0,0,1,2,3,1,1,1,1,Medium,3.3333333333333335,14.62,0.2222222222222222,0.5,0.615
24,71,1,1,1,7.0,81,1,1,0,0,1,1,2,3,0,0,0,0,Low,3.24,17.04,0.28,0.75,0.4740000000000001
250,60,1,1,0,6.0,62,2,1,4,0,2,0,0,3,0,0,0,1,Low,0.24701195219123506,150.0,0.02390438247011952,0.75,0.6980000000000001
20,81,1,1,1,5.0,60,0,1,3,0,1,0,2,4,1,0,0,0,Low,2.857142857142857,16.2,0.23809523809523808,0.75,0.3525
21,84,1,1,0,6.0,75,0,0,1,0,1,0,2,3,0,1,1,0,Medium,3.409090909090909,17.64,0.2727272727272727,0.5,0.3375
28,99,1,1,1,6.0,61,1,0,1,0,1,0,2,3,0,0,0,0,High,2.103448275862069,27.72,0.20689655172413793,0.5,0.4315
16,84,1,2,1,7.0,86,1,1,1,0,1,1,1,2,0,0,0,1,Medium,5.0588235294117645,13.44,0.4117647058823529,1.0,0.5315
23,79,1,2,1,6.0,97,1,1,1,0,0,0,1,4,0,0,1,0,Medium,4.041666666666667,18.17,0.25,1.0,0.5755
19,83,1,1,1,7.0,70,1,1,2,0,1,0,0,4,1,2,0,1,Medium,3.5,15.77,0.35,0.75,0.5049999999999999
19,97,1,1,1,6.0,66,2,1,2,0,1,1,2,2,0,1,1,1,High,3.3,18.43,0.3,0.75,0.639
27,93,1,0,0,6.0,59,2,1,2,0,1,1,0,4,0,0,0,1,High,2.107142857142857,25.11,0.21428571428571427,0.5,0.611
25,73,1,2,1,7.0,70,0,1,0,0,1,1,1,4,0,2,1,0,Medium,2.6923076923076925,18.25,0.2692307692307692,1.0,0.27999999999999997
25,69,1,2,1,7.0,78,1,1,0,0,2,0,0,3,0,0,2,1,Low,3.0,17.25,0.2692307692307692,1.0,0.4620000000000001
28,71,1,1,0,8.0,69,2,1,1,0,2,1,1,1,0,1,1,1,Medium,2.3793103448275863,19.88,0.27586206896551724,0.75,0.6134999999999999
20,80,1,2,0,8.0,81,1,1,3,0,1,1,0,4,0,2,0,0,Medium,3.857142857142857,16.0,0.38095238095238093,1.0,0.5865
24,90,1,0,0,7.0,83,1,1,0,0,1,1,2,3,0,1,0,0,Medium,3.32,21.6,0.28,0.5,0.482
18,80,1,1,0,8.0,55,0,1,2,0,0,0,1,3,0,0,1,0,Low,2.8947368421052633,14.4,0.42105263157894735,0.75,0.29500000000000004
22,63,1,2,1,7.0,85,1,1,4,0,2,0,0,3,0,1,0,1,Medium,3.6956521739130435,13.86,0.30434782608695654,1.0,0.64
19,89,1,1,1,7.0,95,1,1,0,0,1,0,2,3,0,0,0,0,High,4.75,16.91,0.35,0.75,0.53
21,92,1,0,1,8.0,51,0,1,0,0,1,0,1,2,0,1,1,0,Low,2.3181818181818183,19.32,0.36363636363636365,0.5,0.20400000000000001
24,72,1,2,0,6.0,78,2,1,0,0,2,0,0,6,0,0,0,1,Medium,3.12,17.28,0.24,1.0,0.6120000000000001
15,87,1,0,1,4.0,80,2,1,0,0,1,1,2,3,0,1,0,0,Medium,5.0,13.05,0.25,0.5,0.6200000000000001
33,77,1,2,1,5.0,85,1,1,0,0,1,1,1,5,0,0,2,1,Medium,2.5,25.41,0.14705882352941177,1.0,0.49
14,96,1,1,1,9.0,69,2,1,0,0,1,1,0,3,1,1,0,1,Low,4.6,13.44,0.6,0.75,0.576
13,94,1,1,1,7.0,91,0,1,3,0,1,0,1,3,0,0,0,0,Medium,6.5,12.22,0.5,0.75,0.47650000000000003
27,81,1,1,1,7.0,77,1,1,2,0,0,0,1,2,1,2,1,1,Medium,2.75,21.87,0.25,0.75,0.533
25,88,1,1,1,7.0,70,0,1,1,0,1,1,2,3,0,2,1,0,High,2.6923076923076925,22.0,0.2692307692307692,0.75,0.31749999999999995
24,95,1,2,1,8.0,86,2,1,1,0,2,1,1,3,0,1,0,0,High,3.44,22.8,0.32,1.0,0.6815
24,80,1,2,1,7.0,96,2,1,0,0,2,0,2,0,0,1,1,1,High,3.84,19.2,0.28,1.0,0.6839999999999999
20,73,1,1,1,7.0,91,0,1,1,0,2,0,1,2,0,2,1,0,Low,4.333333333333333,14.6,0.3333333333333333,0.75,0.4015
15,90,1,1,1,8.0,97,1,1,1,0,2,1,0,3,0,1,0,1,Medium,6.0625,13.5,0.5,0.75,0.5755
20,69,1,2,0,6.0,63,0,1,0,0,1,0,0,3,0,2,0,0,Low,3.0,13.8,0.2857142857142857,1.0,0.252
16,76,1,2,1,8.0,56,1,0,1,0,1,0,2,1,0,0,0,0,Low,3.2941176470588234,12.16,0.47058823529411764,0.75,0.4115
26,95,1,2,0,7.0,77,1,1,0,0,1,0,1,3,0,0,1,1,High,2.8518518518518516,24.7,0.25925925925925924,1.0,0.4580000000000001
19,89,1,1,1,7.0,52,1,1,2,0,1,0,0,4,0,0,1,0,Medium,2.6,16.91,0.35,0.75,0.433
15,76,1,1,1,6.0,84,0,1,0,0,2,0,1,3,0,1,0,1,Low,5.25,11.4,0.375,0.75,0.336
18,69,1,2,0,7.0,62,0,1,3,0,1,0,2,3,0,0,1,0,Low,3.263157894736842,12.42,0.3684210526315789,1.0,0.3605
22,74,1,2,1,6.0,73,0,1,3,0,2,0,2,4,0,2,1,1,High,3.1739130434782608,16.28,0.2608695652173913,1.0,0.40449999999999997
17,71,1,1,1,9.0,83,0,1,2,0,1,0,1,5,0,0,0,0,Low,4.611111111111111,12.07,0.5,0.75,0.40700000000000003
15,67,1,1,0,4.0,74,1,1,0,0,1,0,0,3,0,1,1,0,Low,4.625,10.05,0.25,0.75,0.44599999999999995
21,90,1,1,1,8.0,62,0,1,2,0,2,0,0,5,1,0,0,0,Medium,2.8181818181818183,18.9,0.36363636363636365,0.75,0.323
21,70,1,2,1,4.0,94,1,1,0,0,2,1,1,2,0,1,2,0,Low,4.2727272727272725,14.7,0.18181818181818182,1.0,0.526
17,78,1,2,0,8.0,88,1,1,0,0,1,0,0,3,0,0,0,1,Low,4.888888888888889,13.26,0.4444444444444444,1.0,0.502
17,75,1,2,1,6.0,80,1,0,1,0,1,1,2,5,0,0,1,0,Low,4.444444444444445,12.75,0.3333333333333333,0.75,0.5075000000000001
21,99,1,1,0,8.0,85,2,1,4,0,1,0,2,4,0,0,1,0,High,3.8636363636363638,20.79,0.36363636363636365,0.75,0.79
11,76,1,1,1,7.0,71,1,0,1,0,0,0,1,2,0,1,0,0,Low,5.916666666666667,8.36,0.5833333333333334,0.5,0.4714999999999999
12,63,1,2,1,5.0,69,0,1,0,0,2,0,0,2,0,1,1,1,Low,5.3076923076923075,7.56,0.38461538461538464,1.0,0.27599999999999997
16,64,1,1,1,9.0,58,0,1,1,0,1,0,2,3,0,1,1,1,Low,3.411764705882353,10.24,0.5294117647058824,0.75,0.26949999999999996
19,84,1,1,1,8.0,90,2,1,2,0,1,1,1,3,0,2,2,0,Medium,4.5,15.96,0.4,0.75,0.735
22,84,1,1,0,8.0,69,1,0,3,1,2,1,1,4,0,1,0,0,High,3.0,18.48,0.34782608695652173,0.75,0.5385
29,77,1,2,0,6.0,85,1,1,1,1,1,0,2,1,0,1,0,0,Medium,2.8333333333333335,22.33,0.2,1.25,0.5275
25,77,1,0,1,8.0,65,2,0,0,1,1,0,2,5,0,1,2,1,Low,2.5,19.25,0.3076923076923077,0.5,0.56
19,62,1,1,0,5.0,90,0,1,2,0,2,0,2,3,0,1,1,0,Low,4.5,11.78,0.25,0.75,0.43500000000000005
20,81,1,1,1,4.0,55,1,1,1,2,1,1,2,2,0,2,1,0,Medium,2.619047619047619,16.2,0.19047619047619047,1.25,0.4075
14,80,1,1,1,5.0,81,1,1,1,0,1,0,2,4,0,2,2,1,Medium,5.4,11.2,0.3333333333333333,0.75,0.5115000000000001
20,66,1,1,0,6.0,90,2,1,0,1,1,0,1,1,0,1,0,1,Low,4.285714285714286,13.2,0.2857142857142857,1.0,0.66
18,64,1,1,1,6.0,83,2,1,2,0,1,0,2,2,0,1,0,0,Low,4.368421052631579,11.52,0.3157894736842105,0.75,0.707
22,65,1,2,1,6.0,85,1,1,2,2,1,0,2,3,1,2,0,1,Low,3.6956521739130435,14.3,0.2608695652173913,1.5,0.565
15,64,1,1,1,6.0,76,2,1,2,1,1,1,2,4,1,0,0,1,Low,4.75,9.6,0.375,1.0,0.679
23,84,1,1,1,6.0,78,0,1,2,0,0,0,0,2,0,0,1,1,Medium,3.25,19.32,0.25,0.75,0.38700000000000007
29,68,1,2,1,4.0,53,1,1,1,1,1,1,0,4,0,0,2,0,Low,1.7666666666666666,19.72,0.13333333333333333,1.25,0.39949999999999997
19,70,1,1,0,7.0,63,0,0,3,0,0,0,1,5,0,0,0,0,Low,3.15,13.3,0.35,0.5,0.3645
22,67,1,1,0,7.0,86,0,1,1,0,1,0,2,3,0,0,1,1,Low,3.739130434782609,14.74,0.30434782608695654,0.75,0.3815
24,98,1,1,1,6.0,97,1,1,1,1,1,0,2,4,0,1,2,0,High,3.88,23.52,0.24,1.0,0.5755
18,94,1,2,1,9.0,77,0,1,1,1,2,0,2,2,0,1,1,0,High,4.052631578947368,16.92,0.47368421052631576,1.25,0.34550000000000003
21,69,1,2,1,7.0,86,1,1,2,0,1,1,1,3,0,0,0,0,Medium,3.909090909090909,14.49,0.3181818181818182,1.0,0.569
20,73,1,1,1,7.0,84,1,1,0,1,1,0,1,4,0,2,1,1,Low,4.0,14.6,0.3333333333333333,1.0,0.486
21,68,1,1,0,8.0,100,0,1,0,1,1,0,2,4,0,0,2,0,Low,4.545454545454546,14.28,0.36363636363636365,1.0,0.4
15,80,1,2,0,5.0,90,1,1,4,0,1,0,2,3,0,1,2,1,Medium,5.625,12.0,0.3125,1.0,0.66
20,61,1,1,0,7.0,81,1,1,1,1,0,0,1,3,0,0,1,0,Low,3.857142857142857,12.2,0.3333333333333333,1.0,0.5115000000000001
23,87,1,2,0,8.0,56,1,1,1,1,2,0,2,3,0,2,1,0,High,2.3333333333333335,20.01,0.3333333333333333,1.25,0.4115
29,81,1,1,0,7.0,68,1,1,2,1,1,0,1,4,0,2,0,0,High,2.2666666666666666,23.49,0.23333333333333334,1.0,0.49700000000000005
26,96,1,1,1,5.0,63,1,0,1,2,1,1,2,2,0,2,0,0,High,2.3333333333333335,24.96,0.18518518518518517,1.0,0.4395
33,67,1,1,1,6.0,93,2,1,0,0,2,0,1,3,0,0,2,1,Medium,2.735294117647059,22.11,0.17647058823529413,0.75,0.672
15,92,1,0,1,7.0,72,0,1,1,1,1,0,0,5,0,0,0,1,Low,4.5,13.8,0.4375,0.75,0.32549999999999996
25,92,1,1,0,4.0,77,1,1,0,0,1,0,2,3,0,0,0,0,High,2.9615384615384617,23.0,0.15384615384615385,0.75,0.4580000000000001
21,65,1,0,1,5.0,98,2,0,2,0,1,1,2,4,0,2,0,0,Low,4.454545454545454,13.65,0.22727272727272727,0.25,0.7669999999999999
33,76,1,1,1,10.0,92,0,1,1,2,1,1,2,3,0,2,0,1,High,2.7058823529411766,25.08,0.29411764705882354,1.25,0.4055
15,67,1,1,1,8.0,89,0,1,0,2,2,0,1,4,0,0,1,1,Low,5.5625,10.05,0.5,1.25,0.35600000000000004
15,70,1,1,0,9.0,57,1,1,1,1,1,1,0,3,0,0,0,1,Low,3.5625,10.5,0.5625,1.0,0.4155
16,71,1,1,0,8.0,51,1,1,0,0,1,0,0,2,0,2,2,1,Low,3.0,11.36,0.47058823529411764,0.75,0.354
7,82,1,1,1,8.0,56,1,1,0,0,1,1,0,2,0,0,2,0,Low,7.0,5.74,1.0,0.75,0.374
17,76,1,2,0,7.0,87,2,1,1,1,2,0,2,4,0,0,0,1,Medium,4.833333333333333,12.92,0.3888888888888889,1.25,0.6855
15,98,1,1,1,8.0,71,0,1,1,1,1,0,2,3,0,0,0,0,Medium,4.4375,14.7,0.5,1.0,0.32149999999999995
21,65,1,1,0,9.0,56,2,1,1,1,1,0,2,5,0,0,1,0,Low,2.5454545454545454,13.65,0.4090909090909091,1.0,0.5615
22,99,1,0,1,8.0,87,0,1,1,1,1,1,1,4,0,0,1,1,High,3.782608695652174,21.78,0.34782608695652173,0.75,0.3855
31,69,1,0,1,7.0,60,1,1,1,0,1,0,1,3,0,2,0,1,Medium,1.875,21.39,0.21875,0.5,0.4275
26,91,1,1,1,7.0,79,1,1,1,0,1,1,1,5,0,0,0,1,High,2.925925925925926,23.66,0.25925925925925924,0.75,0.5035000000000001
17,74,1,1,1,8.0,87,1,1,4,0,0,0,2,3,0,1,0,0,Medium,4.833333333333333,12.58,0.4444444444444444,0.75,0.648
15,66,1,1,0,6.0,80,1,0,1,0,1,1,1,1,0,1,0,0,Low,5.0,9.9,0.375,0.5,0.5075000000000001
23,94,1,1,0,8.0,100,1,0,0,0,1,0,1,3,0,2,0,0,Medium,4.166666666666667,21.62,0.3333333333333333,0.5,0.55
12,72,1,0,1,6.0,72,2,1,2,0,2,1,0,2,0,0,1,1,Low,5.538461538461538,8.64,0.46153846153846156,0.5,0.6629999999999999
31,86,1,2,1,6.0,66,1,1,3,1,1,0,2,3,0,1,1,0,High,2.0625,26.66,0.1875,1.25,0.5265
27,83,1,0,0,5.0,60,1,1,0,2,0,0,1,2,0,1,1,1,Medium,2.142857142857143,22.41,0.17857142857142858,1.0,0.39
17,79,1,0,1,6.0,75,0,1,1,1,2,0,1,4,0,0,0,0,Low,4.166666666666667,13.43,0.3333333333333333,0.75,0.3375
10,80,1,1,1,6.0,93,2,1,4,1,1,0,0,3,0,1,1,1,Medium,8.454545454545455,8.0,0.5454545454545454,1.0,0.8220000000000001
28,89,1,2,1,10.0,97,2,1,3,1,0,0,0,6,0,0,0,1,High,3.3448275862068964,24.92,0.3448275862068966,1.25,0.8005
19,64,1,1,0,6.0,99,1,1,1,1,1,0,2,3,0,1,0,0,Low,4.95,12.16,0.3,1.0,0.5835
27,87,1,1,0,8.0,77,1,1,1,0,2,0,1,4,0,0,1,0,High,2.75,23.49,0.2857142857142857,0.75,0.49550000000000005
10,96,1,2,0,6.0,80,1,0,0,1,1,0,1,4,0,0,1,1,Medium,7.2727272727272725,9.6,0.5454545454545454,1.0,0.4700000000000001
16,62,1,1,1,7.0,79,0,1,2,1,1,0,1,3,0,0,0,0,Low,4.647058823529412,9.92,0.4117647058823529,1.0,0.39100000000000007
20,66,1,2,0,7.0,73,1,1,1,1,1,0,0,4,0,1,0,1,Low,3.4761904761904763,13.2,0.3333333333333333,1.25,0.4794999999999999
20,89,1,1,1,4.0,58,1,1,1,1,1,0,2,3,0,0,2,1,Medium,2.761904761904762,17.8,0.19047619047619047,1.0,0.4195
17,77,1,2,1,5.0,53,1,1,2,2,1,0,1,3,0,1,0,0,High,2.9444444444444446,13.09,0.2777777777777778,1.5,0.437
24,76,1,2,0,6.0,72,2,1,3,1,2,0,1,3,1,0,1,1,Medium,2.88,18.24,0.24,1.25,0.7004999999999999
14,65,1,1,0,5.0,59,0,1,1,2,1,0,2,4,0,2,2,0,Low,3.933333333333333,9.1,0.3333333333333333,1.25,0.27349999999999997
19,80,1,1,0,7.0,94,1,1,0,1,0,0,1,3,0,1,1,1,Low,4.7,15.2,0.35,1.0,0.526
21,65,1,2,0,7.0,88,0,1,2,0,1,1,1,1,0,0,0,0,Low,4.0,13.65,0.3181818181818182,1.0,0.42700000000000005
23,79,1,1,0,5.0,81,1,1,1,1,1,1,1,3,0,0,0,1,Medium,3.375,18.17,0.20833333333333334,1.0,0.5115000000000001
24,91,1,1,0,7.0,52,0,1,0,2,2,0,1,4,0,1,0,0,Medium,2.08,21.84,0.28,1.25,0.20800000000000002
13,70,1,2,0,6.0,81,1,1,2,1,0,0,2,2,0,2,0,0,Low,5.785714285714286,9.1,0.42857142857142855,1.25,0.549
11,79,1,1,1,7.0,81,1,1,1,2,1,0,1,2,0,0,1,0,Low,6.75,8.69,0.5833333333333334,1.25,0.5115000000000001
28,100,1,0,1,6.0,72,1,1,1,0,1,0,0,2,0,2,0,1,High,2.4827586206896552,28.0,0.20689655172413793,0.5,0.4754999999999999
22,87,1,1,0,8.0,83,0,1,1,0,1,0,1,1,0,1,2,0,Low,3.608695652173913,19.14,0.34782608695652173,0.75,0.3695
16,94,1,1,0,9.0,93,0,1,1,0,1,0,0,4,0,2,0,1,Medium,5.470588235294118,15.04,0.5294117647058824,0.75,0.40950000000000003
29,77,1,0,1,8.0,88,0,1,0,1,2,0,2,4,0,1,1,0,High,2.933333333333333,22.33,0.26666666666666666,0.75,0.35200000000000004
21,91,1,1,0,9.0,74,1,1,2,0,0,1,0,2,0,0,0,1,Medium,3.3636363636363638,19.11,0.4090909090909091,0.75,0.5209999999999999
27,62,1,2,1,5.0,63,0,1,4,2,1,0,0,4,0,0,0,1,Medium,2.25,16.74,0.17857142857142858,1.5,0.402
20,65,1,0,0,6.0,74,0,1,0,1,1,1,2,3,0,1,1,0,Low,3.5238095238095237,13.0,0.2857142857142857,0.75,0.296
32,68,1,0,0,8.0,97,2,1,1,0,1,0,2,2,0,0,0,0,Medium,2.9393939393939394,21.76,0.24242424242424243,0.5,0.7254999999999999
31,76,1,2,1,9.0,91,1,1,1,0,1,1,1,4,0,2,0,0,High,2.84375,23.56,0.28125,1.0,0.5515
19,94,1,1,0,8.0,51,1,1,3,1,0,1,2,5,0,2,0,0,Medium,2.55,17.86,0.4,1.0,0.46649999999999997
26,74,1,0,0,5.0,89,0,1,3,2,2,1,0,2,0,0,0,0,Low,3.2962962962962963,19.24,0.18518518518518517,1.0,0.4685
24,86,1,2,0,6.0,59,1,1,1,0,1,0,2,3,0,0,1,1,High,2.36,20.64,0.24,1.0,0.4235
28,88,1,1,0,8.0,79,1,1,0,1,1,0,2,3,0,0,2,0,High,2.7241379310344827,24.64,0.27586206896551724,1.0,0.4660000000000001
14,83,1,1,1,7.0,90,1,1,0,0,0,0,0,3,0,1,0,1,Low,6.0,11.62,0.4666666666666667,0.75,0.51
24,74,1,1,1,6.0,78,1,1,3,0,2,0,2,3,0,1,0,1,High,3.12,17.76,0.24,0.75,0.5745
26,83,1,0,0,7.0,70,2,0,2,1,2,0,0,4,1,0,1,0,Low,2.5925925925925926,21.58,0.25925925925925924,0.5,0.6549999999999999
9,74,1,2,0,7.0,66,0,1,1,2,2,1,1,3,0,0,2,1,Low,6.6,6.66,0.7,1.5,0.3015
13,63,1,1,1,5.0,65,1,1,2,2,1,1,1,2,0,0,2,0,Low,4.642857142857143,8.19,0.35714285714285715,1.25,0.48500000000000004
8,100,1,1,1,8.0,92,1,1,1,1,2,0,1,3,0,2,1,1,High,10.222222222222221,8.0,0.8888888888888888,1.0,0.5555
18,65,1,2,1,6.0,91,1,0,5,0,1,1,1,3,0,1,0,0,Low,4.7894736842105265,11.7,0.3157894736842105,0.75,0.7015
24,63,1,0,1,7.0,91,0,1,4,0,1,1,2,4,0,0,0,1,Medium,3.64,15.12,0.28,0.5,0.514
29,95,1,0,0,9.0,64,1,1,1,1,2,0,2,3,0,0,0,1,High,2.1333333333333333,27.55,0.3,0.75,0.4435
20,72,1,0,1,7.0,90,0,1,0,0,2,1,0,3,0,2,0,1,Low,4.285714285714286,14.4,0.3333333333333333,0.5,0.36000000000000004
30,86,1,0,1,8.0,52,1,1,2,1,1,0,0,2,1,1,1,1,Medium,1.6774193548387097,25.8,0.25806451612903225,0.75,0.433
12,73,1,1,0,5.0,60,1,1,1,0,1,0,0,4,0,0,1,0,Low,4.615384615384615,8.76,0.38461538461538464,0.75,0.4275
10,76,1,1,1,8.0,76,1,1,2,2,2,1,2,3,1,2,1,0,Low,6.909090909090909,7.6,0.7272727272727273,1.25,0.529
20,70,1,1,0,8.0,70,1,1,0,0,1,0,1,5,0,2,0,1,Low,3.3333333333333335,14.0,0.38095238095238093,0.75,0.42999999999999994
22,74,1,0,1,6.0,56,0,1,4,1,2,0,0,3,0,2,1,0,Low,2.4347826086956523,16.28,0.2608695652173913,0.75,0.374
20,76,1,0,0,7.0,52,1,1,2,0,2,1,1,3,0,0,0,1,Low,2.4761904761904763,15.2,0.3333333333333333,0.5,0.433
8,89,1,2,1,7.0,81,0,1,4,0,1,0,1,3,0,1,0,0,Medium,9.0,7.12,0.7777777777777778,1.0,0.4740000000000001
19,80,1,1,1,7.0,66,0,1,4,1,1,0,0,4,0,1,0,1,Medium,3.3,15.2,0.35,1.0,0.41400000000000003
12,98,1,1,1,8.0,51,1,1,0,1,0,0,2,5,0,2,1,0,Medium,3.923076923076923,11.76,0.6153846153846154,1.0,0.354
24,62,1,1,0,6.0,72,2,1,2,0,0,0,1,4,0,0,0,0,Low,2.88,14.88,0.24,0.75,0.6629999999999999
22,80,1,1,1,7.0,65,1,1,2,2,1,1,1,2,0,0,1,1,Medium,2.8260869565217392,17.6,0.30434782608695654,1.25,0.48500000000000004
14,83,1,0,1,9.0,79,1,1,1,1,0,0,2,3,0,0,0,0,Low,5.266666666666667,11.62,0.6,0.75,0.5035000000000001
17,97,1,2,0,9.0,96,2,1,0,2,1,0,0,1,0,2,0,0,High,5.333333333333333,16.49,0.5,1.5,0.6839999999999999
14,62,1,2,1,8.0,65,0,1,3,0,1,0,0,2,0,0,2,0,Low,4.333333333333333,8.68,0.5333333333333333,1.0,0.3725
20,83,1,1,0,7.0,100,1,1,4,0,1,0,0,3,0,1,0,0,Medium,4.761904761904762,16.6,0.3333333333333333,0.75,0.7000000000000001
26,94,1,1,1,10.0,54,0,1,2,2,1,0,1,5,0,0,0,0,High,2.0,24.44,0.37037037037037035,1.25,0.29100000000000004
14,70,1,1,1,9.0,54,1,0,3,1,1,0,2,1,0,1,0,0,Low,3.6,9.8,0.6,0.75,0.4785
23,95,1,1,1,7.0,86,1,1,3,0,1,0,2,4,1,2,2,0,High,3.5833333333333335,21.85,0.2916666666666667,0.75,0.6065
17,61,1,1,1,7.0,87,2,1,5,1,1,0,1,3,0,0,0,0,Low,4.833333333333333,10.37,0.3888888888888889,1.0,0.8355
15,89,1,1,1,6.0,71,1,1,1,1,2,0,2,4,0,0,0,1,Medium,4.4375,13.35,0.375,1.0,0.4714999999999999
19,97,1,0,1,8.0,64,1,1,2,0,2,0,2,3,0,0,0,0,High,3.2,18.43,0.4,0.5,0.48100000000000004
14,86,1,0,1,8.0,90,1,0,3,1,1,0,0,3,1,2,0,0,Low,6.0,12.04,0.5333333333333333,0.5,0.6225
17,78,1,1,0,8.0,98,0,1,2,1,1,1,2,2,0,0,0,0,Low,5.444444444444445,13.26,0.4444444444444444,1.0,0.467
13,62,1,2,0,7.0,99,1,1,4,1,0,0,2,1,0,2,1,1,Low,7.071428571428571,8.06,0.5,1.25,0.6960000000000001
32,97,1,2,0,5.0,82,1,1,1,1,1,0,1,3,0,0,1,0,High,2.484848484848485,31.04,0.15151515151515152,1.25,0.5155
20,79,1,0,1,7.0,87,0,0,2,1,2,1,1,4,1,0,0,1,Low,4.142857142857143,15.8,0.3333333333333333,0.5,0.42300000000000004
16,61,1,0,0,8.0,91,2,1,2,1,2,0,1,3,0,1,1,0,Low,5.352941176470588,9.76,0.47058823529411764,0.75,0.739
21,88,1,1,1,6.0,90,2,1,2,2,1,1,1,4,0,0,1,0,High,4.090909090909091,18.48,0.2727272727272727,1.25,0.735
19,79,1,2,0,7.0,100,0,1,1,2,2,0,2,2,0,1,2,1,Medium,5.0,15.01,0.35,1.5,0.4375
19,65,1,2,1,9.0,91,1,1,1,1,2,0,2,4,0,1,0,0,Medium,4.55,12.35,0.45,1.25,0.5515
24,69,1,2,0,5.0,83,0,1,3,0,1,1,1,3,0,0,0,0,Low,3.32,16.56,0.2,1.0,0.4445
25,63,1,1,0,7.0,69,1,1,0,0,2,1,0,5,0,0,1,1,Low,2.6538461538461537,15.75,0.2692307692307692,0.75,0.42599999999999993
17,83,1,1,0,9.0,80,1,1,4,1,2,0,0,2,0,1,0,1,Medium,4.444444444444445,14.11,0.5,1.0,0.6200000000000001
17,85,1,0,0,7.0,94,2,1,4,0,1,0,2,3,0,1,0,1,Medium,5.222222222222222,14.45,0.3888888888888889,0.5,0.826
18,80,1,0,1,6.0,65,1,1,2,0,2,0,0,2,0,1,0,1,Low,3.4210526315789473,14.4,0.3157894736842105,0.5,0.48500000000000004
6,93,1,1,0,7.0,52,2,1,0,1,1,0,1,2,0,1,0,1,Low,7.428571428571429,5.58,1.0,1.0,0.508
11,94,1,0,1,8.0,66,2,0,1,2,0,0,1,4,0,0,0,1,Low,5.5,10.34,0.6666666666666666,0.75,0.6015
28,85,1,2,1,7.0,98,1,1,2,0,2,1,2,1,1,0,0,0,High,3.3793103448275863,23.8,0.2413793103448276,1.0,0.617
30,61,1,2,1,8.0,90,1,1,2,0,2,0,0,2,0,0,1,1,Low,2.903225806451613,18.3,0.25806451612903225,1.0,0.585
19,88,1,0,0,7.0,59,1,1,2,0,1,0,1,3,0,1,0,1,Low,2.95,16.72,0.35,0.5,0.461
23,77,1,2,1,7.0,51,1,1,1,0,0,1,2,3,0,1,1,0,Medium,2.125,17.71,0.2916666666666667,1.0,0.39149999999999996
22,83,1,1,1,8.0,83,2,1,1,2,1,1,0,3,1,2,1,0,Medium,3.608695652173913,18.26,0.34782608695652173,1.25,0.6695
38,86,1,2,1,7.0,79,0,1,3,0,1,0,0,3,0,0,0,0,High,2.0256410256410255,32.68,0.1794871794871795,1.0,0.42850000000000005
27,74,1,2,0,6.0,54,1,1,3,1,1,0,1,3,0,1,0,1,Medium,1.9285714285714286,19.98,0.21428571428571427,1.25,0.4785
19,97,1,0,0,8.0,98,1,1,1,0,1,1,1,4,1,0,0,0,Medium,4.9,18.43,0.4,0.5,0.5795
14,65,1,1,1,7.0,81,1,1,1,0,1,0,2,3,0,0,1,1,Low,5.4,9.1,0.4666666666666667,0.75,0.5115000000000001
10,87,1,0,1,6.0,83,1,0,0,0,1,0,2,4,0,0,0,0,Low,7.545454545454546,8.7,0.5454545454545454,0.25,0.482
21,60,1,2,1,8.0,93,0,1,0,0,1,0,2,2,0,0,2,1,Low,4.2272727272727275,12.6,0.36363636363636365,1.0,0.37200000000000005
15,97,1,1,1,9.0,67,1,1,1,0,2,0,1,2,0,1,0,0,Medium,4.1875,14.55,0.5625,0.75,0.4555
11,65,1,2,0,7.0,78,1,1,2,0,1,0,1,3,0,2,0,1,Low,6.5,7.15,0.5833333333333334,1.0,0.537
16,64,1,1,1,7.0,79,1,1,3,1,1,1,2,4,1,2,0,1,Low,4.647058823529412,10.24,0.4117647058823529,1.0,0.5785
14,73,1,1,1,5.0,98,1,1,2,0,1,0,0,4,0,0,1,1,Low,6.533333333333333,10.22,0.3333333333333333,0.75,0.617
30,75,1,2,0,7.0,57,2,1,0,0,1,0,1,1,1,1,0,1,Medium,1.8387096774193548,22.5,0.22580645161290322,1.0,0.528
25,69,1,1,1,7.0,88,2,1,0,0,1,0,0,4,0,1,0,1,Low,3.3846153846153846,17.25,0.2692307692307692,0.75,0.652
20,83,0,0,0,7.0,79,0,0,2,1,1,0,2,5,0,2,1,0,Low,3.761904761904762,16.6,0.3333333333333333,0.25,0.39100000000000007
29,78,2,1,0,6.0,92,1,1,2,0,1,1,0,4,0,0,0,0,High,3.066666666666667,22.62,0.2,1.0,0.593
20,61,0,0,1,8.0,92,1,1,0,1,1,0,0,2,0,0,0,1,Low,4.380952380952381,12.2,0.38095238095238093,0.5,0.518
15,73,1,0,1,7.0,51,1,1,2,0,2,1,0,3,0,0,1,0,Low,3.1875,10.95,0.4375,0.5,0.429
29,92,1,1,1,10.0,63,2,1,1,0,2,1,0,4,0,0,1,0,High,2.1,26.68,0.3333333333333333,0.75,0.5895
23,88,0,1,1,7.0,59,1,1,1,1,1,0,0,2,0,0,0,0,Medium,2.4583333333333335,20.24,0.2916666666666667,0.75,0.4235
14,89,2,2,1,4.0,73,1,1,2,1,2,0,0,3,0,1,0,0,High,4.866666666666666,12.46,0.26666666666666666,1.5,0.5169999999999999
19,88,2,1,0,5.0,95,1,1,2,0,1,1,0,4,0,1,1,0,Medium,4.75,16.72,0.25,1.0,0.605
15,72,2,2,0,8.0,50,1,1,2,1,1,0,1,4,0,0,0,1,Low,3.125,10.8,0.5,1.5,0.425
12,64,2,0,1,6.0,74,2,1,0,1,1,0,2,2,0,0,1,0,Low,5.6923076923076925,7.68,0.46153846153846156,1.0,0.596
26,71,1,1,0,6.0,94,0,1,3,0,1,0,2,4,0,2,0,0,Medium,3.4814814814814814,18.46,0.2222222222222222,0.75,0.4885
31,93,2,0,1,5.0,96,1,1,2,0,1,0,2,2,0,0,0,0,High,3.0,28.83,0.15625,0.75,0.609
12,99,1,1,0,6.0,83,0,1,1,1,1,0,0,3,0,0,0,1,Medium,6.384615384615385,11.88,0.46153846153846156,1.0,0.3695
23,80,1,1,1,7.0,91,0,1,5,2,1,0,0,1,0,0,0,1,High,3.7916666666666665,18.4,0.2916666666666667,1.25,0.5515000000000001
16,60,0,1,1,8.0,66,0,1,1,2,2,1,1,2,1,0,1,1,Low,3.8823529411764706,9.6,0.47058823529411764,1.0,0.3015
17,66,2,2,0,5.0,64,0,1,0,1,2,1,1,2,0,1,0,0,Low,3.5555555555555554,11.22,0.2777777777777778,1.5,0.256
16,73,2,1,1,8.0,52,1,1,2,1,2,0,2,4,0,1,0,1,Low,3.0588235294117645,11.68,0.47058823529411764,1.25,0.433
15,83,0,0,1,5.0,75,1,1,1,1,1,0,1,3,0,0,2,1,Low,4.6875,12.45,0.3125,0.5,0.48750000000000004
20,63,0,0,1,8.0,73,0,1,0,2,1,0,1,3,0,1,0,1,Low,3.4761904761904763,12.6,0.38095238095238093,0.75,0.292
15,98,0,2,1,8.0,69,0,1,2,0,1,0,1,4,0,0,1,1,Medium,4.3125,14.7,0.5,0.75,0.351
22,75,1,1,0,6.0,56,0,1,3,1,1,1,2,3,0,0,2,0,Low,2.4347826086956523,16.5,0.2608695652173913,1.0,0.3365
20,97,1,2,0,5.0,62,1,1,1,1,1,1,1,4,0,0,2,0,Medium,2.9523809523809526,19.4,0.23809523809523808,1.25,0.4355
19,91,2,0,1,8.0,60,1,1,2,0,1,1,1,4,0,0,1,0,Medium,3.0,17.29,0.4,0.75,0.465
15,90,1,0,1,6.0,97,0,1,2,2,2,0,2,2,0,0,0,0,Medium,6.0625,13.5,0.375,1.0,0.463
17,84,1,0,1,7.0,98,2,1,1,0,2,0,1,2,0,1,2,1,Medium,5.444444444444445,14.28,0.3888888888888889,0.5,0.7294999999999999
25,85,2,2,0,8.0,50,2,1,1,2,1,0,1,1,0,1,1,1,High,1.9230769230769231,21.25,0.3076923076923077,1.75,0.5375
23,86,1,1,1,8.0,59,0,1,1,0,1,0,1,3,0,2,1,1,Medium,2.4583333333333335,19.78,0.3333333333333333,0.75,0.27349999999999997
14,85,1,1,0,6.0,94,0,1,0,2,1,0,2,4,0,1,0,0,Medium,6.266666666666667,11.9,0.4,1.25,0.376
21,82,2,1,0,7.0,52,1,1,4,0,1,0,1,3,0,0,2,0,Medium,2.3636363636363638,17.22,0.3181818181818182,1.0,0.508
25,99,2,1,1,6.0,97,2,1,0,1,1,0,2,3,0,1,1,0,High,3.730769230769231,24.75,0.23076923076923078,1.25,0.688
10,89,0,0,1,8.0,69,0,1,3,0,1,0,0,4,0,1,1,0,Low,6.2727272727272725,8.9,0.7272727272727273,0.25,0.38849999999999996
23,91,0,1,0,9.0,77,2,1,1,0,1,0,2,5,0,0,0,0,High,3.2083333333333335,20.93,0.375,0.5,0.6455000000000001
16,95,1,0,1,6.0,88,0,1,2,2,2,0,2,4,0,0,0,1,High,5.176470588235294,15.2,0.35294117647058826,1.0,0.42700000000000005
230,69,1,2,1,7.0,62,1,1,1,1,1,0,1,4,1,0,2,0,Low,0.2683982683982684,158.7,0.030303030303030304,1.25,0.4355
15,63,1,0,0,8.0,55,0,1,0,1,0,0,1,3,0,1,0,1,Low,3.4375,9.45,0.5,0.75,0.22000000000000003
9,79,1,0,0,7.0,90,2,1,1,2,0,0,1,3,0,0,0,0,Low,9.0,7.11,0.7,1.0,0.6975
10,81,2,1,1,8.0,99,1,0,2,1,1,0,2,4,0,2,1,1,Medium,9.0,8.1,0.7272727272727273,1.0,0.621
20,93,0,2,1,7.0,83,1,1,0,1,1,1,0,2,1,0,0,0,Medium,3.9523809523809526,18.6,0.3333333333333333,1.0,0.482
22,78,1,1,1,5.0,91,0,1,0,1,2,1,0,3,0,2,0,0,Medium,3.9565217391304346,17.16,0.21739130434782608,1.0,0.36400000000000005
15,83,1,1,0,7.0,97,1,1,2,0,2,1,1,2,0,0,0,1,High,6.0625,12.45,0.4375,0.75,0.613
24,81,1,0,0,9.0,61,1,1,1,0,0,0,2,4,0,1,0,1,Low,2.44,19.44,0.36,0.5,0.4315
10,62,1,0,0,7.0,68,2,1,3,1,1,0,1,3,0,2,0,0,Low,6.181818181818182,6.2,0.6363636363636364,0.75,0.6845000000000001
20,85,2,1,0,9.0,61,2,1,2,2,1,0,2,3,0,1,0,0,High,2.9047619047619047,17.0,0.42857142857142855,1.5,0.619
13,93,0,0,1,4.0,53,2,1,1,1,0,0,2,1,0,2,0,0,Low,3.7857142857142856,12.09,0.2857142857142857,0.5,0.5495
16,66,0,1,1,8.0,87,2,1,3,1,1,0,2,2,0,0,1,1,Low,5.117647058823529,10.56,0.47058823529411764,0.75,0.7605
20,84,1,2,1,6.0,57,2,1,2,1,1,0,2,4,0,0,2,1,Medium,2.7142857142857144,16.8,0.2857142857142857,1.25,0.603
15,84,1,2,0,6.0,55,0,1,1,1,1,1,0,2,0,0,0,0,Low,3.4375,12.6,0.375,1.25,0.2575
18,67,0,0,1,9.0,68,0,1,2,0,2,1,0,2,0,2,0,0,Low,3.5789473684210527,12.06,0.47368421052631576,0.25,0.34700000000000003
26,65,0,1,0,7.0,53,0,1,3,2,1,0,2,2,0,0,0,1,Low,1.962962962962963,16.9,0.25925925925925924,1.0,0.3245
17,99,1,2,0,6.0,59,1,1,0,1,1,0,1,3,0,0,1,0,Medium,3.2777777777777777,16.83,0.3333333333333333,1.25,0.386
25,76,1,2,0,8.0,53,2,1,1,2,2,0,2,3,1,0,2,1,Medium,2.0384615384615383,19.0,0.3076923076923077,1.5,0.5495
13,69,2,0,0,4.0,94,1,1,3,0,0,0,2,3,1,0,0,0,Low,6.714285714285714,8.97,0.2857142857142857,0.75,0.6385000000000001
23,67,1,1,1,9.0,89,1,1,2,0,2,0,1,2,0,0,0,1,Low,3.7083333333333335,15.41,0.375,0.75,0.581
29,87,1,2,1,10.0,93,2,1,1,0,1,0,1,4,0,0,1,0,High,3.1,25.23,0.3333333333333333,1.0,0.7095
5,84,1,1,1,8.0,93,2,1,4,2,2,0,2,3,0,1,1,0,Medium,15.5,4.2,1.3333333333333333,1.25,0.8220000000000001
15,86,1,2,1,8.0,97,1,1,4,2,1,0,2,3,0,0,0,0,High,6.0625,12.9,0.5,1.5,0.6880000000000001
23,64,1,1,1,7.0,59,2,1,3,1,1,0,2,2,0,0,1,1,Low,2.4583333333333335,14.72,0.2916666666666667,1.0,0.6485000000000001
19,96,1,0,1,5.0,95,0,0,2,1,0,1,1,3,0,0,1,1,Medium,4.75,18.24,0.25,0.5,0.455
22,76,1,0,0,9.0,76,1,1,2,0,2,0,1,5,0,0,2,1,Low,3.3043478260869565,16.72,0.391304347826087,0.5,0.529
16,73,2,0,1,8.0,58,1,1,1,1,1,0,1,4,0,0,0,1,Low,3.411764705882353,11.68,0.47058823529411764,1.0,0.4195
21,78,1,0,0,8.0,83,1,1,2,1,1,0,2,4,1,0,2,0,Low,3.772727272727273,16.38,0.36363636363636365,0.75,0.5569999999999999
19,76,2,2,1,8.0,66,0,1,0,0,2,1,0,4,1,0,0,0,Low,3.3,14.44,0.4,1.25,0.264
27,95,2,1,0,7.0,52,2,1,3,1,2,1,0,3,0,1,1,1,High,1.8571428571428572,25.65,0.25,1.25,0.6205
22,97,1,2,1,6.0,54,1,1,1,0,2,0,2,3,0,2,0,0,High,2.347826086956522,21.34,0.2608695652173913,1.0,0.40349999999999997
22,72,0,1,1,10.0,71,1,1,1,1,1,1,0,1,0,1,0,0,Low,3.0869565217391304,15.84,0.43478260869565216,0.75,0.4714999999999999
18,95,1,1,1,7.0,91,0,1,0,0,1,0,2,4,1,2,1,0,Medium,4.7894736842105265,17.1,0.3684210526315789,0.75,0.36400000000000005
17,91,1,1,0,6.0,66,2,1,1,2,1,1,2,3,0,0,0,0,Medium,3.6666666666666665,15.47,0.3333333333333333,1.25,0.6015
17,97,1,2,1,9.0,88,1,0,0,1,1,0,2,2,0,0,0,0,High,4.888888888888889,16.49,0.5,1.0,0.502
22,70,0,1,0,7.0,53,0,1,1,0,1,0,2,3,0,0,0,1,High,2.3043478260869565,15.4,0.30434782608695654,0.5,0.24950000000000003
17,83,2,1,0,7.0,70,0,1,3,0,1,1,1,5,0,2,0,1,Medium,3.888888888888889,14.11,0.3888888888888889,1.0,0.39249999999999996
22,71,0,2,1,9.0,56,2,1,1,0,2,0,1,3,1,1,0,1,High,2.4347826086956523,15.62,0.391304347826087,0.75,0.5615
32,93,1,1,1,8.0,93,2,1,1,1,2,0,0,3,0,2,2,1,High,2.8181818181818183,29.76,0.24242424242424243,1.0,0.7095
25,60,0,2,0,8.0,98,1,1,1,1,1,0,1,5,0,2,0,1,Medium,3.769230769230769,15.0,0.3076923076923077,1.0,0.5795
18,83,1,2,1,5.0,66,1,1,0,2,1,1,2,4,0,2,0,0,Medium,3.473684210526316,14.94,0.2631578947368421,1.5,0.41400000000000003
27,74,2,1,0,8.0,99,2,0,3,1,1,0,2,4,0,0,0,0,High,3.5357142857142856,19.98,0.2857142857142857,1.0,0.8085
18,73,1,0,1,5.0,88,1,1,1,1,1,0,2,5,0,1,0,1,Low,4.631578947368421,13.14,0.2631578947368421,0.75,0.5395
8,86,1,1,0,6.0,50,2,1,1,1,1,0,2,2,0,1,0,0,Low,5.555555555555555,6.88,0.6666666666666666,1.0,0.5375
14,94,2,1,0,7.0,74,1,1,1,2,1,1,2,5,0,1,0,0,High,4.933333333333334,13.16,0.4666666666666667,1.5,0.48349999999999993
9,84,2,0,0,7.0,92,2,1,1,0,2,0,0,4,0,2,0,0,Low,9.2,7.56,0.7,0.75,0.7055
18,94,2,1,1,8.0,77,1,1,3,1,2,0,2,4,0,2,0,0,High,4.052631578947368,16.92,0.42105263157894735,1.25,0.5705
20,71,2,1,0,8.0,77,1,1,0,2,1,1,1,4,0,0,1,0,Low,3.6666666666666665,14.2,0.38095238095238093,1.5,0.4580000000000001
30,81,1,2,0,8.0,72,0,1,0,0,1,0,1,2,0,0,1,0,Medium,2.3225806451612905,24.3,0.25806451612903225,1.0,0.288
22,78,1,2,1,5.0,70,1,1,2,0,1,0,2,1,0,1,0,0,Medium,3.0434782608695654,17.16,0.21739130434782608,1.0,0.5049999999999999
19,60,1,2,0,10.0,51,1,1,0,1,1,0,2,3,1,1,0,1,Low,2.55,11.4,0.5,1.25,0.354
25,82,1,2,1,7.0,81,1,1,2,1,1,1,1,2,0,2,1,0,High,3.1153846153846154,20.5,0.2692307692307692,1.25,0.549
7,86,1,0,0,9.0,88,1,1,2,0,1,0,0,2,0,1,0,1,Low,11.0,6.02,1.125,0.5,0.577
21,84,2,2,0,4.0,90,1,1,2,1,0,0,1,3,0,0,2,0,Medium,4.090909090909091,17.64,0.18181818181818182,1.5,0.585
25,89,1,1,1,7.0,81,2,1,3,1,1,0,0,0,0,1,0,0,High,3.1153846153846154,22.25,0.2692307692307692,1.0,0.7365000000000002
11,83,2,0,1,5.0,67,1,1,1,1,1,0,2,2,0,2,0,0,Low,5.583333333333333,9.13,0.4166666666666667,1.0,0.4555
27,63,1,2,0,6.0,51,0,1,0,0,1,0,2,2,0,2,1,0,Low,1.8214285714285714,17.01,0.21428571428571427,1.0,0.20400000000000001
22,65,1,1,1,7.0,95,0,1,3,0,1,0,2,2,0,0,1,1,Low,4.130434782608695,14.3,0.30434782608695654,0.75,0.4925
18,84,1,2,0,6.0,71,1,1,4,1,0,0,2,2,0,0,0,1,Medium,3.736842105263158,15.12,0.3157894736842105,1.25,0.584
24,71,1,0,0,9.0,80,1,1,2,1,2,1,2,3,0,0,0,1,Low,3.2,17.04,0.36,0.75,0.545
34,63,1,2,1,10.0,60,0,1,1,1,1,0,0,4,0,0,0,1,Medium,1.7142857142857142,21.42,0.2857142857142857,1.25,0.27749999999999997
21,77,1,0,1,6.0,57,1,1,4,0,1,0,0,5,0,0,2,0,Low,2.590909090909091,16.17,0.2727272727272727,0.5,0.528
21,82,0,0,1,6.0,54,2,1,3,0,1,0,0,2,0,1,1,0,Low,2.4545454545454546,17.22,0.2727272727272727,0.25,0.6285000000000001
17,73,2,1,0,5.0,90,2,1,1,0,1,1,2,4,0,0,0,0,Medium,5.0,12.41,0.2777777777777778,1.0,0.6975
15,89,0,1,1,9.0,82,0,1,1,1,1,0,1,3,0,1,0,0,Low,5.125,13.35,0.5625,0.75,0.3655
25,86,1,1,1,7.0,81,0,1,1,2,0,0,2,1,0,0,0,0,Medium,3.1153846153846154,21.5,0.2692307692307692,1.25,0.36150000000000004
15,73,1,2,0,7.0,96,0,1,1,0,1,0,0,2,0,1,0,0,Low,6.0,10.95,0.4375,1.0,0.4215
20,90,1,1,1,7.0,58,2,1,1,2,2,1,1,4,0,0,0,0,High,2.761904761904762,18.0,0.3333333333333333,1.25,0.5695
17,86,2,1,1,7.0,59,0,1,3,0,1,0,2,3,0,2,1,0,Medium,3.2777777777777777,14.62,0.3888888888888889,1.0,0.3485
23,85,2,0,1,6.0,59,0,1,1,1,1,0,0,1,0,0,0,0,Medium,2.4583333333333335,19.55,0.25,1.0,0.27349999999999997
22,82,2,1,1,7.0,71,0,1,1,2,1,1,2,3,0,0,0,1,Medium,3.0869565217391304,18.04,0.30434782608695654,1.5,0.32149999999999995
26,60,1,1,1,7.0,94,2,1,3,2,1,0,2,2,0,0,1,1,Medium,3.4814814814814814,15.6,0.25925925925925924,1.25,0.7885
17,88,1,1,1,8.0,94,1,1,5,1,1,0,1,2,1,1,0,1,High,5.222222222222222,14.96,0.4444444444444444,1.0,0.7135
18,75,2,1,1,5.0,80,1,1,2,0,2,0,1,3,0,0,0,1,Medium,4.2105263157894735,13.5,0.2631578947368421,1.0,0.545
14,98,2,2,1,7.0,83,1,0,3,0,1,0,2,3,0,1,0,0,High,5.533333333333333,13.72,0.4666666666666667,1.0,0.5945
17,93,2,0,0,6.0,95,1,1,1,0,1,0,1,4,0,0,0,0,Medium,5.277777777777778,15.81,0.3333333333333333,0.75,0.5675
22,84,2,1,0,7.0,81,1,1,1,1,0,1,2,3,0,0,1,0,Medium,3.5217391304347827,18.48,0.30434782608695654,1.25,0.5115000000000001
25,70,0,1,1,8.0,61,0,0,3,0,1,0,2,4,0,1,1,1,Low,2.3461538461538463,17.5,0.3076923076923077,0.25,0.3565
14,68,0,1,1,6.0,85,1,1,2,1,1,0,1,3,0,0,0,1,Low,5.666666666666667,9.52,0.4,0.75,0.565
25,74,2,2,1,9.0,88,1,1,3,1,2,0,1,3,1,0,0,0,High,3.3846153846153846,18.5,0.34615384615384615,1.5,0.6145
28,79,2,1,1,4.0,82,1,1,0,1,1,1,2,3,0,0,0,0,High,2.8275862068965516,22.12,0.13793103448275862,1.25,0.478
22,72,2,1,1,9.0,64,0,1,1,1,1,0,0,2,0,1,0,1,Low,2.782608695652174,15.84,0.391304347826087,1.25,0.2935
31,81,1,1,0,9.0,70,0,1,1,0,1,0,1,4,0,2,0,1,High,2.1875,25.11,0.28125,0.75,0.31749999999999995
15,67,1,2,1,6.0,74,2,1,0,2,1,0,2,2,0,2,0,1,Low,4.625,10.05,0.375,1.5,0.596
13,99,1,1,1,6.0,57,1,1,1,0,1,0,0,5,0,1,0,0,Medium,4.071428571428571,12.87,0.42857142857142855,0.75,0.4155
9,64,1,1,0,5.0,73,1,1,1,1,1,0,2,4,0,1,0,0,Low,7.3,5.76,0.5,1.0,0.4794999999999999
29,97,1,1,0,8.0,58,1,1,1,2,1,1,0,4,0,1,1,1,High,1.9333333333333333,28.13,0.26666666666666666,1.25,0.4195
24,97,2,0,0,7.0,75,0,1,1,1,1,0,0,2,0,0,1,1,Medium,3.0,23.28,0.28,1.0,0.3375
20,81,1,0,1,6.0,53,0,1,0,1,0,0,1,4,0,0,2,1,Low,2.5238095238095237,16.2,0.2857142857142857,0.75,0.21200000000000002
22,89,1,2,1,5.0,97,1,1,2,1,1,1,1,5,0,0,0,0,High,4.217391304347826,19.58,0.21739130434782608,1.25,0.613
13,77,1,1,1,10.0,62,1,1,1,2,1,1,1,4,0,1,1,0,Low,4.428571428571429,10.01,0.7142857142857143,1.25,0.4355
35,85,1,2,1,6.0,73,2,1,1,2,1,0,0,5,0,0,1,1,High,2.0277777777777777,29.75,0.16666666666666666,1.5,0.6295
21,74,1,0,1,7.0,52,0,1,1,2,1,0,0,4,0,0,2,0,Low,2.3636363636363638,15.54,0.3181818181818182,1.0,0.24550000000000002
21,72,2,1,0,7.0,60,0,1,0,0,1,1,1,4,0,2,0,0,Low,2.727272727272727,15.12,0.3181818181818182,1.0,0.24
24,83,0,2,0,6.0,85,0,1,1,0,2,0,1,4,0,0,1,1,Medium,3.4,19.92,0.24,0.75,0.3775
23,80,1,0,1,6.0,56,1,1,3,1,1,0,2,2,1,0,0,0,Low,2.3333333333333335,18.4,0.25,0.75,0.4865
21,83,2,1,1,6.0,81,0,1,3,2,1,0,0,4,0,2,1,0,High,3.6818181818181817,17.43,0.2727272727272727,1.5,0.43650000000000005
15,71,1,2,0,8.0,50,0,1,1,1,1,0,1,2,1,2,0,1,Low,3.125,10.65,0.5,1.25,0.23750000000000002
23,75,0,2,1,6.0,73,0,1,1,0,1,0,2,2,0,0,1,1,Low,3.0416666666666665,17.25,0.25,0.75,0.32949999999999996
31,63,1,2,0,9.0,86,0,1,0,2,1,0,1,3,0,2,1,0,Medium,2.6875,19.53,0.28125,1.5,0.34400000000000003
28,62,1,2,0,6.0,96,1,1,4,1,2,0,2,3,0,0,0,0,High,3.310344827586207,17.36,0.20689655172413793,1.25,0.684
30,70,0,1,0,8.0,75,1,1,1,1,1,1,2,2,0,0,0,1,Medium,2.4193548387096775,21.0,0.25806451612903225,0.75,0.48750000000000004
17,63,1,1,0,4.0,92,1,1,2,0,1,0,0,4,0,0,0,1,Low,5.111111111111111,10.71,0.2222222222222222,0.75,0.593
14,64,2,2,1,6.0,90,0,1,0,0,2,1,0,2,0,0,0,1,Low,6.0,8.96,0.4,1.25,0.36000000000000004
19,93,1,2,0,6.0,65,1,1,0,1,2,0,1,3,0,0,0,0,Medium,3.25,17.67,0.3,1.25,0.41000000000000003
20,62,0,1,1,5.0,94,2,1,3,1,1,0,1,3,0,2,0,0,Low,4.476190476190476,12.4,0.23809523809523808,0.75,0.7885
27,86,1,1,1,7.0,82,0,1,2,0,1,0,2,3,0,0,1,1,High,2.9285714285714284,23.22,0.25,0.75,0.403
10,71,1,1,1,7.0,55,2,1,2,0,2,0,2,3,0,1,0,1,Low,5.0,7.1,0.6363636363636364,0.75,0.595
29,95,0,1,1,4.0,97,1,1,0,1,1,1,2,4,1,1,1,1,High,3.2333333333333334,27.55,0.13333333333333333,0.75,0.538
19,79,2,1,1,10.0,59,0,1,1,1,1,0,1,3,1,1,1,0,Low,2.95,15.01,0.5,1.25,0.27349999999999997
17,72,1,2,1,7.0,74,0,1,2,2,1,0,2,4,0,2,2,0,Medium,4.111111111111111,12.24,0.3888888888888889,1.5,0.371
14,81,1,1,1,7.0,73,0,0,1,2,1,1,2,3,1,0,1,0,Low,4.866666666666666,11.34,0.4666666666666667,1.0,0.32949999999999996
10,75,2,1,0,9.0,81,1,1,3,0,2,0,0,5,0,0,0,1,Low,7.363636363636363,7.5,0.8181818181818182,1.0,0.5865
25,83,1,1,1,8.0,83,1,1,2,0,1,0,1,1,1,0,1,1,Medium,3.1923076923076925,20.75,0.3076923076923077,0.75,0.5569999999999999
20,65,1,0,1,7.0,62,2,1,0,1,1,0,1,0,1,2,0,0,High,2.9523809523809526,13.0,0.3333333333333333,0.75,0.548
12,100,1,1,1,4.0,68,1,1,2,0,1,0,1,3,0,1,2,0,Medium,5.230769230769231,12.0,0.3076923076923077,0.75,0.49700000000000005
12,77,1,1,1,8.0,57,1,1,2,0,2,0,0,2,0,1,1,0,Low,4.384615384615385,9.24,0.6153846153846154,0.75,0.453
18,74,1,1,0,6.0,56,1,1,1,1,1,1,2,3,0,1,1,0,Low,2.9473684210526314,13.32,0.3157894736842105,1.0,0.4115
30,88,1,1,0,9.0,91,1,1,3,1,0,0,2,3,0,0,0,1,High,2.935483870967742,26.4,0.2903225806451613,1.0,0.6265000000000001
18,75,1,1,1,6.0,88,0,1,2,1,2,0,0,1,1,2,0,1,Low,4.631578947368421,13.5,0.3157894736842105,1.0,0.42700000000000005
11,93,1,1,1,6.0,72,0,1,2,0,1,0,0,3,0,1,1,0,Low,6.0,10.23,0.5,0.75,0.363
19,78,2,2,0,5.0,55,1,1,0,1,1,0,1,4,0,0,1,0,Low,2.75,14.82,0.25,1.5,0.37
18,89,1,2,1,5.0,72,0,1,4,1,0,0,1,2,0,0,0,1,Medium,3.789473684210526,16.02,0.2631578947368421,1.25,0.43799999999999994
4,64,1,2,1,7.0,65,1,1,1,1,2,0,0,4,0,0,2,0,Low,13.0,2.56,1.4,1.25,0.4475
20,94,1,1,0,7.0,89,1,1,0,0,1,1,1,1,0,0,0,0,Medium,4.238095238095238,18.8,0.3333333333333333,0.75,0.506
19,89,1,1,0,6.0,55,1,1,1,0,1,1,1,3,0,2,1,1,Medium,2.75,16.91,0.3,0.75,0.4075
24,68,1,1,1,10.0,73,0,1,1,1,1,0,1,4,1,0,1,1,Low,2.92,16.32,0.4,1.0,0.32949999999999996
31,66,0,2,1,8.0,80,0,1,0,0,0,1,0,4,0,0,0,1,Low,2.5,20.46,0.25,0.75,0.32000000000000006
27,73,1,1,0,7.0,99,0,1,1,0,1,0,2,4,0,1,0,0,Medium,3.5357142857142856,19.71,0.25,0.75,0.4335
18,99,1,2,1,4.0,54,0,1,0,1,1,0,2,3,0,2,1,0,High,2.8421052631578947,17.82,0.21052631578947367,1.25,0.21600000000000003
13,70,1,1,0,8.0,56,1,1,2,1,2,0,1,0,0,0,0,0,Low,4.0,9.1,0.5714285714285714,1.0,0.449
35,78,2,0,1,10.0,99,1,1,1,0,1,1,2,2,0,0,0,0,High,2.75,27.3,0.2777777777777778,0.75,0.5835
20,61,1,0,1,7.0,70,0,1,1,1,1,1,2,4,0,0,1,1,Low,3.3333333333333335,12.2,0.3333333333333333,0.75,0.31749999999999995
20,76,2,2,1,6.0,87,0,1,1,0,1,0,0,4,0,2,1,0,Medium,4.142857142857143,15.2,0.2857142857142857,1.25,0.3855
20,83,2,1,0,7.0,89,1,1,3,0,2,1,0,4,0,0,0,1,Medium,4.238095238095238,16.6,0.3333333333333333,1.0,0.6185
21,98,2,1,0,5.0,66,0,1,3,2,2,0,2,5,0,0,0,0,High,3.0,20.58,0.22727272727272727,1.5,0.3765
19,81,2,2,0,8.0,61,0,1,3,1,1,1,0,5,0,2,0,0,Medium,3.05,15.39,0.4,1.5,0.3565
17,93,1,1,1,9.0,64,1,1,1,1,1,0,1,3,0,0,1,1,Medium,3.5555555555555554,15.81,0.5,1.0,0.4435
17,82,1,0,0,6.0,88,0,1,2,0,0,1,1,3,0,2,0,0,Low,4.888888888888889,13.94,0.3333333333333333,0.5,0.42700000000000005
20,62,0,0,0,6.0,92,2,1,2,1,1,0,2,3,0,2,1,0,Low,4.380952380952381,12.4,0.2857142857142857,0.5,0.743
17,73,2,1,1,7.0,85,1,1,2,0,1,0,2,2,0,0,1,0,Low,4.722222222222222,12.41,0.3888888888888889,1.0,0.565
16,83,1,1,0,6.0,72,1,1,1,0,2,0,2,2,0,1,0,0,Low,4.235294117647059,13.28,0.35294117647058826,0.75,0.4754999999999999
21,98,1,2,0,5.0,63,0,1,0,0,2,0,1,2,0,2,0,0,High,2.8636363636363638,20.58,0.22727272727272727,1.0,0.252
18,94,1,1,0,6.0,71,0,1,2,2,1,0,1,3,0,2,2,0,Medium,3.736842105263158,16.92,0.3157894736842105,1.25,0.359
29,69,1,2,0,6.0,96,0,1,1,2,1,0,2,4,0,0,0,1,High,3.2,20.01,0.2,1.5,0.4215
4,69,1,0,0,9.0,93,0,0,2,1,2,1,0,3,0,0,1,1,Low,18.6,2.76,1.8,0.5,0.44700000000000006
27,68,1,1,0,9.0,66,1,1,3,2,1,1,2,3,0,0,2,0,Medium,2.357142857142857,18.36,0.32142857142857145,1.25,0.5265
27,97,2,2,1,9.0,66,0,1,1,0,1,0,2,3,0,0,2,0,High,2.357142857142857,26.19,0.32142857142857145,1.25,0.3015
8,94,2,0,0,8.0,89,2,1,0,1,1,0,1,2,0,0,0,1,Low,9.88888888888889,7.52,0.8888888888888888,1.0,0.656
18,91,2,1,1,7.0,71,2,1,0,1,1,0,1,3,0,0,0,0,High,3.736842105263158,16.38,0.3684210526315789,1.25,0.584
18,76,2,2,0,6.0,79,1,1,1,1,1,1,2,2,0,2,2,1,Medium,4.157894736842105,13.68,0.3157894736842105,1.5,0.5035000000000001
12,80,0,0,0,9.0,71,2,1,1,0,0,1,2,3,1,0,1,1,Low,5.461538461538462,9.6,0.6923076923076923,0.25,0.6214999999999999
15,79,2,1,0,8.0,62,0,1,1,0,0,0,2,3,0,1,0,0,Low,3.875,11.85,0.5,1.0,0.2855
13,70,1,1,0,5.0,59,1,1,0,1,2,1,2,2,0,2,0,1,Low,4.214285714285714,9.1,0.35714285714285715,1.0,0.386
31,80,2,2,1,6.0,57,0,1,1,1,2,1,2,3,0,0,0,1,High,1.78125,24.8,0.1875,1.5,0.26549999999999996
26,61,0,1,1,5.0,51,2,1,0,0,1,1,1,5,0,0,1,1,Low,1.8888888888888888,15.86,0.18518518518518517,0.5,0.504
28,65,1,1,1,4.0,64,1,1,6,1,2,0,1,3,0,2,0,0,High,2.206896551724138,18.2,0.13793103448275862,1.0,0.631
24,95,2,0,1,8.0,59,1,1,2,0,2,0,0,1,0,1,1,0,High,2.36,22.8,0.32,0.75,0.461
13,90,1,1,0,5.0,63,1,1,0,0,1,0,1,4,0,0,1,1,Low,4.5,11.7,0.35714285714285715,0.75,0.402
17,77,1,1,1,6.0,54,0,1,3,0,1,0,1,4,0,0,1,0,Low,3.0,13.09,0.3333333333333333,0.75,0.3285
23,81,1,0,1,7.0,67,1,1,0,1,2,1,2,5,0,0,1,1,Medium,2.7916666666666665,18.63,0.2916666666666667,0.75,0.41800000000000004
13,75,1,2,1,7.0,76,2,1,1,1,2,0,0,1,0,0,1,0,Low,5.428571428571429,9.75,0.5,1.25,0.6415000000000001
24,90,1,1,1,6.0,97,0,1,1,2,2,0,2,4,0,0,0,0,High,3.88,21.6,0.24,1.25,0.4255
19,91,1,0,0,9.0,67,1,1,0,1,1,1,0,3,0,1,0,1,Low,3.35,17.29,0.45,0.75,0.41800000000000004
18,91,1,1,0,5.0,52,1,1,2,1,1,0,0,4,0,0,1,1,Low,2.736842105263158,16.38,0.2631578947368421,1.0,0.433
24,89,1,2,1,5.0,68,1,1,0,0,2,0,2,2,0,2,0,1,High,2.72,21.36,0.2,1.0,0.42200000000000004
23,68,0,0,0,8.0,91,1,1,5,0,1,0,0,5,0,2,0,1,Low,3.7916666666666665,15.64,0.3333333333333333,0.25,0.7015
18,74,1,0,1,6.0,67,2,1,2,0,2,0,1,2,0,0,0,0,Low,3.526315789473684,13.32,0.3157894736842105,0.5,0.643
27,79,1,0,0,6.0,65,0,1,0,1,1,1,0,2,0,1,0,0,Low,2.3214285714285716,21.33,0.21428571428571427,0.75,0.26
14,73,1,0,1,5.0,96,0,1,1,0,1,0,0,3,0,0,1,1,Low,6.4,10.22,0.3333333333333333,0.5,0.4215
24,90,1,1,0,8.0,65,1,1,4,0,1,0,1,4,0,0,1,0,High,2.6,21.6,0.32,0.75,0.56
24,73,1,1,1,7.0,99,1,1,3,1,2,1,1,3,0,0,0,1,Medium,3.96,17.52,0.28,1.0,0.6585000000000001
18,66,2,1,0,7.0,92,1,1,2,0,1,1,1,4,0,0,1,0,Low,4.842105263157895,11.88,0.3684210526315789,1.0,0.593
22,76,2,1,1,6.0,84,2,1,2,1,2,0,1,3,0,0,0,0,High,3.652173913043478,16.72,0.2608695652173913,1.25,0.711
12,99,2,2,1,6.0,80,1,0,0,2,1,0,2,3,0,0,1,0,High,6.153846153846154,11.88,0.46153846153846156,1.5,0.4700000000000001
26,69,1,1,1,7.0,61,1,1,1,2,2,0,2,2,0,1,0,0,Medium,2.259259259259259,17.94,0.25925925925925924,1.25,0.4315
19,84,1,2,1,8.0,87,0,1,2,0,2,0,2,3,0,0,1,1,Medium,4.35,15.96,0.4,1.0,0.42300000000000004
17,77,0,1,0,9.0,67,0,1,0,0,2,0,1,5,1,0,0,1,Low,3.7222222222222223,13.09,0.5,0.5,0.268
26,63,1,2,1,9.0,74,1,1,1,0,1,1,2,4,0,0,0,1,Medium,2.740740740740741,16.38,0.3333333333333333,1.0,0.48349999999999993
16,80,2,1,0,8.0,55,2,0,0,0,1,0,2,6,0,1,1,0,Low,3.235294117647059,12.8,0.47058823529411764,0.75,0.52
12,88,1,1,0,8.0,65,1,1,0,0,1,0,2,4,0,0,0,0,Low,5.0,10.56,0.6153846153846154,0.75,0.41000000000000003
11,81,1,2,1,5.0,76,1,1,1,0,1,0,1,3,0,2,2,0,Low,6.333333333333333,8.91,0.4166666666666667,1.0,0.49150000000000005
24,95,1,0,1,6.0,73,1,0,3,0,1,0,2,2,0,0,1,0,Medium,2.92,22.8,0.24,0.25,0.5545
12,72,1,1,0,8.0,67,0,1,4,1,1,0,1,4,0,0,0,0,Low,5.153846153846154,8.64,0.6153846153846154,1.0,0.41800000000000004
31,63,0,2,1,7.0,74,0,1,3,1,1,0,0,2,0,1,1,0,Low,2.3125,19.53,0.21875,1.0,0.4085
8,97,1,2,1,8.0,87,1,1,0,1,1,0,2,2,1,0,0,0,Medium,9.666666666666666,7.76,0.8888888888888888,1.25,0.498
30,75,1,1,0,8.0,73,2,1,1,1,1,0,0,3,0,1,0,0,Medium,2.3548387096774195,22.5,0.25806451612903225,1.0,0.6295
21,83,1,1,1,8.0,75,2,1,1,0,2,0,1,2,0,0,2,0,Medium,3.409090909090909,17.43,0.36363636363636365,0.75,0.6375000000000001
19,92,1,1,1,5.0,85,1,1,1,1,2,1,1,4,0,0,0,0,High,4.25,17.48,0.25,1.0,0.5275
17,73,2,2,1,7.0,92,1,1,2,2,1,1,0,2,0,0,1,0,Medium,5.111111111111111,12.41,0.3888888888888889,1.75,0.593
22,89,2,1,0,6.0,76,1,1,2,0,1,0,1,4,0,0,0,0,High,3.3043478260869565,19.58,0.2608695652173913,1.0,0.529
20,65,2,2,1,6.0,97,1,1,0,0,0,1,0,3,0,0,1,1,Low,4.619047619047619,13.0,0.2857142857142857,1.25,0.538
27,72,1,0,0,4.0,68,1,0,0,1,2,0,0,3,1,1,0,0,Low,2.4285714285714284,19.44,0.14285714285714285,0.5,0.42200000000000004
21,66,1,1,1,7.0,63,1,1,0,2,1,0,1,3,0,0,0,1,Low,2.8636363636363638,13.86,0.3181818181818182,1.25,0.402
21,92,2,1,1,4.0,85,0,1,1,2,1,0,0,3,0,0,2,0,Medium,3.8636363636363638,19.32,0.18181818181818182,1.5,0.3775
18,69,0,1,0,8.0,59,0,0,1,0,1,0,2,4,0,0,0,1,Low,3.1052631578947367,12.42,0.42105263157894735,0.25,0.27349999999999997
20,89,0,1,1,9.0,95,1,1,3,0,1,0,2,3,0,0,1,0,Medium,4.523809523809524,17.8,0.42857142857142855,0.5,0.6425000000000001
22,98,1,0,1,8.0,69,1,1,4,2,1,1,2,2,0,0,0,1,High,3.0,21.56,0.34782608695652173,1.0,0.576
10,81,1,0,1,7.0,85,0,1,1,0,1,0,1,2,0,1,0,0,Low,7.7272727272727275,8.1,0.6363636363636364,0.5,0.3775
12,82,0,1,0,9.0,79,2,1,0,0,1,1,2,2,0,1,1,1,Low,6.076923076923077,9.84,0.6923076923076923,0.5,0.6160000000000001
24,78,2,0,1,7.0,53,2,1,0,1,1,0,1,4,1,0,0,0,Low,2.12,18.72,0.28,1.0,0.512
21,73,1,1,0,6.0,85,1,1,6,1,2,0,1,5,0,1,0,0,High,3.8636363636363638,15.33,0.2727272727272727,1.0,0.715
19,79,1,2,1,7.0,90,1,1,1,2,1,0,0,4,0,1,2,1,Medium,4.5,15.01,0.35,1.5,0.5475
20,84,1,1,1,10.0,99,0,1,2,1,1,1,2,3,0,0,1,0,Medium,4.714285714285714,16.8,0.47619047619047616,1.0,0.47100000000000003
22,99,1,1,1,5.0,71,2,1,0,1,2,0,1,4,0,1,0,1,High,3.0869565217391304,21.78,0.21739130434782608,1.0,0.584
17,98,0,2,0,5.0,75,0,1,1,0,0,1,2,3,1,1,0,0,Medium,4.166666666666667,16.66,0.2777777777777778,0.75,0.3375
15,94,0,1,0,8.0,94,0,1,1,2,1,0,2,4,0,0,1,0,Medium,5.875,14.1,0.5,1.0,0.4135
21,96,1,2,0,7.0,63,1,1,1,1,1,1,0,2,0,2,2,1,High,2.8636363636363638,20.16,0.3181818181818182,1.25,0.4395
14,79,2,1,1,6.0,59,1,1,5,1,2,0,2,3,0,2,2,0,Medium,3.933333333333333,11.06,0.4,1.25,0.5735
22,86,1,1,1,5.0,57,2,1,2,1,1,0,2,3,0,1,1,0,Medium,2.4782608695652173,18.92,0.21739130434782608,1.0,0.603
10,96,1,1,0,4.0,99,1,1,1,1,1,1,0,5,0,1,0,1,Medium,9.0,9.6,0.36363636363636365,1.0,0.5835
26,76,1,1,0,5.0,64,0,1,0,1,1,0,2,5,0,1,2,1,Low,2.3703703703703702,19.76,0.18518518518518517,1.0,0.256
23,98,1,1,0,9.0,88,2,1,1,0,1,0,0,4,0,2,1,1,High,3.6666666666666665,22.54,0.375,0.75,0.6895
22,77,1,1,1,7.0,72,1,1,2,1,2,0,1,3,0,0,0,0,Medium,3.130434782608696,16.94,0.30434782608695654,1.0,0.5129999999999999
26,84,0,2,0,4.0,62,1,0,3,2,2,0,2,2,0,0,0,0,High,2.2962962962962963,21.84,0.14814814814814814,1.0,0.5105
30,88,2,1,1,9.0,96,1,1,1,1,2,1,1,3,1,0,0,0,High,3.096774193548387,26.4,0.2903225806451613,1.25,0.5715
26,98,1,0,1,9.0,73,2,1,1,2,0,0,1,6,0,2,1,0,High,2.7037037037037037,25.48,0.3333333333333333,1.0,0.6295
9,70,1,1,0,9.0,78,0,1,1,1,0,0,1,2,0,0,0,1,Low,7.8,6.3,0.9,1.0,0.34950000000000003
12,90,1,2,0,6.0,61,0,1,2,1,2,0,1,3,0,1,0,0,Medium,4.6923076923076925,10.8,0.46153846153846156,1.25,0.319
16,81,2,1,1,7.0,66,1,1,3,2,2,1,2,4,0,0,0,0,Medium,3.8823529411764706,12.96,0.4117647058823529,1.5,0.5265
20,71,1,0,0,7.0,87,2,1,1,1,1,0,0,5,0,0,0,0,Low,4.142857142857143,14.2,0.3333333333333333,0.75,0.6855
23,91,0,2,1,9.0,67,0,1,2,0,1,0,1,4,0,0,0,1,High,2.7916666666666665,20.93,0.375,0.75,0.343
16,82,2,2,1,6.0,75,0,1,3,1,1,0,1,3,0,1,1,1,Medium,4.411764705882353,13.12,0.35294117647058826,1.5,0.41250000000000003
21,86,1,0,0,6.0,56,1,1,1,0,2,1,0,2,0,1,0,1,Low,2.5454545454545454,18.06,0.2727272727272727,0.5,0.4115
15,73,0,2,1,8.0,93,1,1,1,0,2,0,2,4,0,1,2,0,Low,5.8125,10.95,0.5,0.75,0.5595
16,79,0,1,1,9.0,87,1,1,1,0,1,0,1,2,0,1,1,1,Low,5.117647058823529,12.64,0.5294117647058824,0.5,0.5355
12,85,2,2,1,7.0,88,2,1,1,0,1,0,1,0,0,1,2,1,Medium,6.769230769230769,10.2,0.5384615384615384,1.25,0.6895
14,76,2,1,1,8.0,59,0,1,3,1,1,1,1,5,0,0,1,0,Low,3.933333333333333,10.64,0.5333333333333333,1.25,0.3485
12,68,2,2,1,7.0,75,1,1,1,1,0,1,2,4,0,0,0,0,Low,5.769230769230769,8.16,0.5384615384615384,1.5,0.48750000000000004
14,98,2,2,0,7.0,51,1,1,0,1,0,0,2,1,1,0,0,0,Medium,3.4,13.72,0.4666666666666667,1.5,0.354
26,80,1,0,1,6.0,66,1,1,2,2,1,0,1,4,0,2,0,0,High,2.4444444444444446,20.8,0.2222222222222222,1.0,0.48900000000000005
14,89,1,0,1,5.0,67,0,0,3,0,0,1,1,3,0,0,2,1,Low,4.466666666666667,12.46,0.3333333333333333,0.25,0.3805
36,76,1,1,0,6.0,96,1,1,1,0,1,1,1,2,0,1,0,0,High,2.5945945945945947,27.36,0.16216216216216217,0.75,0.5715
23,74,2,0,0,6.0,100,0,1,2,2,0,1,2,3,0,0,0,0,Medium,4.166666666666667,17.02,0.25,1.25,0.47500000000000003
21,76,1,1,0,7.0,81,1,1,0,1,2,1,2,2,0,1,1,1,Medium,3.6818181818181817,15.96,0.3181818181818182,1.0,0.4740000000000001
15,76,2,2,1,9.0,76,1,1,1,1,2,0,1,2,0,2,2,1,Medium,4.75,11.4,0.5625,1.5,0.49150000000000005
24,82,0,1,1,7.0,72,1,1,0,1,2,0,2,2,0,2,1,1,Medium,2.88,19.68,0.28,0.75,0.43799999999999994
170,82,2,1,0,6.0,51,1,1,1,0,1,0,2,3,0,2,1,0,Low,0.2982456140350877,139.4,0.03508771929824561,1.0,0.39149999999999996
21,80,1,1,1,8.0,90,1,1,0,1,1,0,0,4,0,1,0,0,Medium,4.090909090909091,16.8,0.36363636363636365,1.0,0.51
35,65,2,1,1,7.0,84,2,1,0,1,1,0,2,2,0,0,1,0,High,2.3333333333333335,22.75,0.19444444444444445,1.25,0.636
19,80,0,0,0,8.0,82,1,1,5,0,0,0,2,3,0,1,0,0,Medium,4.1,15.2,0.4,0.25,0.6655
27,67,0,1,1,6.0,90,1,1,2,2,2,1,1,3,0,0,1,0,Medium,3.2142857142857144,18.09,0.21428571428571427,1.0,0.585
16,65,0,2,0,9.0,96,0,1,2,0,1,0,0,2,0,0,0,0,Low,5.647058823529412,10.4,0.5294117647058824,0.75,0.459
20,97,1,2,0,9.0,69,0,1,0,0,0,0,0,3,1,0,0,0,Medium,3.2857142857142856,19.4,0.42857142857142855,1.0,0.27599999999999997
31,84,1,2,0,7.0,71,0,1,4,0,1,0,0,4,0,0,2,0,High,2.21875,26.04,0.21875,1.0,0.43399999999999994
16,86,2,2,0,8.0,99,1,1,4,0,2,1,1,4,0,1,0,0,High,5.823529411764706,13.76,0.47058823529411764,1.25,0.6960000000000001
31,76,1,1,1,9.0,83,1,1,2,2,1,1,0,3,0,0,1,1,High,2.59375,23.56,0.28125,1.25,0.5569999999999999
24,96,0,2,0,6.0,93,1,1,2,0,1,0,1,2,0,0,1,1,High,3.72,23.04,0.24,0.75,0.597
17,86,1,1,0,7.0,61,1,0,2,2,1,0,2,3,0,0,1,0,Low,3.388888888888889,14.62,0.3888888888888889,1.0,0.46900000000000003
24,91,0,0,1,7.0,66,2,1,2,0,2,0,1,3,0,0,0,0,Medium,2.64,21.84,0.28,0.25,0.639
26,75,2,1,0,5.0,70,0,1,0,2,0,1,1,2,0,2,0,0,Medium,2.5925925925925926,19.5,0.18518518518518517,1.5,0.27999999999999997
24,98,2,0,0,8.0,66,2,1,2,0,1,0,2,1,0,0,1,0,High,2.64,23.52,0.32,0.75,0.639
11,93,2,1,0,9.0,94,1,1,4,0,2,0,1,4,0,0,1,0,Medium,7.833333333333333,10.23,0.75,1.0,0.676
16,94,1,1,0,7.0,76,0,1,2,1,1,0,1,3,1,0,0,1,Medium,4.470588235294118,15.04,0.4117647058823529,1.0,0.37900000000000006
19,67,0,1,1,8.0,98,1,1,2,0,1,1,0,2,0,2,0,1,Low,4.9,12.73,0.4,0.5,0.617
20,71,1,1,1,9.0,66,1,1,1,1,0,1,0,5,1,1,0,1,Low,3.142857142857143,14.2,0.42857142857142855,1.0,0.4515
24,71,1,2,1,6.0,52,1,1,2,1,1,1,1,3,0,1,2,1,Low,2.08,17.04,0.24,1.25,0.433
21,71,2,1,1,8.0,57,0,0,2,2,1,0,2,1,0,2,0,1,Low,2.590909090909091,14.91,0.36363636363636365,1.25,0.303
12,94,0,1,1,6.0,61,1,1,3,2,2,0,1,4,0,1,0,0,Medium,4.6923076923076925,11.28,0.46153846153846156,1.0,0.5065
22,61,0,0,1,6.0,82,0,1,4,1,1,0,2,4,0,0,1,1,Low,3.5652173913043477,13.42,0.2608695652173913,0.5,0.478
24,63,2,1,0,8.0,59,0,1,1,0,1,0,1,3,1,0,0,0,Low,2.36,15.12,0.32,1.0,0.27349999999999997
23,71,1,1,1,7.0,69,2,1,3,0,1,0,2,5,1,0,2,1,Low,2.875,16.33,0.2916666666666667,0.75,0.6884999999999999
26,68,1,2,1,8.0,90,1,1,4,0,2,1,1,3,0,0,0,0,High,3.3333333333333335,17.68,0.2962962962962963,1.0,0.66
25,69,2,1,1,7.0,56,1,1,2,0,1,1,1,4,0,0,0,0,Medium,2.1538461538461537,17.25,0.2692307692307692,1.0,0.449
23,92,0,1,0,8.0,54,1,1,0,2,0,0,2,1,0,2,0,1,Medium,2.25,21.16,0.3333333333333333,1.0,0.366
20,83,1,0,0,9.0,77,2,1,0,0,1,0,2,3,1,0,0,0,Medium,3.6666666666666665,16.6,0.42857142857142855,0.5,0.6080000000000001
10,60,1,1,0,9.0,85,1,1,0,1,2,0,2,4,0,2,0,0,Low,7.7272727272727275,6.0,0.8181818181818182,1.0,0.49
23,77,0,1,1,8.0,96,1,1,1,2,1,1,1,1,1,1,0,0,Medium,4.0,17.71,0.3333333333333333,1.0,0.5715
21,76,1,2,1,8.0,83,1,1,0,0,1,0,2,5,0,0,0,0,Medium,3.772727272727273,15.96,0.36363636363636365,1.0,0.482
22,65,0,1,0,7.0,97,0,1,2,1,2,1,1,4,0,0,1,1,Low,4.217391304347826,14.3,0.30434782608695654,0.75,0.463
12,87,1,0,1,7.0,62,1,0,2,1,1,0,1,4,0,0,0,1,Low,4.769230769230769,10.44,0.5384615384615384,0.5,0.47300000000000003
14,88,1,1,0,8.0,67,1,1,2,2,0,0,1,3,0,2,2,0,Low,4.466666666666667,12.32,0.5333333333333333,1.25,0.49300000000000005
26,89,1,0,1,7.0,92,1,1,2,0,2,0,2,2,0,2,1,0,High,3.4074074074074074,23.14,0.25925925925925924,0.5,0.593
20,89,1,2,1,8.0,91,1,1,2,1,1,0,2,3,0,0,0,1,High,4.333333333333333,17.8,0.38095238095238093,1.25,0.589
24,60,1,2,1,9.0,83,2,1,2,1,0,0,2,3,1,0,0,0,Low,3.32,14.4,0.36,1.25,0.707
20,98,0,1,0,7.0,75,2,1,4,1,1,1,2,1,0,1,0,0,High,3.5714285714285716,19.6,0.3333333333333333,0.75,0.7500000000000001
20,93,2,1,1,4.0,51,0,1,1,1,1,0,2,3,0,0,0,0,Medium,2.4285714285714284,18.6,0.19047619047619047,1.25,0.24150000000000002
26,96,2,2,1,10.0,64,0,1,2,1,1,1,1,3,1,0,0,1,High,2.3703703703703702,24.96,0.37037037037037035,1.5,0.331
17,61,0,0,1,6.0,58,1,1,1,1,2,0,1,4,0,0,0,0,Low,3.2222222222222223,10.37,0.3333333333333333,0.5,0.4195
21,97,1,1,1,7.0,53,1,1,0,2,1,0,1,2,0,0,1,0,Medium,2.409090909090909,20.37,0.3181818181818182,1.25,0.362
17,92,1,2,0,8.0,89,1,1,0,0,0,0,2,3,1,0,0,0,Medium,4.944444444444445,15.64,0.4444444444444444,1.0,0.506
17,93,0,1,1,9.0,57,2,1,3,0,2,1,1,2,0,1,0,0,Medium,3.1666666666666665,15.81,0.5,0.5,0.6405000000000001
18,64,1,0,1,10.0,68,0,1,1,0,1,0,2,5,0,0,0,0,Low,3.5789473684210527,11.52,0.5263157894736842,0.5,0.3095
21,90,1,1,1,6.0,99,0,1,2,0,2,0,2,2,0,0,1,0,High,4.5,18.9,0.2727272727272727,0.75,0.47100000000000003
17,98,1,2,1,9.0,70,0,1,1,2,1,1,0,2,0,0,0,0,High,3.888888888888889,16.66,0.5,1.5,0.31749999999999995
28,87,0,0,1,7.0,57,1,1,2,1,2,1,0,4,0,0,1,0,Medium,1.9655172413793103,24.36,0.2413793103448276,0.5,0.453
15,83,2,1,1,10.0,84,1,1,1,2,2,0,0,2,0,1,0,0,Medium,5.25,12.45,0.625,1.5,0.5235
19,98,1,2,0,9.0,90,0,0,1,2,1,1,2,2,0,1,2,1,High,4.5,18.62,0.45,1.25,0.3975
17,78,1,2,0,7.0,64,1,1,0,0,1,1,1,3,0,0,0,1,Low,3.5555555555555554,13.26,0.3888888888888889,1.0,0.406
29,84,2,1,1,6.0,90,1,1,0,1,2,0,2,3,0,2,2,0,High,3.0,24.36,0.2,1.25,0.51
21,79,2,1,0,4.0,64,0,1,0,0,2,0,0,4,0,1,1,0,Low,2.909090909090909,16.59,0.18181818181818182,1.0,0.256
26,97,1,1,0,8.0,85,0,0,2,2,0,0,1,3,0,0,0,0,High,3.1481481481481484,25.22,0.2962962962962963,1.0,0.41500000000000004
11,63,2,1,1,9.0,56,2,1,2,1,1,0,1,3,0,0,0,1,Low,4.666666666666667,6.93,0.75,1.25,0.599
22,80,1,1,1,8.0,71,2,1,2,0,1,1,2,3,0,0,0,1,Medium,3.0869565217391304,17.6,0.34782608695652173,0.75,0.6589999999999999
25,87,1,2,0,4.0,76,0,1,1,0,2,0,2,4,0,1,2,0,High,2.923076923076923,21.75,0.15384615384615385,1.0,0.3415
20,92,1,0,0,5.0,86,0,1,0,1,1,0,1,2,0,2,1,1,Medium,4.095238095238095,18.4,0.23809523809523808,0.75,0.34400000000000003
26,83,2,0,1,8.0,83,1,1,2,0,2,0,1,2,0,1,0,1,High,3.074074074074074,21.58,0.2962962962962963,0.75,0.5569999999999999
17,96,1,1,1,10.0,93,1,1,2,1,0,0,0,4,0,0,0,1,High,5.166666666666667,16.32,0.5555555555555556,1.0,0.597
28,98,1,1,1,7.0,59,1,1,1,0,1,0,2,3,0,0,0,0,High,2.0344827586206895,27.44,0.2413793103448276,0.75,0.4235
34,63,1,2,1,9.0,83,1,1,2,1,2,0,0,2,0,1,1,0,Medium,2.3714285714285714,21.42,0.2571428571428571,1.25,0.5569999999999999
18,76,1,2,0,5.0,56,1,1,1,0,0,0,0,2,0,1,1,0,Low,2.9473684210526314,13.68,0.2631578947368421,1.0,0.4115
17,61,1,1,0,7.0,74,2,1,0,1,1,0,1,2,0,2,0,1,Low,4.111111111111111,10.37,0.3888888888888889,1.0,0.596
29,73,1,1,0,7.0,76,1,1,2,0,2,1,1,3,0,0,0,1,Medium,2.533333333333333,21.17,0.23333333333333334,0.75,0.529
29,81,0,1,1,9.0,51,0,1,2,1,1,0,2,5,0,2,0,0,High,1.7,23.49,0.3,0.75,0.279
17,96,1,1,1,6.0,54,1,1,1,1,1,1,2,4,0,0,0,0,Medium,3.0,16.32,0.3333333333333333,1.0,0.40349999999999997
17,94,1,1,0,10.0,92,0,1,2,0,1,1,0,2,0,0,0,0,Medium,5.111111111111111,15.98,0.5555555555555556,0.75,0.44300000000000006
18,65,2,1,1,7.0,64,1,1,2,2,1,0,2,1,0,0,0,0,Low,3.3684210526315788,11.7,0.3684210526315789,1.5,0.48100000000000004
12,64,1,0,0,5.0,67,1,1,3,0,1,1,2,2,1,0,0,0,Low,5.153846153846154,7.68,0.38461538461538464,0.5,0.5305
14,84,1,1,0,5.0,82,1,1,3,0,1,0,2,3,0,1,2,0,Low,5.466666666666667,11.76,0.3333333333333333,0.75,0.5905
14,81,2,1,0,6.0,61,0,1,0,0,1,0,2,4,0,0,1,0,Low,4.066666666666666,11.34,0.4,1.0,0.244
15,71,0,1,0,8.0,60,2,0,5,0,2,0,2,4,0,0,2,1,Low,3.75,10.65,0.5,0.25,0.7275
20,96,1,1,0,6.0,71,1,1,5,0,2,0,1,3,0,1,0,0,High,3.380952380952381,19.2,0.2857142857142857,0.75,0.6214999999999999
21,97,1,2,1,6.0,53,0,1,0,0,1,0,0,3,1,0,1,0,Medium,2.409090909090909,20.37,0.2727272727272727,1.0,0.21200000000000002
29,76,1,1,0,8.0,96,0,1,2,0,1,0,2,2,0,2,1,0,High,3.2,22.04,0.26666666666666666,0.75,0.459
14,96,1,2,1,4.0,97,0,1,2,1,1,0,0,3,0,0,0,1,High,6.466666666666667,13.44,0.26666666666666666,1.25,0.463
26,75,0,1,0,6.0,72,1,1,0,0,2,0,1,3,0,0,0,0,Low,2.6666666666666665,19.5,0.2222222222222222,0.5,0.43799999999999994
19,89,0,1,1,5.0,60,0,1,4,1,1,0,2,2,0,2,1,1,Medium,3.0,16.91,0.25,0.75,0.39
20,79,1,0,1,6.0,74,0,1,2,0,1,0,2,2,0,0,2,0,Low,3.5238095238095237,15.8,0.2857142857142857,0.5,0.371
24,65,1,1,0,7.0,55,0,1,1,0,2,1,2,3,1,0,0,1,Low,2.2,15.6,0.28,0.75,0.2575
13,97,2,2,0,7.0,70,1,1,1,0,2,0,1,4,0,2,0,1,High,5.0,12.61,0.5,1.25,0.4674999999999999
22,78,2,1,0,7.0,54,1,1,1,1,1,0,0,3,1,0,1,0,Low,2.347826086956522,17.16,0.30434782608695654,1.25,0.40349999999999997
21,89,0,1,1,9.0,85,0,1,1,1,1,0,0,5,0,1,2,1,Medium,3.8636363636363638,18.69,0.4090909090909091,0.75,0.3775
23,75,1,1,0,7.0,64,2,1,1,0,1,0,0,3,1,0,1,0,Low,2.6666666666666665,17.25,0.2916666666666667,0.75,0.5935
22,61,0,0,1,10.0,76,2,1,1,2,2,0,2,2,0,1,0,0,Low,3.3043478260869565,13.42,0.43478260869565216,0.75,0.6415000000000001
35,64,1,1,1,8.0,51,1,1,2,1,1,0,0,5,1,0,0,0,Low,1.4166666666666667,22.4,0.2222222222222222,1.0,0.429
16,80,2,1,0,6.0,76,1,1,1,1,2,0,2,4,0,1,0,0,Medium,4.470588235294118,12.8,0.35294117647058826,1.25,0.49150000000000005
17,88,1,1,0,10.0,50,1,1,3,0,2,0,1,5,0,1,1,1,Medium,2.7777777777777777,14.96,0.5555555555555556,0.75,0.46249999999999997
16,73,0,2,1,7.0,96,1,1,1,1,1,1,2,3,0,0,1,1,Low,5.647058823529412,11.68,0.4117647058823529,1.0,0.5715
17,88,1,1,1,10.0,75,1,1,2,1,1,0,1,3,0,0,0,0,Medium,4.166666666666667,14.96,0.5555555555555556,1.0,0.525
16,888,0,1,0,7.0,55,1,1,3,0,0,0,1,3,0,2,0,0,Low,3.235294117647059,142.08,0.4117647058823529,0.5,0.4825
27,88,1,1,0,7.0,67,1,1,3,2,1,0,1,4,0,1,2,0,High,2.392857142857143,23.76,0.25,1.25,0.5305
29,80,1,2,1,8.0,52,1,1,4,0,1,0,2,4,0,0,1,1,High,1.7333333333333334,23.2,0.26666666666666666,1.0,0.508
17,97,1,2,0,7.0,77,1,1,0,0,1,1,0,4,0,1,2,0,Medium,4.277777777777778,16.49,0.3888888888888889,1.0,0.4580000000000001
15,80,2,0,0,9.0,56,2,1,3,1,1,0,1,3,1,0,0,1,Low,3.5,12.0,0.5625,1.0,0.6365000000000001
23,78,1,1,1,10.0,74,0,1,3,1,1,0,0,4,0,0,1,0,Medium,3.0833333333333335,17.94,0.4166666666666667,1.0,0.4085
17,68,2,1,1,4.0,65,2,1,0,1,1,1,2,2,0,0,1,0,Low,3.611111111111111,11.56,0.2222222222222222,1.25,0.56
24,72,2,0,1,8.0,88,2,1,3,0,1,0,2,2,0,0,0,1,Medium,3.52,17.28,0.32,0.75,0.7645
21,62,1,1,0,6.0,74,2,1,0,0,2,1,2,3,1,2,2,0,Low,3.3636363636363638,13.02,0.2727272727272727,0.75,0.596
11,85,1,0,1,4.0,92,0,1,0,1,2,0,1,1,0,1,0,0,Low,7.666666666666667,9.35,0.3333333333333333,0.75,0.36800000000000005
29,70,0,2,0,8.0,97,0,1,3,0,2,0,2,3,0,2,1,0,High,3.2333333333333334,20.3,0.26666666666666666,0.75,0.5005
31,72,1,1,0,8.0,98,2,1,0,0,1,0,1,4,0,1,2,0,Medium,3.0625,22.32,0.25,0.75,0.692
16,91,1,1,0,8.0,63,2,1,2,1,2,0,1,3,0,1,0,1,Medium,3.7058823529411766,14.56,0.47058823529411764,1.0,0.627
18,73,0,1,1,8.0,88,0,1,3,0,1,0,2,4,0,1,1,0,Low,4.631578947368421,13.14,0.42105263157894735,0.5,0.4645
22,70,1,2,1,8.0,72,1,1,2,2,1,0,1,3,0,0,0,0,Medium,3.130434782608696,15.4,0.34782608695652173,1.5,0.5129999999999999
22,67,2,1,0,6.0,71,0,1,2,1,1,0,2,2,0,1,1,0,Low,3.0869565217391304,14.74,0.2608695652173913,1.25,0.359
24,91,2,1,0,7.0,93,0,1,0,1,1,0,2,2,0,0,1,0,High,3.72,21.84,0.28,1.25,0.37200000000000005
32,65,1,0,1,8.0,57,0,1,2,0,1,0,2,3,0,0,1,1,Low,1.7272727272727273,20.8,0.24242424242424243,0.5,0.303
19,78,1,1,1,9.0,74,0,1,2,0,1,0,2,5,0,0,1,1,Low,3.7,14.82,0.45,0.75,0.371
15,80,2,1,0,7.0,80,1,1,0,0,0,0,1,5,0,0,0,1,Low,5.0,12.0,0.4375,1.0,0.4700000000000001
12,87,1,1,1,7.0,53,0,1,2,1,1,1,1,1,0,1,0,0,Low,4.076923076923077,10.44,0.5384615384615384,1.0,0.28700000000000003
16,85,0,1,0,7.0,93,2,1,1,1,2,0,2,3,0,0,0,0,Medium,5.470588235294118,13.6,0.4117647058823529,0.75,0.7095
20,92,1,1,1,5.0,66,1,1,2,1,1,0,0,2,1,1,1,0,Medium,3.142857142857143,18.4,0.23809523809523808,1.0,0.48900000000000005
31,62,2,1,0,8.0,83,1,1,0,1,2,1,1,2,1,1,0,1,Medium,2.59375,19.22,0.25,1.25,0.482
17,72,0,1,1,5.0,96,2,1,3,2,1,0,0,3,0,0,1,0,Low,5.333333333333333,12.24,0.2777777777777778,1.0,0.7965
21,71,1,0,0,8.0,86,1,1,2,1,2,0,1,2,0,1,0,0,Low,3.909090909090909,14.91,0.36363636363636365,0.75,0.569
20,66,1,1,1,7.0,94,0,1,0,1,0,0,1,4,0,0,1,1,Low,4.476190476190476,13.2,0.3333333333333333,1.0,0.376
27,72,2,2,1,5.0,53,1,1,1,2,1,1,1,5,0,2,0,0,High,1.8928571428571428,19.44,0.17857142857142858,1.75,0.39949999999999997
35,72,2,2,1,5.0,75,1,1,1,0,1,0,2,5,0,1,1,0,High,2.0833333333333335,25.2,0.1388888888888889,1.25,0.48750000000000004
17,81,1,2,0,6.0,78,1,1,2,0,1,1,2,2,0,0,1,0,Medium,4.333333333333333,13.77,0.3333333333333333,1.0,0.537
17,87,2,0,1,6.0,84,1,1,0,1,1,0,2,3,0,1,2,0,Medium,4.666666666666667,14.79,0.3333333333333333,1.0,0.486
26,75,0,1,1,9.0,56,1,1,1,0,1,0,2,5,0,0,1,0,Low,2.074074074074074,19.5,0.3333333333333333,0.5,0.4115
24,89,0,1,0,7.0,83,1,0,1,0,0,0,1,3,0,0,1,0,Low,3.32,21.36,0.28,0.25,0.5195
31,73,2,1,1,8.0,57,1,1,2,0,2,0,1,4,0,0,2,0,Medium,1.78125,22.63,0.25,1.0,0.453
24,72,1,0,1,9.0,53,1,1,0,0,2,1,1,4,1,0,1,0,Low,2.12,17.28,0.36,0.5,0.362
18,82,0,1,0,9.0,73,0,1,2,0,1,0,2,4,0,1,0,1,Low,3.8421052631578947,14.76,0.47368421052631576,0.5,0.367
24,61,1,1,0,7.0,80,2,1,0,0,1,0,2,3,0,2,1,0,Low,3.2,14.64,0.28,0.75,0.6200000000000001
27,63,2,1,1,6.0,98,1,1,1,0,2,0,2,2,0,0,1,1,Medium,3.5,17.01,0.21428571428571427,1.0,0.5795
25,77,2,2,0,8.0,85,1,1,2,1,1,0,2,1,0,1,0,0,High,3.269230769230769,19.25,0.3076923076923077,1.5,0.565
23,98,2,1,1,6.0,80,1,1,1,1,1,0,2,2,0,0,1,0,High,3.3333333333333335,22.54,0.25,1.25,0.5075000000000001
26,89,1,0,1,10.0,61,0,1,0,1,2,0,1,3,0,0,1,1,Medium,2.259259259259259,23.14,0.37037037037037035,0.75,0.244
27,64,2,0,1,8.0,58,1,1,2,2,2,0,1,1,0,2,2,0,Low,2.0714285714285716,17.28,0.2857142857142857,1.25,0.457
28,94,1,2,1,7.0,80,1,1,3,0,2,0,2,4,0,2,2,0,High,2.7586206896551726,26.32,0.2413793103448276,1.0,0.5825
24,89,1,2,1,8.0,61,1,1,1,0,2,0,2,3,0,2,0,1,High,2.44,21.36,0.32,1.0,0.4315
19,84,2,0,1,7.0,85,1,1,1,2,1,1,1,3,0,0,0,0,Medium,4.25,15.96,0.35,1.25,0.5275
21,93,1,1,1,6.0,56,1,0,1,0,1,0,2,3,0,0,0,0,Medium,2.5454545454545454,19.53,0.2727272727272727,0.5,0.4115
27,76,0,2,1,8.0,67,1,1,1,1,1,0,2,4,0,0,0,0,Medium,2.392857142857143,20.52,0.2857142857142857,1.0,0.4555
15,69,1,1,1,7.0,89,1,1,1,0,2,0,0,2,0,1,1,1,Low,5.5625,10.35,0.4375,0.75,0.5435
22,80,1,2,1,10.0,92,1,1,0,1,2,0,2,2,0,0,0,1,High,4.0,17.6,0.43478260869565216,1.25,0.518
18,82,0,1,1,6.0,67,0,1,1,2,0,1,2,3,0,2,1,0,Low,3.526315789473684,14.76,0.3157894736842105,1.0,0.3055
20,82,0,0,1,8.0,60,1,1,3,1,2,0,2,4,0,0,1,0,Low,2.857142857142857,16.4,0.38095238095238093,0.5,0.5025
28,83,1,2,0,6.0,98,1,1,1,0,2,1,1,2,0,2,1,0,High,3.3793103448275863,23.24,0.20689655172413793,1.0,0.5795
21,98,0,1,0,6.0,88,1,1,1,1,0,0,1,3,0,2,0,0,High,4.0,20.58,0.2727272727272727,0.75,0.5395
20,96,2,1,0,4.0,90,1,1,3,0,1,1,1,2,0,1,0,0,High,4.285714285714286,19.2,0.19047619047619047,1.0,0.6225
12,95,1,1,0,8.0,61,2,1,4,2,2,1,1,1,0,1,0,0,Medium,4.6923076923076925,11.4,0.6153846153846154,1.25,0.6940000000000001
24,92,0,2,1,6.0,71,0,1,2,0,2,0,2,2,0,0,0,0,High,2.84,22.08,0.24,0.75,0.359
24,98,1,0,0,9.0,53,1,1,3,2,0,1,0,2,0,2,2,0,Medium,2.12,23.52,0.36,1.0,0.4745
33,64,2,1,0,8.0,55,1,1,1,1,2,0,1,3,0,1,1,1,Medium,1.6176470588235294,21.12,0.23529411764705882,1.25,0.4075
18,71,0,0,1,7.0,61,0,1,2,0,1,0,0,4,0,1,0,0,Low,3.210526315789474,12.78,0.3684210526315789,0.25,0.319
21,80,1,2,0,5.0,65,2,1,2,1,0,1,1,1,0,2,1,0,Medium,2.9545454545454546,16.8,0.22727272727272727,1.25,0.635
21,94,2,1,1,8.0,100,0,1,0,0,1,0,1,3,0,2,0,0,High,4.545454545454546,19.74,0.36363636363636365,1.0,0.4
29,80,1,1,1,6.0,71,1,1,0,1,1,0,2,3,0,1,1,1,High,2.3666666666666667,23.2,0.2,1.0,0.43399999999999994
19,90,2,1,1,5.0,85,2,1,0,1,2,1,2,5,0,2,0,1,High,4.25,17.1,0.25,1.25,0.64
22,66,1,2,0,8.0,95,0,1,3,1,1,1,2,3,0,0,1,1,Medium,4.130434782608695,14.52,0.34782608695652173,1.25,0.4925
24,70,1,2,0,5.0,62,1,1,2,0,1,1,0,4,1,1,0,0,Low,2.48,16.8,0.2,1.0,0.47300000000000003
21,89,1,1,0,4.0,57,1,1,1,2,1,1,2,2,0,0,0,1,Medium,2.590909090909091,18.69,0.18181818181818182,1.25,0.4155
17,67,1,2,1,9.0,62,2,1,3,1,1,0,2,3,0,0,0,0,Low,3.4444444444444446,11.39,0.5,1.25,0.6605000000000001
21,74,2,1,0,6.0,94,1,1,1,0,2,0,2,1,0,0,0,0,High,4.2727272727272725,15.54,0.2727272727272727,1.0,0.5635
26,71,2,0,1,4.0,83,0,1,1,1,1,0,0,3,0,1,1,0,Low,3.074074074074074,18.46,0.14814814814814814,1.0,0.3695
14,74,2,2,1,6.0,73,2,1,2,1,1,1,1,3,0,0,0,1,Medium,4.866666666666666,10.36,0.4,1.5,0.6669999999999999
21,88,2,1,0,6.0,91,1,1,2,2,1,0,1,1,0,0,1,1,High,4.136363636363637,18.48,0.2727272727272727,1.5,0.589
16,75,2,1,1,9.0,62,1,1,3,0,1,0,2,4,0,0,1,1,Low,3.6470588235294117,12.0,0.5294117647058824,1.0,0.5105
27,82,1,2,1,5.0,62,0,1,1,0,2,1,1,4,0,0,1,1,Medium,2.2142857142857144,22.14,0.17857142857142858,1.0,0.2855
11,64,2,1,1,5.0,78,0,1,2,0,2,1,1,4,0,1,1,0,Low,6.5,7.04,0.4166666666666667,1.0,0.38700000000000007
17,92,1,0,1,8.0,90,2,1,1,2,0,0,0,3,0,0,0,0,Medium,5.0,15.64,0.4444444444444444,1.0,0.6975
22,75,1,2,1,6.0,63,0,1,1,0,1,0,2,2,0,1,0,0,Medium,2.739130434782609,16.5,0.2608695652173913,1.0,0.2895
29,86,1,1,1,7.0,61,1,1,0,1,1,0,0,4,0,0,2,1,Medium,2.033333333333333,24.94,0.23333333333333334,1.0,0.394
20,89,2,1,1,6.0,74,1,1,1,0,2,1,1,2,0,0,1,0,Medium,3.5238095238095237,17.8,0.2857142857142857,1.0,0.48349999999999993
17,68,1,1,1,10.0,57,1,1,1,2,1,1,2,1,1,0,1,1,Low,3.1666666666666665,11.56,0.5555555555555556,1.25,0.4155
31,95,2,1,1,5.0,87,1,1,2,0,1,0,1,3,0,2,1,0,High,2.71875,29.45,0.15625,1.0,0.573
11,85,1,1,0,7.0,79,0,1,2,2,0,0,2,3,0,0,0,0,Low,6.583333333333333,9.35,0.5833333333333334,1.25,0.39100000000000007
7,77,2,1,0,9.0,76,1,1,2,1,2,0,0,3,0,1,1,0,Low,9.5,5.39,1.125,1.25,0.529
23,67,2,1,0,6.0,94,0,1,1,1,1,0,2,2,0,1,2,0,Low,3.9166666666666665,15.41,0.25,1.25,0.4135
17,98,0,2,0,6.0,87,2,0,3,1,1,1,2,5,0,1,0,1,High,4.833333333333333,16.66,0.3333333333333333,0.75,0.7605
14,90,2,1,1,8.0,57,1,1,0,1,1,0,2,3,1,1,1,0,Low,3.8,12.6,0.5333333333333333,1.25,0.378
24,68,1,1,0,9.0,71,1,1,2,1,1,0,1,4,0,1,0,0,Low,2.84,16.32,0.36,1.0,0.5089999999999999
21,74,1,2,0,6.0,66,0,1,1,1,2,1,0,4,0,0,0,0,Low,3.0,15.54,0.2727272727272727,1.25,0.3015
17,92,2,2,1,9.0,90,1,1,1,2,0,0,2,3,0,0,1,0,High,5.0,15.64,0.5,1.75,0.5475
12,88,1,1,1,7.0,86,2,1,3,1,2,0,2,3,1,0,1,0,Medium,6.615384615384615,10.56,0.5384615384615384,1.0,0.7565
25,91,1,1,0,8.0,74,2,1,1,1,2,1,2,3,0,1,1,0,High,2.8461538461538463,22.75,0.3076923076923077,1.0,0.6335
24,78,1,1,1,9.0,91,0,1,0,2,2,0,0,3,0,2,2,1,Medium,3.64,18.72,0.36,1.25,0.36400000000000005
19,89,0,1,0,8.0,71,1,1,2,0,2,0,2,4,0,0,0,0,Medium,3.55,16.91,0.4,0.5,0.5089999999999999
31,75,1,1,0,7.0,90,0,1,2,1,2,0,1,2,1,0,1,0,Medium,2.8125,23.25,0.21875,1.0,0.43500000000000005
14,68,1,1,1,6.0,52,1,1,2,0,1,0,2,2,0,1,0,0,Low,3.466666666666667,9.52,0.4,0.75,0.433
11,85,2,0,1,10.0,57,2,1,0,1,2,0,1,5,0,0,0,0,Low,4.75,9.35,0.8333333333333334,1.0,0.528
16,99,0,2,0,6.0,88,2,1,2,0,0,0,1,3,0,2,0,0,High,5.176470588235294,15.84,0.35294117647058826,0.75,0.727
20,72,1,2,1,7.0,56,0,1,0,0,1,0,0,6,1,1,1,0,Low,2.6666666666666665,14.4,0.3333333333333333,1.0,0.22400000000000003
21,78,2,1,0,8.0,84,0,1,1,2,0,0,2,4,0,0,0,0,Medium,3.8181818181818183,16.38,0.36363636363636365,1.5,0.3735
19,87,2,0,1,8.0,86,0,1,1,1,2,0,2,4,0,0,1,1,Medium,4.3,16.53,0.4,1.0,0.3815
22,82,2,2,0,10.0,83,1,1,1,0,2,1,1,2,1,1,1,0,Medium,3.608695652173913,18.04,0.43478260869565216,1.25,0.5195
12,94,1,2,1,7.0,91,0,1,3,1,1,1,2,3,0,2,0,1,High,7.0,11.28,0.5384615384615384,1.25,0.47650000000000003
29,90,1,2,0,7.0,76,1,1,0,0,1,0,1,1,0,2,1,1,High,2.533333333333333,26.1,0.23333333333333334,1.0,0.45400000000000007
20,62,1,1,1,9.0,95,0,1,0,1,1,1,1,3,1,0,0,0,Low,4.523809523809524,12.4,0.42857142857142855,1.0,0.38
27,100,0,0,1,7.0,78,0,1,2,1,1,0,0,2,0,0,0,0,High,2.7857142857142856,27.0,0.25,0.5,0.38700000000000007
22,90,2,2,0,8.0,75,2,1,1,0,0,1,1,3,0,1,1,0,High,3.260869565217391,19.8,0.34782608695652173,1.25,0.6375000000000001
23,95,1,1,1,7.0,75,1,1,2,2,1,0,2,2,0,1,0,0,High,3.125,21.85,0.2916666666666667,1.25,0.525
23,86,1,2,1,8.0,96,0,1,3,1,1,1,2,2,0,0,1,1,High,4.0,19.78,0.3333333333333333,1.25,0.4965
23,94,1,0,1,8.0,62,1,1,2,0,1,0,2,0,0,2,1,1,Medium,2.5833333333333335,21.62,0.3333333333333333,0.5,0.47300000000000003
24,64,1,2,1,6.0,85,2,1,0,2,0,1,1,3,1,2,0,0,Low,3.4,15.36,0.24,1.5,0.64
28,74,1,0,1,4.0,62,1,1,1,0,1,1,1,3,0,0,1,0,Low,2.1379310344827585,20.72,0.13793103448275862,0.5,0.4355
21,95,2,1,0,4.0,55,1,1,2,1,2,1,1,1,0,1,0,0,High,2.5,19.95,0.18181818181818182,1.25,0.445
24,68,1,1,1,4.0,98,2,1,2,1,2,0,0,2,0,0,0,0,Medium,3.92,16.32,0.16,1.0,0.7669999999999999
19,63,1,2,1,7.0,56,1,1,2,0,1,1,2,3,0,0,0,1,Low,2.8,11.97,0.35,1.0,0.449
29,92,0,0,1,4.0,84,1,1,2,0,1,0,0,3,0,2,0,0,High,2.8,26.68,0.13333333333333333,0.25,0.5609999999999999
16,93,0,1,0,7.0,71,1,1,0,1,2,0,2,2,0,0,0,0,Medium,4.176470588235294,14.88,0.4117647058823529,0.75,0.43399999999999994
31,67,1,0,0,7.0,92,2,1,2,1,1,0,0,3,0,0,2,1,Low,2.875,20.77,0.21875,0.75,0.743
20,944,0,2,1,8.0,89,1,1,1,0,1,0,2,4,0,0,0,0,High,4.238095238095238,188.8,0.38095238095238093,0.75,0.5435
11,87,0,1,0,8.0,57,2,1,0,0,1,0,0,2,0,0,1,0,Low,4.75,9.57,0.6666666666666666,0.5,0.528
21,81,2,1,0,8.0,73,1,1,3,0,1,0,2,2,1,0,0,0,Medium,3.3181818181818183,17.01,0.36363636363636365,1.0,0.5545
16,93,1,0,1,8.0,51,1,1,3,0,1,0,1,2,0,1,0,0,Medium,3.0,14.88,0.47058823529411764,0.5,0.46649999999999997
25,77,0,1,1,7.0,71,1,1,0,1,1,0,0,3,0,0,0,1,Low,2.730769230769231,19.25,0.2692307692307692,0.75,0.43399999999999994
16,68,0,1,1,7.0,85,2,1,1,0,2,1,2,3,0,2,1,1,Low,5.0,10.88,0.4117647058823529,0.5,0.6775
17,71,0,1,1,6.0,62,1,1,2,0,1,0,1,3,1,1,0,0,Low,3.4444444444444446,12.07,0.3333333333333333,0.5,0.47300000000000003
9,80,1,2,0,7.0,91,0,1,1,1,1,0,1,3,0,1,0,1,Low,9.1,7.2,0.7,1.25,0.4015
17,81,1,0,1,5.0,53,0,1,0,1,1,0,1,1,0,1,0,0,Low,2.9444444444444446,13.77,0.2777777777777778,0.75,0.21200000000000002
5,92,1,1,1,9.0,52,1,1,2,2,1,1,1,4,1,1,1,1,Low,8.666666666666666,4.6,1.5,1.25,0.433
10,92,0,2,1,6.0,51,0,1,1,1,1,1,1,3,0,0,0,1,Low,4.636363636363637,9.2,0.5454545454545454,1.0,0.24150000000000002
25,83,1,2,0,7.0,64,1,1,0,0,1,0,1,2,0,1,1,0,Medium,2.4615384615384617,20.75,0.2692307692307692,1.0,0.406
25,91,1,2,1,7.0,73,1,1,2,0,1,0,2,3,0,0,0,1,High,2.8076923076923075,22.75,0.2692307692307692,1.0,0.5169999999999999
23,68,1,1,1,9.0,55,1,1,0,0,1,0,2,3,0,1,1,0,Low,2.2916666666666665,15.64,0.375,0.75,0.37
14,62,2,1,0,4.0,100,0,1,1,0,1,0,1,3,0,0,0,0,Low,6.666666666666667,8.68,0.26666666666666666,1.0,0.4375
20,95,1,0,1,7.0,100,0,0,3,0,1,1,1,2,0,0,0,1,Medium,4.761904761904762,19.0,0.3333333333333333,0.25,0.5125
20,63,0,0,1,8.0,76,1,1,3,1,1,0,1,4,0,2,0,1,Low,3.619047619047619,12.6,0.38095238095238093,0.5,0.5665
13,70,2,1,0,10.0,78,1,1,1,0,1,0,0,2,0,0,2,1,Low,5.571428571428571,9.1,0.7142857142857143,1.0,0.49950000000000006
29,88,1,1,0,7.0,96,0,1,2,0,0,0,2,2,0,0,0,1,High,3.2,25.52,0.23333333333333334,0.75,0.459
25,76,1,0,1,6.0,88,0,1,1,1,1,1,0,3,0,1,2,0,Low,3.3846153846153846,19.0,0.23076923076923078,0.75,0.3895
19,95,2,0,0,10.0,58,0,1,2,2,1,0,2,3,0,0,0,0,Medium,2.9,18.05,0.5,1.25,0.307
20,72,1,1,0,8.0,90,2,0,2,0,0,1,1,2,0,1,0,1,Low,4.285714285714286,14.4,0.38095238095238093,0.5,0.735
21,60,2,1,1,9.0,62,1,1,2,0,1,0,2,3,0,0,0,0,Low,2.8181818181818183,12.6,0.4090909090909091,1.0,0.47300000000000003
8,72,0,1,1,5.0,72,1,1,3,2,0,1,2,4,0,0,0,1,Low,8.0,5.76,0.5555555555555556,1.0,0.5505
19,83,1,1,0,8.0,77,2,1,1,0,1,0,2,4,0,0,2,0,Low,3.85,15.77,0.4,0.75,0.6455000000000001
16,75,0,0,1,5.0,86,1,1,0,0,1,0,2,1,0,1,1,1,Low,5.0588235294117645,12.0,0.29411764705882354,0.25,0.494
14,81,1,1,1,5.0,58,2,1,3,0,2,0,0,4,0,2,1,0,Low,3.8666666666666667,11.34,0.3333333333333333,0.75,0.6445000000000001
18,95,1,2,0,8.0,54,1,1,2,2,1,0,1,3,0,1,1,1,High,2.8421052631578947,17.1,0.42105263157894735,1.5,0.441
31,96,1,1,1,8.0,93,0,1,3,0,1,0,2,3,0,0,0,0,High,2.90625,29.76,0.25,0.75,0.48450000000000004
24,71,0,2,1,6.0,91,1,1,3,2,1,0,1,2,0,0,2,1,Medium,3.64,17.04,0.24,1.25,0.6265000000000001
17,78,0,1,1,9.0,76,0,1,4,1,1,0,2,2,0,1,0,0,Low,4.222222222222222,13.26,0.5,0.75,0.45400000000000007
23,82,1,2,0,6.0,83,1,1,2,1,1,1,2,3,0,2,1,0,High,3.4583333333333335,18.86,0.25,1.25,0.5569999999999999
28,98,2,1,1,7.0,86,1,1,2,1,2,1,1,2,0,0,0,1,High,2.9655172413793105,27.44,0.2413793103448276,1.25,0.569
26,100,2,2,0,7.0,74,0,1,1,1,1,0,1,2,0,0,2,1,High,2.740740740740741,26.0,0.25925925925925924,1.5,0.33349999999999996
20,69,2,1,0,7.0,63,0,1,2,0,1,1,0,2,0,0,1,1,Low,3.0,13.8,0.3333333333333333,1.0,0.327
16,89,1,1,1,9.0,74,1,0,1,0,1,0,1,3,0,0,2,0,Low,4.352941176470588,14.24,0.5294117647058824,0.5,0.48349999999999993
24,75,0,1,0,5.0,98,2,1,1,0,1,0,2,3,0,0,0,0,Medium,3.92,18.0,0.2,0.5,0.7294999999999999
22,60,1,1,0,6.0,92,0,1,2,0,2,0,0,2,0,0,0,0,Low,4.0,13.2,0.2608695652173913,0.75,0.44300000000000006
25,60,1,0,1,5.0,73,0,1,1,1,1,0,0,2,0,0,0,0,Low,2.8076923076923075,15.0,0.19230769230769232,0.75,0.32949999999999996
24,78,0,2,1,10.0,61,2,1,2,1,1,0,2,4,0,1,1,1,Medium,2.44,18.72,0.4,1.0,0.619
26,80,1,1,1,7.0,94,1,1,1,0,1,1,2,2,0,2,1,0,High,3.4814814814814814,20.8,0.25925925925925924,0.75,0.5635
17,61,0,1,1,6.0,82,2,1,0,1,2,0,1,4,0,2,0,0,Low,4.555555555555555,10.37,0.3333333333333333,0.75,0.628
28,87,1,1,1,7.0,70,1,1,2,0,1,0,1,2,0,2,0,0,High,2.413793103448276,24.36,0.2413793103448276,0.75,0.5049999999999999
21,72,1,0,1,8.0,56,1,1,0,0,1,0,1,4,0,0,0,0,Low,2.5454545454545454,15.12,0.36363636363636365,0.5,0.374
32,82,0,1,1,8.0,88,0,1,0,2,1,0,2,2,0,1,1,0,High,2.6666666666666665,26.24,0.24242424242424243,1.0,0.35200000000000004
16,72,1,1,1,6.0,66,0,1,0,0,1,1,2,4,0,1,0,0,Low,3.8823529411764706,11.52,0.35294117647058826,0.75,0.264
30,67,1,2,1,6.0,80,2,1,0,0,1,0,1,4,0,0,1,0,Medium,2.5806451612903225,20.1,0.1935483870967742,1.0,0.6200000000000001
21,76,1,0,1,5.0,78,2,0,0,0,2,0,1,3,0,0,0,0,Low,3.5454545454545454,15.96,0.22727272727272727,0.25,0.6120000000000001
16,69,2,2,1,7.0,85,1,1,0,2,2,1,0,3,0,0,0,1,Low,5.0,11.04,0.4117647058823529,1.75,0.49
17,81,0,1,1,9.0,77,1,1,3,0,1,0,1,4,0,1,2,0,Low,4.277777777777778,13.77,0.5,0.5,0.5705
18,68,2,2,0,6.0,82,0,1,0,1,2,0,2,3,0,0,0,0,Low,4.315789473684211,12.24,0.3157894736842105,1.5,0.328
23,80,0,0,1,8.0,54,1,1,0,1,2,1,2,2,0,0,0,1,Low,2.25,18.4,0.3333333333333333,0.5,0.366
23,66,1,2,0,6.0,83,1,1,0,2,1,0,2,2,0,0,0,1,Low,3.4583333333333335,15.18,0.25,1.5,0.482
17,87,1,1,1,5.0,60,1,1,4,1,1,1,2,3,1,0,0,1,Medium,3.3333333333333335,14.79,0.2777777777777778,1.0,0.54
20,90,2,1,0,8.0,70,1,1,0,1,1,1,1,3,0,0,1,1,Medium,3.3333333333333335,18.0,0.38095238095238093,1.25,0.42999999999999994
33,64,1,0,1,10.0,76,0,1,2,2,2,1,1,3,0,0,0,0,Medium,2.235294117647059,21.12,0.29411764705882354,1.0,0.37900000000000006
30,79,0,1,0,8.0,84,1,1,3,0,1,1,0,3,0,1,1,1,Medium,2.7096774193548385,23.7,0.25806451612903225,0.5,0.5985
23,63,1,0,1,6.0,87,0,1,1,1,1,0,1,2,0,2,0,0,Low,3.625,14.49,0.25,0.75,0.3855
20,84,1,1,0,6.0,85,1,1,0,1,1,1,2,3,0,0,1,0,Medium,4.0476190476190474,16.8,0.2857142857142857,1.0,0.49
21,71,1,1,1,10.0,55,0,1,1,1,1,0,0,4,0,0,1,1,Low,2.5,14.91,0.45454545454545453,1.0,0.2575
24,81,0,2,1,7.0,69,1,1,3,0,1,0,0,3,0,1,0,0,Medium,2.76,19.44,0.28,0.75,0.5385
14,81,1,2,1,6.0,64,0,0,2,2,2,0,1,2,0,0,2,1,Low,4.266666666666667,11.34,0.4,1.25,0.331
18,97,1,1,0,7.0,70,0,1,0,2,1,0,1,2,1,0,0,1,Low,3.6842105263157894,17.46,0.3684210526315789,1.25,0.27999999999999997
10,82,2,1,0,7.0,82,0,1,2,0,2,1,1,4,0,0,0,0,Low,7.454545454545454,8.2,0.6363636363636364,1.0,0.403
22,83,1,1,1,8.0,60,0,0,4,1,1,0,1,2,0,2,1,1,Medium,2.608695652173913,18.26,0.34782608695652173,0.75,0.39
24,76,0,2,0,9.0,75,0,1,0,0,1,1,2,5,0,0,0,0,Low,3.0,18.24,0.36,0.75,0.30000000000000004
17,98,2,2,0,9.0,94,0,1,0,2,0,0,0,3,0,1,0,0,High,5.222222222222222,16.66,0.5,1.75,0.376
29,91,1,2,1,7.0,87,1,0,2,1,2,1,0,4,0,1,0,1,High,2.9,26.39,0.23333333333333334,1.0,0.573
13,71,1,2,0,7.0,86,0,1,2,0,1,0,2,3,0,2,0,0,Low,6.142857142857143,9.23,0.5,1.0,0.41900000000000004
11,94,0,2,1,8.0,92,2,1,0,1,1,0,1,4,0,0,0,1,Medium,7.666666666666667,10.34,0.6666666666666666,1.0,0.668
21,77,1,2,1,6.0,70,0,0,2,2,1,1,2,2,0,1,0,0,Medium,3.1818181818181817,16.17,0.2727272727272727,1.25,0.355
26,93,1,1,0,8.0,88,1,1,1,1,2,0,1,4,1,1,0,0,High,3.259259259259259,24.18,0.2962962962962963,1.0,0.5395
30,93,2,2,1,7.0,53,1,1,3,0,1,1,0,2,0,2,1,1,High,1.7096774193548387,27.9,0.22580645161290322,1.25,0.4745
17,68,0,2,0,8.0,53,1,1,0,0,1,0,1,2,0,1,0,0,Low,2.9444444444444446,11.56,0.4444444444444444,0.75,0.362
26,88,0,0,0,10.0,67,0,1,0,0,0,1,2,3,0,0,2,0,Low,2.4814814814814814,22.88,0.37037037037037035,0.25,0.268
20,72,2,0,0,8.0,60,0,1,0,0,1,0,1,5,0,0,0,0,Low,2.857142857142857,14.4,0.38095238095238093,0.75,0.24
19,72,2,1,1,7.0,76,1,1,1,1,2,0,2,2,0,0,1,1,Low,3.8,13.68,0.35,1.25,0.49150000000000005
25,72,0,2,1,6.0,59,1,1,2,0,1,0,0,3,0,0,0,0,Low,2.269230769230769,18.0,0.23076923076923078,0.75,0.461
24,89,2,1,1,7.0,99,1,1,2,0,2,1,1,4,0,0,0,1,High,3.96,21.36,0.28,1.0,0.621
11,69,1,1,0,5.0,93,1,1,0,1,2,0,0,4,0,1,0,0,Low,7.75,7.59,0.4166666666666667,1.0,0.522
29,60,2,2,1,8.0,99,1,1,0,1,1,0,2,4,1,0,0,1,Medium,3.3,17.4,0.26666666666666666,1.5,0.546
28,89,2,0,1,4.0,90,2,1,3,0,2,0,2,2,1,2,1,1,High,3.103448275862069,24.92,0.13793103448275862,0.75,0.7725
16,67,0,2,1,8.0,98,1,1,0,2,0,1,0,3,0,0,1,0,Low,5.764705882352941,10.72,0.47058823529411764,1.25,0.542
22,64,1,1,1,8.0,68,1,1,2,1,1,0,0,4,0,0,0,0,Low,2.9565217391304346,14.08,0.34782608695652173,1.0,0.49700000000000005
23,70,0,2,1,7.0,75,2,1,0,0,1,0,2,4,0,0,0,1,Low,3.125,16.1,0.2916666666666667,0.75,0.6000000000000001
22,75,0,0,1,6.0,62,1,1,0,2,2,0,0,3,0,2,0,1,Low,2.6956521739130435,16.5,0.2608695652173913,0.75,0.398
17,79,0,2,1,7.0,82,1,1,0,1,2,0,0,2,0,1,0,0,Low,4.555555555555555,13.43,0.3888888888888889,1.0,0.478
16,62,2,1,0,4.0,89,2,1,3,0,1,0,1,3,0,1,0,1,Low,5.235294117647059,9.92,0.23529411764705882,1.0,0.7685
20,99,1,1,0,8.0,75,1,1,2,0,2,1,0,2,0,2,2,1,High,3.5714285714285716,19.8,0.38095238095238093,0.75,0.525
27,89,1,1,0,7.0,65,1,1,1,1,1,0,1,3,0,0,0,1,High,2.3214285714285716,24.03,0.25,1.0,0.4475
23,73,2,1,1,9.0,75,1,1,0,2,2,1,2,3,0,0,1,1,Medium,3.125,16.79,0.375,1.5,0.45000000000000007
18,73,1,2,0,8.0,53,1,0,1,0,2,0,1,3,0,2,1,0,Low,2.789473684210526,13.14,0.42105263157894735,0.75,0.39949999999999997
25,78,1,1,0,7.0,86,1,1,1,1,1,0,0,3,0,2,1,1,Medium,3.3076923076923075,19.5,0.2692307692307692,1.0,0.5315
3,85,0,2,0,8.0,73,0,1,2,0,1,1,1,3,0,0,0,0,Low,18.25,2.55,2.0,0.75,0.367
27,66,1,1,1,6.0,95,1,1,1,1,1,0,2,3,0,1,1,0,Medium,3.392857142857143,17.82,0.21428571428571427,1.0,0.5675
10,68,0,1,0,6.0,96,0,1,1,2,1,0,1,3,0,1,1,0,Low,8.727272727272727,6.8,0.5454545454545454,1.0,0.4215
18,94,2,1,1,7.0,56,0,0,1,0,1,0,2,3,0,2,0,0,Medium,2.9473684210526314,16.92,0.3684210526315789,0.75,0.2615
13,70,1,1,1,7.0,100,1,1,3,0,1,0,1,3,0,0,0,0,Low,7.142857142857143,9.1,0.5,0.75,0.6625000000000001
12,75,1,2,1,6.0,98,1,1,2,0,1,0,1,2,0,1,2,0,Low,7.538461538461538,9.0,0.46153846153846156,1.0,0.617
27,95,1,2,0,7.0,81,0,1,3,0,1,0,1,2,0,0,1,0,High,2.892857142857143,25.65,0.25,1.0,0.43650000000000005
17,87,1,1,1,7.0,91,2,1,3,0,2,0,2,3,1,1,0,1,High,5.055555555555555,14.79,0.3888888888888889,0.75,0.7765
22,74,1,2,1,10.0,51,1,0,1,1,1,1,0,4,0,0,0,0,Low,2.217391304347826,16.28,0.43478260869565216,1.0,0.39149999999999996
20,87,1,1,0,7.0,99,1,1,3,0,1,0,0,3,0,0,0,0,Medium,4.714285714285714,17.4,0.3333333333333333,0.75,0.6585000000000001
23,61,2,0,1,6.0,73,1,1,1,1,1,0,2,3,0,1,0,0,Low,3.0416666666666665,14.03,0.25,1.0,0.4794999999999999
20,89,0,1,1,7.0,95,0,1,3,0,1,1,1,2,0,0,0,0,Medium,4.523809523809524,17.8,0.3333333333333333,0.5,0.4925
12,79,0,1,1,9.0,69,1,1,2,0,2,0,1,3,0,2,0,0,Low,5.3076923076923075,9.48,0.6923076923076923,0.5,0.5009999999999999
26,93,1,2,1,9.0,89,1,1,0,0,1,0,1,3,0,1,1,0,High,3.2962962962962963,24.18,0.3333333333333333,1.0,0.506
17,98,2,0,1,10.0,71,1,1,0,0,2,1,2,3,0,2,1,1,High,3.9444444444444446,16.66,0.5555555555555556,0.75,0.43399999999999994
11,97,1,1,1,7.0,68,0,1,0,0,1,1,0,2,0,0,1,1,Low,5.666666666666667,10.67,0.5833333333333334,0.75,0.272
17,96,1,0,0,8.0,97,0,1,0,1,1,0,0,3,0,0,0,1,Medium,5.388888888888889,16.32,0.4444444444444444,0.75,0.388
29,80,1,0,0,5.0,85,2,1,0,2,2,0,1,2,0,0,1,0,Medium,2.8333333333333335,23.2,0.16666666666666666,1.0,0.64
25,74,0,1,1,6.0,92,0,1,4,1,1,1,2,3,0,2,0,0,High,3.5384615384615383,18.5,0.23076923076923078,0.75,0.518
18,79,1,1,1,5.0,77,0,1,1,0,2,0,1,3,0,0,0,0,Low,4.052631578947368,14.22,0.2631578947368421,0.75,0.34550000000000003
18,88,2,2,1,8.0,96,0,1,1,0,1,0,2,3,0,0,2,1,Medium,5.052631578947368,15.84,0.42105263157894735,1.25,0.4215
18,95,2,1,1,7.0,87,2,1,5,1,1,0,1,2,0,1,0,0,High,4.578947368421052,17.1,0.3684210526315789,1.25,0.8355
32,68,0,1,1,7.0,54,1,1,1,0,1,1,1,1,0,2,0,0,Low,1.6363636363636365,21.76,0.21212121212121213,0.5,0.40349999999999997
22,97,1,1,1,6.0,88,2,1,1,0,0,1,2,4,0,1,0,0,High,3.8260869565217392,21.34,0.2608695652173913,0.75,0.6895
23,93,1,0,1,8.0,51,2,0,0,0,2,1,2,1,0,0,0,0,Medium,2.125,21.39,0.3333333333333333,0.25,0.504
26,99,0,2,1,4.0,91,2,1,2,2,0,0,1,4,0,2,1,1,High,3.3703703703703702,25.74,0.14814814814814814,1.25,0.739
21,95,1,0,1,7.0,67,1,1,3,1,1,0,2,2,0,1,2,1,High,3.0454545454545454,19.95,0.3181818181818182,0.75,0.5305
18,71,0,0,0,7.0,80,1,1,1,1,0,0,1,4,0,2,1,1,Low,4.2105263157894735,12.78,0.3684210526315789,0.5,0.5075000000000001
19,64,1,1,0,4.0,87,2,1,2,1,1,1,2,4,0,0,1,0,Low,4.35,12.16,0.2,1.0,0.723
20,64,1,2,0,8.0,82,1,1,3,1,0,0,0,3,0,0,1,1,Low,3.9047619047619047,12.8,0.38095238095238093,1.25,0.5905
20,72,1,2,0,7.0,84,0,1,2,1,2,0,0,2,0,0,1,1,Low,4.0,14.4,0.3333333333333333,1.25,0.41100000000000003
24,85,1,1,1,8.0,95,1,1,2,1,1,0,0,4,0,0,0,1,High,3.8,20.4,0.32,1.0,0.605
20,92,1,0,0,10.0,69,1,1,0,0,1,0,2,2,0,2,2,0,Medium,3.2857142857142856,18.4,0.47619047619047616,0.5,0.42599999999999993
24,96,1,1,1,7.0,77,0,0,0,0,1,0,0,2,1,0,0,1,Medium,3.08,23.04,0.28,0.5,0.30800000000000005
20,85,1,2,0,8.0,59,1,1,1,1,1,0,2,3,0,2,2,1,Medium,2.8095238095238093,17.0,0.38095238095238093,1.25,0.4235
20,60,1,1,0,9.0,73,2,1,4,1,1,0,0,4,0,1,0,0,Low,3.4761904761904763,12.0,0.42857142857142855,1.0,0.742
8,67,2,1,1,8.0,58,0,1,2,1,1,0,2,1,0,2,1,1,Low,6.444444444444445,5.36,0.8888888888888888,1.25,0.307
25,64,1,0,1,6.0,82,0,1,2,0,1,0,0,3,0,0,1,1,Low,3.1538461538461537,16.0,0.23076923076923078,0.5,0.403
22,75,1,0,1,5.0,66,0,1,2,0,1,0,2,2,0,0,2,0,High,2.869565217391304,16.5,0.21739130434782608,0.5,0.339
26,80,1,1,1,8.0,93,1,1,2,0,0,0,1,1,0,2,1,0,Medium,3.4444444444444446,20.8,0.2962962962962963,0.75,0.597
3,62,1,0,0,6.0,67,1,1,1,0,1,0,0,3,0,0,0,0,Low,16.75,1.86,1.5,0.5,0.4555
33,74,1,1,0,9.0,64,1,1,2,1,1,1,1,4,0,2,0,1,High,1.8823529411764706,24.42,0.2647058823529412,1.0,0.48100000000000004
19,67,1,1,1,6.0,75,2,1,1,0,1,0,1,3,0,1,0,1,Low,3.75,12.73,0.3,0.75,0.6375000000000001
27,86,0,1,1,7.0,59,0,1,1,1,1,0,1,3,0,0,0,0,Medium,2.107142857142857,23.22,0.25,0.75,0.27349999999999997
14,79,1,0,1,5.0,60,1,1,3,0,1,0,0,5,0,0,0,0,Low,4.0,11.06,0.3333333333333333,0.5,0.5025
24,80,1,1,0,6.0,89,1,1,1,0,2,0,1,3,0,1,0,0,Medium,3.56,19.2,0.24,0.75,0.5435
14,77,0,2,0,6.0,75,1,1,1,1,2,0,1,4,1,0,0,1,High,5.0,10.78,0.4,1.0,0.48750000000000004
16,98,1,0,1,6.0,60,1,1,1,1,1,1,2,3,0,0,2,0,Medium,3.5294117647058822,15.68,0.35294117647058826,0.75,0.4275
31,69,1,1,0,7.0,52,1,0,2,2,0,0,1,5,0,1,2,0,High,1.625,21.39,0.21875,1.0,0.433
19,81,2,2,0,6.0,73,0,0,1,0,2,1,2,3,0,0,0,1,Medium,3.65,15.39,0.3,1.0,0.32949999999999996
21,89,0,1,1,10.0,87,0,1,3,1,1,0,2,3,0,1,0,0,High,3.9545454545454546,18.69,0.45454545454545453,0.75,0.4605
25,82,2,0,0,8.0,68,1,1,1,0,2,0,1,3,0,1,0,0,Medium,2.6153846153846154,20.5,0.3076923076923077,0.75,0.4595
23,97,1,0,1,9.0,62,1,1,0,0,1,1,2,2,0,2,0,0,High,2.5833333333333335,22.31,0.375,0.5,0.398
21,75,1,1,1,7.0,70,0,1,3,1,1,0,2,4,1,2,0,0,Medium,3.1818181818181817,15.75,0.3181818181818182,1.0,0.39249999999999996
22,79,1,1,1,7.0,98,2,1,0,2,1,0,1,3,0,0,0,0,Medium,4.260869565217392,17.38,0.30434782608695654,1.25,0.692
34,64,1,1,0,6.0,71,2,1,0,0,2,1,0,4,0,0,0,1,Medium,2.0285714285714285,21.76,0.17142857142857143,0.75,0.584
20,84,2,2,1,10.0,63,1,1,0,0,1,1,2,4,0,0,0,1,Medium,3.0,16.8,0.47619047619047616,1.25,0.402
21,72,1,2,0,7.0,78,0,0,0,2,1,0,1,1,1,0,0,1,Low,3.5454545454545454,15.12,0.3181818181818182,1.25,0.31200000000000006
26,66,1,1,0,6.0,91,1,1,3,1,1,0,2,3,0,1,0,1,Medium,3.3703703703703702,17.16,0.2222222222222222,1.0,0.6265000000000001
27,82,1,2,0,6.0,51,0,1,1,0,1,0,0,3,0,0,1,0,Low,1.8214285714285714,22.14,0.21428571428571427,1.0,0.24150000000000002
27,81,1,1,0,8.0,78,1,1,0,1,1,0,2,3,0,0,1,0,Medium,2.7857142857142856,21.87,0.2857142857142857,1.0,0.4620000000000001
24,63,1,1,1,9.0,92,1,1,4,1,1,1,2,4,0,2,0,0,Medium,3.68,15.12,0.36,1.0,0.668
13,88,2,0,1,9.0,61,0,1,4,1,1,1,0,3,0,0,0,1,Low,4.357142857142857,11.44,0.6428571428571429,1.0,0.394
30,85,1,1,1,6.0,96,0,1,1,1,1,1,1,4,0,0,0,1,High,3.096774193548387,25.5,0.1935483870967742,1.0,0.4215
13,68,0,1,1,6.0,79,1,1,1,2,1,1,0,3,0,1,0,0,Low,5.642857142857143,8.84,0.42857142857142855,1.0,0.5035000000000001
22,79,1,1,0,9.0,76,1,1,1,0,1,1,2,2,0,0,0,0,Medium,3.3043478260869565,17.38,0.391304347826087,0.75,0.49150000000000005
15,89,2,0,0,10.0,98,0,1,0,0,1,1,2,2,0,1,0,0,Medium,6.125,13.35,0.625,0.75,0.392
20,81,2,2,1,7.0,56,0,0,1,1,1,1,2,3,0,0,0,0,Medium,2.6666666666666665,16.2,0.3333333333333333,1.25,0.2615
22,76,1,0,0,9.0,87,0,1,2,0,2,0,1,3,1,1,0,1,Low,3.782608695652174,16.72,0.391304347826087,0.5,0.42300000000000004
22,73,2,0,0,5.0,91,1,1,1,1,1,0,2,3,0,2,1,0,Medium,3.9565217391304346,16.06,0.21739130434782608,1.0,0.5515
23,84,0,0,0,6.0,74,1,0,3,0,1,0,2,1,0,0,0,1,Low,3.0833333333333335,19.32,0.25,0.0,0.5585
30,98,0,0,1,5.0,50,2,1,0,0,2,0,0,2,0,1,0,0,High,1.6129032258064515,29.4,0.16129032258064516,0.25,0.5
23,87,0,2,0,8.0,76,1,1,2,2,1,0,2,5,1,2,0,1,High,3.1666666666666665,20.01,0.3333333333333333,1.25,0.529
19,63,0,2,1,7.0,58,1,1,2,0,2,1,1,3,0,2,0,1,Low,2.9,11.97,0.35,0.75,0.457
26,78,0,2,1,7.0,78,0,1,4,1,1,1,1,4,0,0,1,1,Medium,2.888888888888889,20.28,0.25925925925925924,1.0,0.4620000000000001
27,96,1,2,1,9.0,87,0,0,0,1,2,0,2,2,0,1,1,0,High,3.107142857142857,25.92,0.32142857142857145,1.0,0.34800000000000003
13,64,1,0,1,6.0,77,1,1,0,0,2,0,1,4,0,0,0,0,Low,5.5,8.32,0.42857142857142855,0.5,0.4580000000000001
24,100,1,0,1,7.0,82,0,1,1,1,2,1,2,3,0,0,1,0,High,3.28,24.0,0.28,0.75,0.3655
24,98,1,1,1,5.0,55,2,1,0,1,1,0,2,3,0,0,1,0,High,2.2,23.52,0.2,1.0,0.52
18,63,2,2,0,9.0,55,1,1,2,2,2,1,2,2,0,2,0,1,Low,2.8947368421052633,11.34,0.47368421052631576,1.75,0.445
28,97,1,1,0,9.0,93,0,1,3,1,2,0,1,3,0,0,0,1,High,3.206896551724138,27.16,0.3103448275862069,1.0,0.48450000000000004
19,75,1,1,0,8.0,52,2,1,0,0,1,0,0,4,0,2,1,0,Low,2.6,14.25,0.4,0.75,0.508
21,94,1,0,1,7.0,64,0,1,2,1,1,1,1,2,0,0,0,0,Medium,2.909090909090909,19.74,0.3181818181818182,0.75,0.331
19,77,2,0,0,6.0,97,0,1,4,0,1,0,0,2,0,0,0,0,Low,4.85,14.63,0.3,0.75,0.538
20,78,1,1,0,5.0,73,0,1,1,0,1,0,0,3,0,1,0,1,Low,3.4761904761904763,15.6,0.23809523809523808,0.75,0.32949999999999996
13,85,0,2,1,7.0,84,1,0,0,0,1,0,1,5,0,0,1,1,Low,6.0,11.05,0.5,0.5,0.486
11,91,1,0,0,8.0,61,1,1,1,2,1,1,2,3,0,2,2,0,Low,5.083333333333333,10.01,0.6666666666666666,1.0,0.4315
30,61,2,2,0,10.0,64,0,1,4,1,1,0,2,2,0,2,1,0,Medium,2.064516129032258,18.3,0.3225806451612903,1.5,0.406
15,84,1,2,1,6.0,75,1,1,2,1,1,1,2,4,1,2,0,1,Medium,4.6875,12.6,0.375,1.25,0.525
14,67,1,2,0,7.0,82,0,1,1,1,1,0,1,3,0,0,2,1,Low,5.466666666666667,9.38,0.4666666666666667,1.25,0.3655
7,74,0,2,0,9.0,98,2,1,3,2,0,0,1,2,0,0,1,0,Low,12.25,5.18,1.125,1.25,0.8045
16,74,2,0,0,9.0,79,2,1,0,2,1,0,1,4,0,2,1,1,Low,4.647058823529412,11.84,0.5294117647058824,1.25,0.6160000000000001
12,79,0,2,0,6.0,55,1,1,1,0,2,1,1,4,0,1,2,1,Low,4.230769230769231,9.48,0.46153846153846156,0.75,0.4075
30,73,0,1,0,7.0,68,1,1,0,0,2,0,2,2,0,2,0,0,Medium,2.193548387096774,21.9,0.22580645161290322,0.5,0.42200000000000004
26,64,0,2,0,6.0,62,0,1,1,0,1,1,2,5,0,0,1,0,Low,2.2962962962962963,16.64,0.2222222222222222,0.75,0.2855
16,66,1,0,0,6.0,63,0,1,2,1,2,0,1,3,0,1,1,0,Low,3.7058823529411766,10.56,0.35294117647058826,0.75,0.327
34,61,0,1,0,9.0,75,1,1,1,0,1,0,1,2,0,1,2,0,Low,2.142857142857143,20.74,0.2571428571428571,0.5,0.48750000000000004
26,79,2,0,0,7.0,66,1,1,1,2,1,0,2,5,1,0,1,0,Medium,2.4444444444444446,20.54,0.25925925925925924,1.25,0.4515
18,98,2,0,0,7.0,64,1,1,0,1,1,0,2,4,0,2,1,0,High,3.3684210526315788,17.64,0.3684210526315789,1.0,0.406
5,65,1,2,1,7.0,98,0,1,1,0,0,1,2,3,0,0,2,0,Low,16.333333333333332,3.25,1.1666666666666667,1.0,0.4295
34,98,1,2,0,7.0,79,1,1,1,0,1,1,1,4,0,1,0,0,High,2.257142857142857,33.32,0.2,1.0,0.5035000000000001
12,89,0,1,1,7.0,63,1,1,4,0,2,0,1,2,0,1,0,0,Medium,4.846153846153846,10.68,0.5384615384615384,0.5,0.552
10,85,1,1,1,6.0,64,0,1,1,1,1,0,0,3,0,1,0,0,Low,5.818181818181818,8.5,0.5454545454545454,1.0,0.2935
26,86,1,2,1,9.0,91,1,1,3,2,1,0,1,3,1,0,0,1,High,3.3703703703703702,22.36,0.3333333333333333,1.5,0.6265000000000001
35,93,1,1,1,6.0,94,1,1,5,1,1,0,1,2,1,1,0,1,High,2.611111111111111,32.55,0.16666666666666666,1.0,0.7135
28,64,1,2,1,6.0,84,0,1,2,1,1,1,2,2,0,2,0,0,Medium,2.896551724137931,17.92,0.20689655172413793,1.25,0.41100000000000003
23,80,0,1,0,7.0,72,0,1,0,0,2,0,0,5,0,0,0,0,Low,3.0,18.4,0.2916666666666667,0.5,0.288
24,88,2,1,0,10.0,88,0,1,2,2,2,0,2,1,0,2,2,1,High,3.52,21.12,0.4,1.5,0.42700000000000005
25,83,1,2,1,6.0,97,0,1,0,0,0,0,1,4,0,0,0,0,Medium,3.730769230769231,20.75,0.23076923076923078,1.0,0.388
25,93,2,1,0,8.0,58,1,1,0,2,1,1,2,4,0,0,1,1,High,2.230769230769231,23.25,0.3076923076923077,1.5,0.382
22,63,2,1,0,7.0,93,2,1,0,1,1,1,1,2,0,0,2,0,Low,4.043478260869565,13.86,0.30434782608695654,1.25,0.672
21,88,2,2,1,7.0,92,2,1,2,1,1,0,2,3,0,2,0,1,High,4.181818181818182,18.48,0.3181818181818182,1.5,0.743
20,81,1,2,1,8.0,68,1,1,0,1,1,0,1,3,0,1,0,0,Medium,3.238095238095238,16.2,0.38095238095238093,1.25,0.42200000000000004
15,75,1,2,1,4.0,65,2,1,1,0,0,1,2,4,0,2,1,1,Low,4.0625,11.25,0.25,1.0,0.5975
18,74,1,1,0,6.0,78,2,1,0,2,1,0,2,2,0,0,1,1,Low,4.105263157894737,13.32,0.3157894736842105,1.25,0.6120000000000001
10,85,2,1,1,8.0,64,0,1,2,2,1,0,1,3,0,2,0,1,Medium,5.818181818181818,8.5,0.7272727272727273,1.5,0.331
19,96,1,1,0,7.0,57,2,1,0,0,1,0,2,3,0,0,0,1,Medium,2.85,18.24,0.35,0.75,0.528
14,80,2,0,1,7.0,98,2,1,2,0,2,1,0,2,0,0,0,0,Low,6.533333333333333,11.2,0.4666666666666667,0.75,0.7669999999999999
13,93,1,2,1,8.0,75,1,1,1,1,1,1,2,2,0,0,0,0,Medium,5.357142857142857,12.09,0.5714285714285714,1.25,0.48750000000000004
21,76,1,1,1,6.0,74,1,1,2,1,1,1,1,3,0,0,0,0,Medium,3.3636363636363638,15.96,0.2727272727272727,1.0,0.5209999999999999
28,64,1,1,1,9.0,56,1,1,1,0,0,0,0,2,0,1,0,0,Low,1.9310344827586208,17.92,0.3103448275862069,0.75,0.4115
26,62,2,2,0,8.0,75,1,1,2,1,1,0,1,2,0,1,1,0,Medium,2.7777777777777777,16.12,0.2962962962962963,1.5,0.525
11,62,0,2,1,7.0,87,2,0,3,0,2,0,2,3,0,0,2,1,Low,7.25,6.82,0.5833333333333334,0.5,0.7605
14,75,1,0,1,8.0,62,0,1,0,2,1,0,0,2,0,0,1,1,Low,4.133333333333334,10.5,0.5333333333333333,1.0,0.248
26,73,1,1,1,9.0,68,2,1,4,1,1,0,1,2,0,0,2,0,Medium,2.5185185185185186,18.98,0.3333333333333333,1.0,0.7220000000000001
14,89,0,2,0,6.0,59,0,1,2,0,2,0,1,5,0,2,1,0,Low,3.933333333333333,12.46,0.4,0.75,0.311
19,90,1,1,0,8.0,68,0,1,0,2,1,0,0,4,0,0,1,0,Low,3.4,17.1,0.4,1.25,0.272
23,62,1,2,0,10.0,93,2,1,2,0,1,0,2,4,0,1,0,1,Medium,3.875,14.26,0.4166666666666667,1.0,0.747
14,69,0,2,0,8.0,62,2,1,1,1,2,1,1,2,0,0,0,0,Low,4.133333333333334,9.66,0.5333333333333333,1.0,0.5855
21,71,1,1,1,7.0,51,1,1,3,1,2,1,1,3,0,2,1,1,Low,2.3181818181818183,14.91,0.3181818181818182,1.0,0.46649999999999997
12,82,2,1,1,10.0,77,2,1,0,1,1,0,1,4,0,1,2,1,Low,5.923076923076923,9.84,0.7692307692307693,1.25,0.6080000000000001
16,66,2,1,1,7.0,79,2,1,0,2,2,1,1,3,0,1,0,1,Low,4.647058823529412,10.56,0.4117647058823529,1.5,0.6160000000000001
22,65,1,1,1,9.0,66,2,1,2,1,1,0,0,4,0,0,0,0,Low,2.869565217391304,14.3,0.391304347826087,1.0,0.639
10,98,1,1,1,6.0,82,1,1,2,2,1,0,2,2,0,1,1,0,Medium,7.454545454545454,9.8,0.5454545454545454,1.25,0.5529999999999999
23,92,1,2,0,9.0,52,2,1,1,2,1,1,2,2,0,0,0,1,High,2.1666666666666665,21.16,0.375,1.5,0.5455
20,67,2,2,0,6.0,67,2,1,1,1,2,0,2,2,1,1,0,1,Low,3.1904761904761907,13.4,0.2857142857142857,1.5,0.6055
23,76,1,1,1,7.0,57,2,1,1,1,1,0,0,3,0,0,1,1,Low,2.375,17.48,0.2916666666666667,1.0,0.5655
21,74,1,2,1,6.0,61,0,0,0,0,1,1,2,4,0,0,0,0,Low,2.772727272727273,15.54,0.2727272727272727,0.75,0.244
28,92,0,1,0,10.0,69,1,1,4,0,1,0,1,4,0,0,1,1,High,2.3793103448275863,25.76,0.3448275862068966,0.5,0.576
21,80,1,2,0,7.0,75,2,1,3,1,2,1,1,2,0,0,2,0,Medium,3.409090909090909,16.8,0.3181818181818182,1.25,0.7125000000000001
17,65,0,0,1,5.0,55,1,1,2,0,1,0,2,3,0,0,0,1,Low,3.0555555555555554,11.05,0.2777777777777778,0.25,0.445
21,90,2,1,1,7.0,55,2,1,1,0,2,0,1,4,0,0,0,1,High,2.5,18.9,0.3181818181818182,1.0,0.5575
23,76,1,1,0,8.0,84,2,1,2,2,1,0,2,4,0,1,0,1,High,3.5,17.48,0.3333333333333333,1.25,0.711
20,71,1,1,0,7.0,70,2,1,0,2,2,0,0,4,0,0,0,1,Low,3.3333333333333335,14.2,0.3333333333333333,1.25,0.58
20,75,1,0,1,6.0,59,1,1,2,1,1,0,0,1,0,2,1,0,Low,2.8095238095238093,15.0,0.2857142857142857,0.75,0.461
16,80,2,1,1,9.0,62,0,1,0,2,1,0,1,4,0,2,0,1,Medium,3.6470588235294117,12.8,0.5294117647058824,1.5,0.248
16,74,0,1,1,9.0,86,0,1,1,0,1,1,1,2,0,0,0,1,Low,5.0588235294117645,11.84,0.5294117647058824,0.5,0.3815
12,70,1,2,0,5.0,53,1,1,2,0,1,1,2,3,0,1,0,0,Low,4.076923076923077,8.4,0.38461538461538464,1.0,0.437
30,76,1,1,1,6.0,75,0,1,3,2,1,0,2,3,0,1,0,1,High,2.4193548387096775,22.8,0.1935483870967742,1.25,0.41250000000000003
13,61,2,0,0,7.0,68,0,0,1,1,1,0,1,2,0,0,0,0,Low,4.857142857142857,7.93,0.5,0.75,0.3095
16,91,1,1,1,6.0,91,1,1,1,1,1,0,1,2,0,0,1,1,Medium,5.352941176470588,14.56,0.35294117647058826,1.0,0.5515
16,67,1,2,0,8.0,90,2,1,1,2,0,0,1,4,0,0,0,0,Low,5.294117647058823,10.72,0.47058823529411764,1.5,0.6975
250,62,1,1,0,10.0,84,0,1,2,0,1,0,2,3,0,1,0,1,Low,0.3346613545816733,155.0,0.0398406374501992,0.75,0.41100000000000003
18,86,2,0,1,6.0,69,0,1,2,1,2,0,2,2,0,0,0,0,Medium,3.6315789473684212,15.48,0.3157894736842105,1.0,0.351
27,91,0,2,1,9.0,82,1,1,0,0,0,0,1,1,0,0,2,0,Medium,2.9285714285714284,24.57,0.32142857142857145,0.75,0.478
16,93,1,1,1,5.0,82,0,1,5,2,1,0,2,1,0,0,0,0,High,4.823529411764706,14.88,0.29411764705882354,1.25,0.5155000000000001
22,80,0,1,0,8.0,67,0,1,2,0,0,1,2,2,0,2,1,0,Low,2.9130434782608696,17.6,0.34782608695652173,0.5,0.343
15,68,0,1,1,6.0,94,0,1,0,1,2,0,1,5,0,2,0,1,Low,5.875,10.2,0.375,0.75,0.376
33,89,0,1,0,8.0,99,1,1,2,2,2,1,2,4,0,1,1,0,High,2.911764705882353,29.37,0.23529411764705882,1.0,0.621
13,88,1,1,0,4.0,66,0,1,1,0,2,0,2,4,0,0,0,1,Medium,4.714285714285714,11.44,0.2857142857142857,0.75,0.3015
22,70,1,2,1,5.0,90,2,1,1,1,2,0,1,3,0,1,2,1,Medium,3.9130434782608696,15.4,0.21739130434782608,1.25,0.6975
24,96,2,2,0,8.0,75,0,1,1,1,1,0,2,1,0,1,1,1,High,3.0,23.04,0.32,1.5,0.3375
22,64,1,1,0,6.0,73,2,1,3,1,1,0,2,4,0,2,1,1,Medium,3.1739130434782608,14.08,0.2608695652173913,1.0,0.7044999999999999
19,99,2,1,0,7.0,69,1,1,1,2,1,0,2,3,0,0,0,0,High,3.45,18.81,0.35,1.5,0.4634999999999999
19,94,1,0,1,10.0,65,2,1,1,0,2,0,0,3,0,2,1,0,Medium,3.25,17.86,0.5,0.5,0.5975
20,88,0,0,0,7.0,96,0,1,0,2,2,0,2,3,0,2,1,0,Medium,4.571428571428571,17.6,0.3333333333333333,0.75,0.384
19,98,1,1,1,8.0,87,1,1,0,1,1,1,0,6,0,0,0,0,High,4.35,18.62,0.4,1.0,0.498
26,89,1,1,0,6.0,72,2,1,1,0,1,0,1,3,1,1,0,1,Medium,2.6666666666666665,23.14,0.2222222222222222,0.75,0.6255
33,68,1,0,1,5.0,88,1,1,2,0,1,0,0,1,0,1,1,0,Medium,2.588235294117647,22.44,0.14705882352941177,0.5,0.577
17,78,1,1,0,7.0,86,1,0,0,0,0,0,1,3,0,1,0,1,Low,4.777777777777778,13.26,0.3888888888888889,0.5,0.494
12,63,1,2,0,5.0,63,0,1,4,0,1,1,2,2,0,0,1,0,Low,4.846153846153846,7.56,0.38461538461538464,1.0,0.402
19,76,1,2,1,6.0,59,1,1,1,1,1,0,1,3,0,0,0,1,Low,2.95,14.44,0.3,1.25,0.4235
35,90,2,1,1,7.0,92,0,0,0,0,1,1,1,4,0,0,0,0,High,2.5555555555555554,31.5,0.19444444444444445,0.75,0.36800000000000005
15,75,1,2,1,7.0,91,2,1,0,1,2,0,1,3,0,1,1,0,Medium,5.6875,11.25,0.4375,1.25,0.664
30,73,2,1,1,8.0,100,1,1,2,2,2,0,1,2,0,0,0,1,High,3.225806451612903,21.9,0.25806451612903225,1.5,0.625
30,84,2,1,0,8.0,51,0,1,1,0,1,0,2,4,1,2,2,0,Medium,1.6451612903225807,25.2,0.25806451612903225,1.0,0.24150000000000002
17,95,0,2,0,5.0,77,1,1,2,1,1,0,2,4,0,0,1,1,Medium,4.277777777777778,16.15,0.2777777777777778,1.0,0.533
23,62,0,2,1,6.0,85,1,1,1,0,1,0,0,3,1,1,1,0,Low,3.5416666666666665,14.26,0.25,0.75,0.5275
30,75,1,1,1,4.0,79,0,1,0,1,1,0,0,4,0,0,1,0,Medium,2.5483870967741935,22.5,0.12903225806451613,1.0,0.31600000000000006
18,66,1,1,0,6.0,86,1,1,0,2,1,0,2,2,0,0,1,1,Low,4.526315789473684,11.88,0.3157894736842105,1.25,0.494
19,88,1,2,1,8.0,57,0,0,1,1,0,1,0,4,0,1,0,0,Low,2.85,16.72,0.4,1.0,0.26549999999999996
17,64,1,1,0,9.0,50,1,1,2,0,2,0,2,4,0,0,1,1,Low,2.7777777777777777,10.88,0.5,0.75,0.425
14,87,1,1,1,7.0,55,1,1,2,0,2,1,2,4,0,2,0,0,Medium,3.6666666666666665,12.18,0.4666666666666667,0.75,0.445
16,71,1,2,0,9.0,69,1,1,1,0,1,0,1,4,0,2,0,1,Low,4.0588235294117645,11.36,0.5294117647058824,1.0,0.4634999999999999
13,68,0,0,1,8.0,66,1,1,0,1,0,0,1,4,1,1,0,0,Low,4.714285714285714,8.84,0.5714285714285714,0.5,0.41400000000000003
20,97,2,1,1,7.0,94,2,1,1,1,1,0,0,1,0,1,1,0,High,4.476190476190476,19.4,0.3333333333333333,1.25,0.7134999999999999
15,61,1,2,1,6.0,54,1,1,0,2,2,1,1,2,0,2,0,0,Low,3.375,9.15,0.375,1.5,0.366
21,78,1,1,0,4.0,72,1,1,1,1,2,0,1,4,0,2,0,0,Medium,3.272727272727273,16.38,0.18181818181818182,1.0,0.4754999999999999
11,61,1,1,1,9.0,98,2,1,0,1,2,0,0,2,0,0,1,0,Low,8.166666666666666,6.71,0.75,1.0,0.692
22,79,0,1,0,7.0,75,0,1,1,0,2,1,1,3,0,0,0,1,Low,3.260869565217391,17.38,0.30434782608695654,0.5,0.3375
25,80,1,1,1,9.0,57,0,1,2,0,2,0,2,3,0,0,1,1,Medium,2.1923076923076925,20.0,0.34615384615384615,0.75,0.303
8,73,0,1,1,6.0,65,2,1,1,0,1,0,1,4,0,1,1,0,Low,7.222222222222222,5.84,0.6666666666666666,0.5,0.5975
22,65,0,0,1,10.0,81,1,1,1,0,1,1,1,3,0,2,0,0,Low,3.5217391304347827,14.3,0.43478260869565216,0.25,0.5115000000000001
27,75,1,1,1,7.0,51,2,1,1,1,0,0,0,2,0,2,0,0,Medium,1.8214285714285714,20.25,0.25,1.0,0.5415
13,87,0,1,1,6.0,98,0,1,0,2,2,0,2,3,1,2,1,0,Low,7.0,11.31,0.42857142857142855,1.0,0.392
30,91,1,1,1,7.0,78,2,1,3,1,1,1,2,2,0,2,0,0,High,2.5161290322580645,27.3,0.22580645161290322,1.0,0.7245000000000001
23,81,1,1,0,7.0,85,0,1,0,1,1,0,2,4,0,0,0,0,Medium,3.5416666666666665,18.63,0.2916666666666667,1.0,0.34
16,84,0,1,0,7.0,75,2,1,2,1,1,0,0,3,0,0,0,1,Low,4.411764705882353,13.44,0.4117647058823529,0.75,0.675
20,68,0,1,0,6.0,98,2,1,0,0,2,0,0,4,0,0,0,1,Low,4.666666666666667,13.6,0.2857142857142857,0.5,0.692
23,71,2,1,1,4.0,79,1,0,2,0,1,0,2,3,0,0,0,0,Medium,3.2916666666666665,16.33,0.16666666666666666,0.75,0.541
20,66,0,1,1,6.0,83,1,1,2,0,1,1,1,3,0,1,0,0,Low,3.9523809523809526,13.2,0.2857142857142857,0.5,0.5569999999999999
23,70,1,2,1,9.0,93,1,1,0,0,2,0,1,2,1,2,1,1,Medium,3.875,16.1,0.375,1.0,0.522
14,69,1,2,1,6.0,93,0,0,2,0,1,1,1,0,0,0,0,0,Low,6.2,9.66,0.4,0.75,0.44700000000000006
21,81,2,1,1,4.0,51,1,1,0,1,1,1,2,2,0,1,1,1,Medium,2.3181818181818183,17.01,0.18181818181818182,1.25,0.354
12,83,2,0,1,5.0,64,1,1,1,2,1,1,0,2,0,2,0,1,Low,4.923076923076923,9.96,0.38461538461538464,1.25,0.4435
19,98,2,0,1,7.0,62,2,1,1,0,2,0,1,2,0,0,0,1,High,3.1,18.62,0.35,0.75,0.5855
15,68,1,1,1,6.0,50,2,1,2,2,0,0,1,3,0,0,1,0,Low,3.125,10.2,0.375,1.25,0.575
16,86,2,1,1,7.0,94,1,1,2,0,2,0,1,3,0,0,1,1,Medium,5.529411764705882,13.76,0.4117647058823529,1.0,0.601
27,93,1,0,1,6.0,66,1,1,2,1,1,0,0,3,0,1,1,1,High,2.357142857142857,25.11,0.21428571428571427,0.75,0.48900000000000005
27,82,1,1,1,9.0,67,0,1,1,0,2,1,1,2,0,0,1,0,Medium,2.392857142857143,22.14,0.32142857142857145,0.75,0.3055
24,70,1,2,0,8.0,55,1,1,4,0,2,0,2,4,0,2,1,1,Medium,2.2,16.8,0.32,1.0,0.52
13,71,1,1,1,10.0,99,1,1,0,0,1,0,1,3,0,2,0,0,Low,7.071428571428571,9.23,0.7142857142857143,0.75,0.546
18,62,0,2,1,6.0,91,2,0,4,0,1,1,1,1,0,0,1,0,Low,4.7894736842105265,11.16,0.3157894736842105,0.5,0.8140000000000001
27,72,0,0,1,7.0,79,1,1,2,2,2,0,2,2,0,2,1,1,Medium,2.8214285714285716,19.44,0.25,0.75,0.541
21,90,2,0,1,9.0,89,0,1,1,0,0,0,1,2,0,0,2,1,Medium,4.045454545454546,18.9,0.4090909090909091,0.75,0.3935
34,62,2,0,0,8.0,89,0,1,3,0,1,1,1,4,0,1,1,1,Medium,2.5428571428571427,21.08,0.22857142857142856,0.75,0.4685
22,69,1,2,1,6.0,83,1,1,1,0,1,0,2,2,0,1,1,1,Low,3.608695652173913,15.18,0.2608695652173913,1.0,0.5195
21,88,1,1,1,8.0,59,0,0,2,1,1,1,0,1,0,2,0,0,Medium,2.6818181818181817,18.48,0.36363636363636365,0.75,0.311
18,91,2,1,0,8.0,86,2,1,1,1,1,0,1,4,1,0,1,0,Medium,4.526315789473684,16.38,0.42105263157894735,1.25,0.6815
21,78,2,1,1,4.0,78,1,1,2,2,1,1,0,3,0,0,2,0,Medium,3.5454545454545454,16.38,0.18181818181818182,1.5,0.537
19,88,1,2,0,6.0,86,1,1,4,1,1,0,2,3,1,1,1,0,High,4.3,16.72,0.3,1.25,0.644
24,76,1,1,0,7.0,77,1,1,3,1,1,1,0,4,0,2,1,1,Medium,3.08,18.24,0.28,1.0,0.5705
26,66,0,1,1,9.0,98,1,1,2,0,1,0,1,2,0,1,0,0,Low,3.6296296296296298,17.16,0.3333333333333333,0.5,0.617
15,76,1,2,1,8.0,81,1,1,2,0,1,1,1,4,0,2,1,1,Medium,5.0625,11.4,0.5,1.0,0.549
12,83,1,1,0,6.0,79,1,1,1,2,0,0,1,4,0,0,1,1,Low,6.076923076923077,9.96,0.46153846153846156,1.25,0.5035000000000001
9,98,1,1,0,6.0,92,1,1,0,1,1,0,1,5,0,0,1,0,Medium,9.2,8.82,0.6,1.0,0.518
23,63,1,1,0,8.0,69,2,1,2,1,0,0,0,4,1,0,0,0,Low,2.875,14.49,0.3333333333333333,1.0,0.6509999999999999
13,80,0,2,1,4.0,66,2,1,2,0,1,0,0,2,0,0,1,1,Low,4.714285714285714,10.4,0.2857142857142857,0.75,0.639
7,73,2,1,1,6.0,75,1,1,3,0,1,0,1,3,0,1,0,1,Low,9.375,5.11,0.75,1.0,0.5625
22,80,0,0,0,9.0,79,2,1,0,1,1,1,1,3,0,1,1,1,Low,3.4347826086956523,17.6,0.391304347826087,0.5,0.6160000000000001
35,61,1,2,1,7.0,61,0,1,2,1,1,1,2,4,1,0,0,0,Medium,1.6944444444444444,21.35,0.19444444444444445,1.25,0.319
20,73,2,1,1,6.0,84,2,1,0,1,1,0,2,3,0,0,1,0,Medium,4.0,14.6,0.2857142857142857,1.25,0.636
25,93,1,2,0,5.0,90,0,1,1,1,1,0,2,2,0,1,0,0,High,3.4615384615384617,23.25,0.19230769230769232,1.25,0.3975
20,82,1,1,1,8.0,79,0,1,1,0,1,0,2,4,0,0,0,0,Medium,3.761904761904762,16.4,0.38095238095238093,0.75,0.35350000000000004
19,78,1,1,0,7.0,76,2,1,2,1,0,0,1,3,0,1,1,1,Low,3.8,14.82,0.35,1.0,0.679
26,71,2,0,0,7.0,65,1,1,1,0,1,0,2,3,0,1,0,1,Low,2.4074074074074074,18.46,0.25925925925925924,0.75,0.4475
18,72,2,2,1,8.0,95,1,1,1,1,1,0,0,4,0,0,1,0,Medium,5.0,12.96,0.42105263157894735,1.5,0.5675
22,75,1,1,0,7.0,88,0,1,0,0,1,1,1,3,0,2,2,0,Low,3.8260869565217392,16.5,0.30434782608695654,0.75,0.35200000000000004
22,93,2,1,0,7.0,74,0,1,2,1,2,0,0,3,0,1,2,0,High,3.217391304347826,20.46,0.30434782608695654,1.25,0.371
16,99,0,1,1,5.0,83,0,1,0,0,2,1,1,4,0,2,0,1,Medium,4.882352941176471,15.84,0.29411764705882354,0.5,0.332
26,78,2,2,1,5.0,67,0,1,1,2,2,1,0,3,0,0,1,0,Medium,2.4814814814814814,20.28,0.18518518518518517,1.75,0.3055
19,76,2,1,1,8.0,53,1,1,1,1,1,0,0,4,0,1,0,1,Low,2.65,14.44,0.4,1.25,0.39949999999999997
15,94,1,0,0,8.0,60,1,1,2,1,1,0,1,4,0,0,2,0,Low,3.75,14.1,0.5,0.75,0.465
23,77,2,2,1,8.0,54,1,1,1,0,1,0,0,3,0,1,1,1,Medium,2.25,17.71,0.3333333333333333,1.25,0.40349999999999997
15,82,1,2,1,6.0,75,1,1,1,1,0,0,2,3,0,0,0,0,Medium,4.6875,12.3,0.375,1.25,0.48750000000000004
20,69,1,1,1,8.0,81,2,1,2,1,1,0,2,4,0,0,0,0,Medium,3.857142857142857,13.8,0.38095238095238093,1.0,0.6990000000000001
20,90,2,2,1,6.0,69,1,1,2,2,2,0,1,3,0,0,0,1,High,3.2857142857142856,18.0,0.2857142857142857,1.75,0.5009999999999999
27,81,1,0,1,9.0,77,0,1,1,1,2,0,1,4,0,1,1,1,Medium,2.75,21.87,0.32142857142857145,0.75,0.34550000000000003
23,92,1,0,1,6.0,54,2,1,3,1,1,0,2,2,1,2,0,0,High,2.25,21.16,0.25,0.75,0.6285000000000001
20,91,1,1,1,6.0,88,1,1,1,0,1,0,2,4,0,0,1,0,Medium,4.190476190476191,18.2,0.2857142857142857,0.75,0.5395
25,69,2,0,1,7.0,52,2,1,1,0,1,0,2,4,0,0,1,0,Low,2.0,17.25,0.2692307692307692,0.75,0.5455
28,89,2,2,0,8.0,82,1,1,0,1,1,0,0,3,0,2,2,0,High,2.8275862068965516,24.92,0.27586206896551724,1.5,0.478
23,92,1,2,0,7.0,72,1,1,0,0,1,0,1,4,0,1,2,1,Medium,3.0,21.16,0.2916666666666667,1.0,0.43799999999999994
20,74,1,1,1,7.0,59,0,1,5,2,1,0,2,4,0,0,0,1,Medium,2.8095238095238093,14.8,0.3333333333333333,1.25,0.4235
12,67,2,2,0,6.0,76,2,1,1,0,1,0,0,2,0,0,1,0,Low,5.846153846153846,8.04,0.46153846153846156,1.25,0.6415000000000001
14,60,1,0,1,7.0,89,0,1,2,1,1,0,1,3,0,0,1,0,Low,5.933333333333334,8.4,0.4666666666666667,0.75,0.43100000000000005
18,78,2,1,1,7.0,71,0,1,3,1,1,0,1,4,0,0,1,0,Medium,3.736842105263158,14.04,0.3684210526315789,1.25,0.39649999999999996
16,74,2,2,1,6.0,68,0,1,2,1,1,0,1,4,0,1,0,0,Medium,4.0,11.84,0.35294117647058826,1.5,0.34700000000000003
19,82,1,2,1,7.0,57,1,1,1,1,1,0,1,3,0,0,0,0,Medium,2.85,15.58,0.35,1.25,0.4155
20,68,1,1,1,7.0,80,0,1,0,0,1,1,1,4,0,0,0,1,Low,3.8095238095238093,13.6,0.3333333333333333,0.75,0.32000000000000006
23,94,1,0,1,10.0,91,2,1,1,1,1,0,1,3,0,0,0,0,High,3.7916666666666665,21.62,0.4166666666666667,0.75,0.7015
20,70,1,1,1,6.0,78,2,1,0,1,1,1,2,2,0,1,0,1,Low,3.7142857142857144,14.0,0.2857142857142857,1.0,0.6120000000000001
23,69,1,1,1,6.0,58,2,1,0,1,1,0,1,1,0,2,0,1,Low,2.4166666666666665,15.87,0.25,1.0,0.532
20,79,2,1,1,7.0,83,2,1,2,1,1,0,2,2,0,0,1,1,Medium,3.9523809523809526,15.8,0.3333333333333333,1.25,0.707
8,80,2,0,0,6.0,52,2,1,2,1,1,0,2,1,0,0,0,1,Low,5.777777777777778,6.4,0.6666666666666666,1.0,0.583
14,69,1,1,1,5.0,92,2,1,3,0,0,0,0,2,0,2,1,1,Low,6.133333333333334,9.66,0.3333333333333333,0.75,0.7805
19,71,2,2,0,5.0,96,2,1,2,0,1,1,1,0,1,1,0,1,Medium,4.8,13.49,0.25,1.25,0.7589999999999999
13,67,1,1,1,6.0,80,2,1,1,0,2,0,0,2,0,0,1,0,Low,5.714285714285714,8.71,0.42857142857142855,0.75,0.6575000000000001
24,89,1,0,1,6.0,94,0,1,2,1,1,0,1,2,0,0,2,0,Medium,3.76,21.36,0.24,0.75,0.451
29,91,1,2,0,5.0,54,0,1,2,0,1,0,1,3,0,2,1,0,High,1.8,26.39,0.16666666666666666,1.0,0.29100000000000004
27,78,2,1,0,7.0,61,1,0,1,0,1,0,0,3,0,0,1,1,Low,2.1785714285714284,21.06,0.25,0.75,0.4315
19,89,1,2,1,4.0,66,0,1,1,0,1,0,2,1,0,2,0,1,Medium,3.3,16.91,0.2,1.0,0.3015
29,89,1,0,1,8.0,89,0,1,1,1,2,1,1,4,0,0,1,0,High,2.966666666666667,25.81,0.26666666666666666,0.75,0.3935
21,66,1,1,1,6.0,74,1,1,2,1,2,1,1,4,0,0,0,1,Low,3.3636363636363638,13.86,0.2727272727272727,1.0,0.5209999999999999
18,99,1,1,0,6.0,67,1,1,5,0,1,0,2,3,0,2,0,1,High,3.526315789473684,17.82,0.3157894736842105,0.75,0.6055
18,65,1,0,0,6.0,88,1,1,1,1,1,1,2,1,1,1,0,0,Low,4.631578947368421,11.7,0.3157894736842105,0.75,0.5395
22,64,1,1,1,10.0,77,2,1,5,1,1,0,1,3,1,0,0,0,Low,3.347826086956522,14.08,0.43478260869565216,1.0,0.7955000000000001
17,97,2,0,1,8.0,89,1,1,1,0,1,0,1,4,0,1,0,0,High,4.944444444444445,16.49,0.4444444444444444,0.75,0.5435
9,90,1,1,1,9.0,65,0,1,3,1,1,0,2,3,0,0,0,1,Medium,6.5,8.1,0.9,1.0,0.3725
22,84,1,1,1,8.0,90,1,1,2,1,1,0,2,2,0,1,0,1,High,3.9130434782608696,18.48,0.34782608695652173,1.0,0.585
9,91,1,1,0,8.0,65,2,1,0,1,1,0,2,4,0,0,1,0,Low,6.5,8.19,0.8,1.0,0.56
20,77,0,1,0,8.0,56,1,1,1,1,2,0,2,4,0,1,1,0,Low,2.6666666666666665,15.4,0.38095238095238093,0.75,0.4115
12,90,1,2,1,9.0,77,1,1,3,1,1,0,2,3,0,2,0,0,High,5.923076923076923,10.8,0.6923076923076923,1.25,0.5705
32,75,2,1,1,7.0,97,2,1,1,1,1,1,1,3,0,1,1,0,High,2.9393939393939394,24.0,0.21212121212121213,1.25,0.7254999999999999
25,70,1,1,0,6.0,71,0,1,0,0,1,0,1,2,0,1,0,1,Low,2.730769230769231,17.5,0.23076923076923078,0.75,0.284
5,87,2,0,0,6.0,86,1,1,2,1,2,0,2,3,0,2,0,1,Low,14.333333333333334,4.35,1.0,1.0,0.569
26,61,2,1,1,9.0,95,1,1,0,1,1,1,0,6,0,1,0,0,Medium,3.5185185185185186,15.86,0.3333333333333333,1.25,0.53
12,72,0,2,1,8.0,56,2,1,3,0,1,0,2,1,1,0,1,0,Low,4.3076923076923075,8.64,0.6153846153846154,0.75,0.6365000000000001
19,86,1,0,0,6.0,54,0,1,1,2,2,1,2,5,0,2,0,0,Medium,2.7,16.34,0.3,1.0,0.2535
13,60,1,1,1,7.0,66,1,1,2,0,1,0,2,3,0,2,0,0,Low,4.714285714285714,7.8,0.5,0.75,0.48900000000000005
9,61,2,1,1,6.0,77,0,0,1,2,1,1,1,2,0,0,0,0,High,7.7,5.49,0.6,1.25,0.34550000000000003
23,94,2,1,0,5.0,55,2,1,2,1,1,0,2,2,1,0,0,0,High,2.2916666666666665,21.62,0.20833333333333334,1.25,0.595
25,87,2,1,0,7.0,86,1,1,4,1,0,1,0,2,0,1,0,0,High,3.3076923076923075,21.75,0.2692307692307692,1.25,0.644
17,71,0,2,1,6.0,78,0,1,0,1,1,0,2,4,0,1,0,1,Low,4.333333333333333,12.07,0.3333333333333333,1.0,0.31200000000000006
4,88,1,2,0,6.0,87,0,1,1,1,2,0,1,4,0,1,0,0,Low,17.4,3.52,1.2,1.25,0.3855
17,92,1,1,1,9.0,68,2,1,0,1,0,1,2,3,0,1,0,1,Medium,3.7777777777777777,15.64,0.5,1.0,0.5720000000000001
22,72,0,1,0,6.0,70,0,1,1,2,1,0,1,3,0,2,2,0,Low,3.0434782608695654,15.84,0.2608695652173913,1.0,0.31749999999999995
11,61,0,1,1,7.0,90,2,1,0,1,2,0,1,3,0,0,0,1,Low,7.5,6.71,0.5833333333333334,0.75,0.66
21,97,1,1,1,9.0,63,1,1,0,1,1,0,2,1,0,0,1,0,Medium,2.8636363636363638,20.37,0.4090909090909091,1.0,0.402
20,74,2,2,0,7.0,69,0,1,2,2,2,1,1,2,0,1,0,0,Medium,3.2857142857142856,14.8,0.3333333333333333,1.75,0.351
23,64,1,1,0,6.0,51,1,1,1,1,1,0,2,5,0,1,0,0,Low,2.125,14.72,0.25,1.0,0.39149999999999996
21,80,1,2,0,7.0,78,1,1,1,0,2,1,0,4,0,0,1,1,Medium,3.5454545454545454,16.8,0.3181818181818182,1.0,0.49950000000000006
14,91,1,1,1,8.0,93,1,1,0,1,1,0,1,3,0,0,1,0,Medium,6.2,12.74,0.5333333333333333,1.0,0.522
27,69,1,1,0,8.0,51,1,1,1,2,1,0,0,2,0,0,0,0,Low,1.8214285714285714,18.63,0.2857142857142857,1.25,0.39149999999999996
19,71,2,1,1,10.0,81,1,1,2,1,2,0,2,3,0,0,0,1,Medium,4.05,13.49,0.5,1.25,0.549
20,70,1,2,1,6.0,92,1,1,2,1,0,0,2,3,0,0,0,0,Medium,4.380952380952381,14.0,0.2857142857142857,1.25,0.593
14,100,0,1,0,7.0,75,0,1,1,0,1,0,2,3,0,2,1,0,Medium,5.0,14.0,0.4666666666666667,0.5,0.3375
17,68,1,2,1,5.0,66,1,1,1,2,1,0,0,4,0,0,0,0,Low,3.6666666666666665,11.56,0.2777777777777778,1.5,0.4515
15,83,2,2,1,8.0,100,1,1,0,1,1,0,2,3,0,1,0,1,High,6.25,12.45,0.5,1.5,0.55
19,97,1,2,0,7.0,53,1,1,2,0,0,1,1,3,0,1,1,0,Medium,2.65,18.43,0.35,1.0,0.437
30,66,1,2,0,7.0,61,0,1,0,2,2,1,2,2,0,0,2,0,Low,1.967741935483871,19.8,0.22580645161290322,1.5,0.244
12,99,0,1,0,6.0,94,1,1,2,1,1,0,1,3,0,2,1,0,Medium,7.230769230769231,11.88,0.46153846153846156,0.75,0.601
10,98,0,1,1,6.0,65,1,1,1,0,2,1,2,2,0,0,0,0,Low,5.909090909090909,9.8,0.5454545454545454,0.5,0.4475
29,95,2,1,1,7.0,91,0,1,1,0,1,0,1,3,0,0,1,1,High,3.033333333333333,27.55,0.23333333333333334,1.0,0.4015
19,69,1,1,1,6.0,67,1,0,4,2,2,1,2,4,0,2,1,0,Low,3.35,13.11,0.3,1.0,0.5680000000000001
16,85,1,2,1,7.0,91,2,1,0,1,1,0,1,2,0,2,1,0,Medium,5.352941176470588,13.6,0.4117647058823529,1.25,0.664
26,90,1,0,1,7.0,84,0,1,1,1,1,0,2,3,0,0,1,0,High,3.111111111111111,23.4,0.25925925925925924,0.75,0.3735
16,99,2,1,1,5.0,73,2,1,1,1,1,1,2,5,1,1,2,0,High,4.294117647058823,15.84,0.29411764705882354,1.25,0.6295
31,67,0,2,1,5.0,76,1,1,2,1,2,0,2,4,0,1,0,0,High,2.375,20.77,0.15625,1.0,0.529
24,91,2,0,1,6.0,59,1,1,0,0,1,1,1,4,0,0,0,0,Medium,2.36,21.84,0.24,0.75,0.386
17,74,1,1,0,9.0,56,1,1,1,1,2,1,0,3,0,0,1,0,Low,3.111111111111111,12.58,0.5,1.0,0.4115
33,67,2,1,1,6.0,86,1,1,4,1,2,0,2,3,1,0,0,1,High,2.5294117647058822,22.11,0.17647058823529413,1.25,0.644
16,77,2,2,0,7.0,92,0,1,2,1,1,0,0,2,0,1,0,0,Medium,5.411764705882353,12.32,0.4117647058823529,1.5,0.44300000000000006
24,92,1,1,1,5.0,86,2,1,3,1,2,0,1,2,0,0,0,1,High,3.44,22.08,0.2,1.0,0.7565
22,79,0,2,1,6.0,96,1,1,1,2,1,0,1,2,0,1,1,0,Medium,4.173913043478261,17.38,0.2608695652173913,1.25,0.5715
28,82,0,1,1,5.0,95,1,1,0,2,0,0,1,3,0,0,0,0,Medium,3.2758620689655173,22.96,0.1724137931034483,1.0,0.53
29,100,2,2,1,8.0,89,1,1,2,1,1,1,1,3,0,0,1,1,High,2.966666666666667,29.0,0.26666666666666666,1.5,0.581
20,76,0,1,1,5.0,95,1,1,4,0,2,0,2,3,0,0,0,0,Medium,4.523809523809524,15.2,0.23809523809523808,0.5,0.68
15,85,1,1,0,8.0,58,2,1,1,0,1,1,0,3,0,1,0,0,Low,3.625,12.75,0.5,0.75,0.5695
23,75,1,1,1,8.0,87,0,1,0,2,0,0,2,1,0,0,0,1,Low,3.625,17.25,0.3333333333333333,1.25,0.34800000000000003
16,76,1,0,0,7.0,88,2,1,0,0,1,0,2,2,0,2,0,0,Low,5.176470588235294,12.16,0.4117647058823529,0.5,0.652
32,88,0,1,0,8.0,58,0,1,3,0,2,1,0,3,0,0,1,0,Medium,1.7575757575757576,28.16,0.24242424242424243,0.5,0.3445
21,98,2,1,1,10.0,95,1,1,0,1,1,0,1,1,0,0,0,0,High,4.318181818181818,20.58,0.45454545454545453,1.25,0.53
18,82,2,0,1,8.0,50,1,1,1,2,1,0,2,3,0,0,1,0,Low,2.6315789473684212,14.76,0.42105263157894735,1.25,0.38749999999999996
21,91,1,2,0,5.0,72,1,1,3,0,1,0,0,3,1,0,0,1,Medium,3.272727272727273,19.11,0.22727272727272727,1.0,0.5505
12,64,1,1,0,9.0,51,0,0,2,0,1,0,1,4,0,1,0,0,Low,3.923076923076923,7.68,0.6923076923076923,0.5,0.279
14,68,1,2,0,7.0,76,1,1,2,2,1,0,2,3,0,0,0,0,Low,5.066666666666666,9.52,0.4666666666666667,1.5,0.529
27,80,1,2,0,10.0,71,2,1,4,0,0,0,1,2,0,1,0,0,High,2.5357142857142856,21.6,0.35714285714285715,1.0,0.734
16,61,1,0,1,6.0,81,1,1,0,1,1,0,0,2,0,1,0,0,Low,4.764705882352941,9.76,0.35294117647058826,0.75,0.4740000000000001
14,70,1,1,1,9.0,88,0,1,0,2,1,1,2,4,0,1,1,1,Low,5.866666666666666,9.8,0.6,1.25,0.35200000000000004
23,81,1,1,0,7.0,88,0,1,1,0,1,0,2,4,0,2,0,0,Medium,3.6666666666666665,18.63,0.2916666666666667,0.75,0.3895
27,61,2,2,1,10.0,86,1,1,3,1,2,1,2,3,0,0,0,1,High,3.0714285714285716,16.47,0.35714285714285715,1.5,0.6065
24,71,1,2,1,7.0,55,0,1,2,2,1,0,2,3,0,1,2,0,Medium,2.2,17.04,0.28,1.5,0.29500000000000004
26,81,1,1,0,10.0,71,0,1,0,1,1,1,2,5,1,0,0,1,Medium,2.6296296296296298,21.06,0.37037037037037035,1.0,0.284
15,83,1,0,1,8.0,91,1,1,0,0,1,1,1,3,0,1,2,0,Low,5.6875,12.45,0.5,0.5,0.514
11,97,1,1,1,8.0,83,0,1,4,1,2,1,0,2,0,0,2,0,Medium,6.916666666666667,10.67,0.6666666666666666,1.0,0.482
29,86,1,2,0,10.0,84,0,1,1,0,2,1,2,4,0,0,0,1,High,2.8,24.94,0.3333333333333333,1.0,0.3735
18,77,1,2,1,6.0,61,1,1,1,0,1,1,1,3,0,0,0,1,Low,3.210526315789474,13.86,0.3157894736842105,1.0,0.4315
18,97,1,2,0,8.0,66,0,1,2,1,1,0,1,2,0,1,1,0,High,3.473684210526316,17.46,0.42105263157894735,1.25,0.339
28,91,2,1,0,7.0,98,0,1,2,0,1,1,2,5,0,2,0,0,High,3.3793103448275863,25.48,0.2413793103448276,1.0,0.467
23,68,0,0,1,7.0,92,1,0,3,0,2,1,1,4,0,0,0,0,Low,3.8333333333333335,15.64,0.2916666666666667,0.0,0.6305000000000001
23,65,1,2,1,7.0,58,0,1,1,0,1,0,1,3,1,1,1,1,Low,2.4166666666666665,14.95,0.2916666666666667,1.0,0.26949999999999996
33,87,1,2,0,8.0,77,0,1,0,0,1,1,2,3,1,0,0,0,High,2.264705882352941,28.71,0.23529411764705882,1.0,0.30800000000000005
16,82,1,0,1,8.0,75,1,1,2,1,1,0,2,2,0,1,0,1,Low,4.411764705882353,13.12,0.47058823529411764,0.75,0.525
26,92,1,0,1,6.0,72,1,1,1,0,1,1,1,3,0,0,1,1,Medium,2.6666666666666665,23.92,0.2222222222222222,0.5,0.4754999999999999
20,90,2,1,0,7.0,74,0,0,0,2,0,1,2,3,0,2,1,1,Medium,3.5238095238095237,18.0,0.3333333333333333,1.25,0.296
22,85,1,2,0,4.0,82,1,1,1,1,2,0,2,2,0,2,0,0,High,3.5652173913043477,18.7,0.17391304347826086,1.25,0.5155
29,99,2,1,1,8.0,98,2,0,5,0,0,0,1,2,0,2,0,0,High,3.2666666666666666,28.71,0.26666666666666666,0.75,0.8795
23,81,2,0,1,10.0,94,2,1,1,1,2,0,1,2,0,1,0,1,High,3.9166666666666665,18.63,0.4166666666666667,1.0,0.7134999999999999
23,65,1,1,0,7.0,94,1,1,1,2,1,0,0,3,0,1,0,1,Low,3.9166666666666665,14.95,0.2916666666666667,1.25,0.5635
26,93,2,1,0,5.0,85,0,1,1,2,2,0,2,3,0,1,1,1,High,3.1481481481481484,24.18,0.18518518518518517,1.5,0.3775
18,70,1,1,1,8.0,51,1,1,1,0,1,1,0,3,0,1,1,0,Low,2.6842105263157894,12.6,0.42105263157894735,0.75,0.39149999999999996
15,91,1,1,0,6.0,72,0,1,0,1,1,0,1,2,0,0,1,1,Low,4.5,13.65,0.375,1.0,0.288
14,98,2,2,1,7.0,76,1,1,0,0,1,0,1,2,0,2,0,0,High,5.066666666666666,13.72,0.4666666666666667,1.25,0.45400000000000007
8,88,1,1,1,8.0,92,2,1,1,0,1,0,0,4,0,1,0,0,Low,10.222222222222221,7.04,0.8888888888888888,0.75,0.7055
32,84,0,1,1,8.0,96,1,1,1,0,1,0,2,3,0,0,0,1,High,2.909090909090909,26.88,0.24242424242424243,0.5,0.5715
13,78,1,1,1,9.0,73,1,1,0,1,2,1,0,4,0,0,0,0,Low,5.214285714285714,10.14,0.6428571428571429,1.0,0.44199999999999995
19,1000,1,1,0,7.0,65,0,1,0,0,0,1,1,4,0,0,0,1,Low,3.25,190.0,0.35,0.75,0.26
18,74,0,1,1,7.0,67,0,1,0,0,1,0,2,3,0,0,0,0,Low,3.526315789473684,13.32,0.3684210526315789,0.5,0.268
22,85,2,1,0,8.0,79,2,1,5,1,2,0,1,2,0,0,0,1,High,3.4347826086956523,18.7,0.34782608695652173,1.25,0.8035000000000001
25,90,1,1,1,7.0,64,1,1,2,1,2,0,2,2,0,0,1,0,High,2.4615384615384617,22.5,0.2692307692307692,1.0,0.48100000000000004
25,87,2,2,1,6.0,96,0,0,3,1,1,0,2,2,0,0,1,1,High,3.6923076923076925,21.75,0.23076923076923078,1.25,0.4965
17,68,1,2,1,8.0,71,1,1,1,1,2,1,1,2,0,0,0,0,Low,3.9444444444444446,11.56,0.4444444444444444,1.25,0.4714999999999999
19,80,1,1,1,5.0,100,1,1,0,1,1,0,1,3,0,0,0,1,Medium,5.0,15.2,0.25,1.0,0.55
22,92,0,2,1,7.0,55,0,1,1,0,1,0,2,4,0,0,1,1,Medium,2.391304347826087,20.24,0.30434782608695654,0.75,0.2575
19,79,1,2,1,5.0,59,1,1,2,0,1,1,1,2,0,2,2,0,Low,2.95,15.01,0.25,1.0,0.461
30,81,1,2,0,6.0,76,1,1,0,2,1,0,2,3,0,2,0,0,High,2.4516129032258065,24.3,0.1935483870967742,1.5,0.45400000000000007
23,91,2,1,0,6.0,93,1,1,3,0,0,0,1,3,0,0,1,1,High,3.875,20.93,0.25,1.0,0.6345000000000001
24,86,1,2,0,6.0,68,0,1,3,0,2,0,2,3,1,1,1,1,High,2.72,20.64,0.24,1.0,0.3845
24,76,1,1,0,9.0,92,1,1,1,1,0,0,1,3,0,2,0,1,Medium,3.68,18.24,0.36,1.0,0.5555
27,96,1,2,0,9.0,71,0,1,0,0,1,1,2,4,0,1,0,1,High,2.5357142857142856,25.92,0.32142857142857145,1.0,0.284
21,67,0,1,1,9.0,93,2,1,1,0,2,0,1,3,0,1,0,0,Low,4.2272727272727275,14.07,0.4090909090909091,0.5,0.7095
12,100,1,1,0,7.0,64,1,1,1,1,2,0,2,6,0,0,0,0,Medium,4.923076923076923,12.0,0.5384615384615384,1.0,0.4435
22,65,0,1,1,6.0,74,2,1,2,1,1,0,2,1,0,1,0,0,Low,3.217391304347826,14.3,0.2608695652173913,0.75,0.6709999999999999
16,61,2,2,0,8.0,64,1,1,1,0,2,0,2,3,0,0,2,0,Low,3.764705882352941,9.76,0.47058823529411764,1.25,0.4435
17,96,2,2,0,7.0,61,0,1,1,0,2,0,2,1,0,1,1,1,Medium,3.388888888888889,16.32,0.3888888888888889,1.25,0.2815
24,70,1,1,1,7.0,71,1,1,1,1,0,0,0,4,0,0,0,0,Low,2.84,16.8,0.28,1.0,0.4714999999999999
27,89,1,0,0,4.0,67,1,1,2,0,0,1,1,4,0,1,0,1,Medium,2.392857142857143,24.03,0.14285714285714285,0.5,0.49300000000000005
20,92,0,1,1,8.0,89,1,1,1,0,1,0,1,3,0,0,1,1,Medium,4.238095238095238,18.4,0.38095238095238093,0.5,0.5435
22,94,2,1,1,8.0,87,1,1,2,0,1,1,1,5,0,1,0,1,High,3.782608695652174,20.68,0.34782608695652173,1.0,0.573
30,100,2,1,1,7.0,68,0,1,2,1,1,1,1,2,0,2,0,1,High,2.193548387096774,30.0,0.22580645161290322,1.25,0.34700000000000003
21,72,2,2,1,8.0,100,1,1,3,0,2,1,2,3,0,1,2,0,High,4.545454545454546,15.12,0.36363636363636365,1.25,0.6625000000000001
36,88,1,2,0,8.0,99,2,1,0,0,1,1,0,3,0,1,0,1,High,2.675675675675676,31.68,0.21621621621621623,1.0,0.696
23,65,1,1,1,6.0,96,1,1,0,0,0,0,2,3,0,0,0,0,Low,4.0,14.95,0.25,0.75,0.534
9,76,1,1,0,7.0,79,1,1,1,1,1,0,0,3,0,1,0,0,Low,7.9,6.84,0.7,1.0,0.5035000000000001
25,94,2,2,0,5.0,71,0,1,4,1,2,0,0,4,0,1,0,1,High,2.730769230769231,23.5,0.19230769230769232,1.5,0.43399999999999994
22,75,2,2,1,9.0,66,0,1,0,0,1,1,1,2,0,2,0,0,Medium,2.869565217391304,16.5,0.391304347826087,1.25,0.264
28,84,1,1,1,8.0,51,1,0,3,1,1,0,2,4,0,2,0,1,High,1.7586206896551724,23.52,0.27586206896551724,0.75,0.46649999999999997
24,80,2,0,1,6.0,82,1,1,1,0,2,0,1,3,0,1,1,1,Medium,3.28,19.2,0.24,0.75,0.5155
19,86,1,1,0,8.0,78,1,1,2,1,1,0,0,4,0,1,0,1,Medium,3.9,16.34,0.4,1.0,0.537
13,99,1,1,0,7.0,81,1,1,0,1,1,0,2,4,0,2,0,0,High,5.785714285714286,12.87,0.5,1.0,0.4740000000000001
19,62,2,1,1,6.0,79,0,1,7,1,1,0,1,2,0,0,0,1,Low,3.95,11.78,0.3,1.25,0.5785
15,83,1,1,1,7.0,57,0,1,0,1,1,1,2,3,0,2,0,0,Low,3.5625,12.45,0.4375,1.0,0.22799999999999998
17,95,1,0,1,8.0,85,0,0,1,0,2,1,0,2,0,1,1,1,Low,4.722222222222222,16.15,0.4444444444444444,0.25,0.3775
24,79,0,0,1,8.0,68,2,1,2,0,1,1,0,2,0,0,0,0,Low,2.72,18.96,0.32,0.25,0.647
30,63,1,1,0,10.0,76,1,1,1,1,1,0,1,4,0,2,1,1,Medium,2.4516129032258065,18.9,0.3225806451612903,1.0,0.49150000000000005
22,82,2,1,0,7.0,68,2,1,2,0,1,1,1,4,0,2,0,0,High,2.9565217391304346,18.04,0.30434782608695654,1.0,0.647
13,73,1,1,1,7.0,51,1,1,1,0,1,0,2,4,0,2,0,0,Low,3.642857142857143,9.49,0.5,0.75,0.39149999999999996
23,66,0,0,0,8.0,94,0,1,1,1,2,1,1,3,0,2,1,0,Low,3.9166666666666665,15.18,0.3333333333333333,0.5,0.4135
27,94,1,1,1,7.0,57,1,1,1,1,1,1,1,1,0,0,0,0,High,2.0357142857142856,25.38,0.25,1.0,0.4155
16,81,1,2,1,6.0,79,1,1,2,0,2,0,2,3,0,1,1,1,Medium,4.647058823529412,12.96,0.35294117647058826,1.0,0.541
19,97,1,0,0,6.0,94,1,1,2,2,1,0,1,4,0,2,0,0,High,4.7,18.43,0.3,1.0,0.601
20,92,1,2,1,4.0,61,1,1,2,2,1,0,1,4,0,1,0,0,High,2.9047619047619047,18.4,0.19047619047619047,1.5,0.46900000000000003
15,88,0,0,1,8.0,71,1,0,1,0,0,1,2,2,0,2,1,0,Low,4.4375,13.2,0.5,0.0,0.4714999999999999
24,60,2,0,1,5.0,69,1,1,1,1,2,0,1,5,0,0,1,0,Low,2.76,14.4,0.2,1.0,0.4634999999999999
19,77,2,1,1,6.0,54,0,1,3,2,1,1,0,2,0,1,1,0,Low,2.7,14.63,0.3,1.5,0.3285
23,68,1,2,1,7.0,71,2,1,3,1,1,0,2,3,0,0,1,1,Medium,2.9583333333333335,15.64,0.2916666666666667,1.25,0.6964999999999999
15,96,2,1,0,7.0,74,1,1,2,0,0,1,2,2,0,0,2,0,Medium,4.625,14.4,0.4375,1.0,0.5209999999999999
17,67,2,1,1,10.0,51,1,1,3,0,1,0,2,5,0,0,0,0,Low,2.8333333333333335,11.39,0.5555555555555556,1.0,0.46649999999999997
24,71,1,1,1,5.0,74,1,1,1,1,1,1,2,3,0,0,0,0,Medium,2.96,17.04,0.2,1.0,0.48349999999999993
18,81,1,0,1,10.0,55,0,1,3,0,1,0,0,2,0,0,0,0,Low,2.8947368421052633,14.58,0.5263157894736842,0.5,0.3325
30,71,2,1,1,9.0,95,2,0,1,1,1,0,1,4,0,1,0,0,High,3.064516129032258,21.3,0.2903225806451613,1.0,0.7174999999999999
18,68,1,2,1,8.0,83,0,1,1,0,1,0,2,2,0,1,0,0,Low,4.368421052631579,12.24,0.42105263157894735,1.0,0.3695
21,84,1,0,0,9.0,53,0,1,2,1,2,0,0,3,0,0,1,1,Low,2.409090909090909,17.64,0.4090909090909091,0.75,0.28700000000000003
26,64,2,1,0,8.0,91,2,1,1,1,1,0,2,4,0,0,0,0,Medium,3.3703703703703702,16.64,0.2962962962962963,1.25,0.7015
11,62,1,2,1,4.0,68,1,1,2,2,1,0,0,3,0,0,1,0,Low,5.666666666666667,6.82,0.3333333333333333,1.5,0.49700000000000005
9,75,2,0,0,8.0,61,2,1,3,1,1,0,1,3,0,0,0,0,Low,6.1,6.75,0.8,1.0,0.6565000000000001
11,89,1,1,1,5.0,63,1,1,0,1,1,0,1,2,0,1,0,1,Low,5.25,9.79,0.4166666666666667,1.0,0.402
28,82,1,1,1,6.0,80,1,1,1,0,1,1,1,5,0,0,2,1,Medium,2.7586206896551726,22.96,0.20689655172413793,0.75,0.5075000000000001
17,77,1,1,0,7.0,54,0,1,1,0,2,0,2,2,0,1,0,0,Low,3.0,13.09,0.3888888888888889,0.75,0.2535
35,83,1,0,0,6.0,53,1,1,1,0,1,1,1,2,0,0,0,1,Medium,1.4722222222222223,29.05,0.16666666666666666,0.5,0.39949999999999997
17,75,2,1,1,8.0,81,0,1,3,2,1,0,1,3,1,2,0,0,Medium,4.5,12.75,0.4444444444444444,1.5,0.43650000000000005
21,97,1,2,1,7.0,99,2,1,1,1,2,0,1,1,0,2,1,0,High,4.5,20.37,0.3181818181818182,1.25,0.7334999999999999
29,62,2,1,1,8.0,74,1,1,1,0,1,1,0,3,1,1,0,0,Low,2.466666666666667,17.98,0.26666666666666666,1.0,0.48349999999999993
32,87,1,2,1,7.0,71,1,1,0,2,0,0,1,4,1,1,0,0,High,2.1515151515151514,27.84,0.21212121212121213,1.5,0.43399999999999994
32,96,1,0,1,7.0,97,0,1,1,0,1,0,1,5,0,1,1,0,High,2.9393939393939394,30.72,0.21212121212121213,0.5,0.4255
27,92,2,1,0,6.0,62,2,1,0,1,2,0,2,4,0,1,0,0,High,2.2142857142857144,24.84,0.21428571428571427,1.25,0.548
26,67,0,1,1,5.0,62,2,1,0,1,1,0,0,2,0,0,1,0,Low,2.2962962962962963,17.42,0.18518518518518517,0.75,0.548
24,72,2,1,1,7.0,95,1,1,3,0,1,0,0,2,0,2,0,0,Medium,3.8,17.28,0.28,1.0,0.6425000000000001
25,89,0,1,1,6.0,82,2,1,2,0,1,0,1,6,0,2,0,0,High,3.1538461538461537,22.25,0.23076923076923078,0.5,0.703
17,63,2,1,0,9.0,53,2,1,1,0,2,0,1,4,0,1,1,0,Low,2.9444444444444446,10.71,0.5,1.0,0.5495
15,92,1,2,1,5.0,84,1,1,0,2,0,0,2,5,0,0,1,1,Medium,5.25,13.8,0.3125,1.5,0.486
20,89,2,2,1,10.0,91,0,1,3,1,1,1,1,3,0,1,1,0,High,4.333333333333333,17.8,0.47619047619047616,1.5,0.47650000000000003
19,89,2,0,1,7.0,64,1,1,2,0,1,0,2,4,1,2,1,1,Medium,3.2,16.91,0.35,0.75,0.48100000000000004
17,64,0,2,0,7.0,69,1,1,1,1,1,0,0,3,0,0,0,1,Low,3.8333333333333335,10.88,0.3888888888888889,1.0,0.4634999999999999
24,89,0,2,1,6.0,60,1,1,1,0,1,1,1,2,0,0,0,0,Medium,2.4,21.36,0.24,0.75,0.4275
26,87,1,1,1,8.0,82,2,1,1,0,1,0,0,2,0,2,0,0,High,3.037037037037037,22.62,0.2962962962962963,0.75,0.6655
21,93,1,0,1,7.0,83,0,0,1,2,2,0,1,3,1,0,1,0,Medium,3.772727272727273,19.53,0.3181818181818182,0.75,0.3695
29,62,0,2,1,7.0,53,2,1,0,0,1,1,2,3,0,1,1,1,Low,1.7666666666666666,17.98,0.23333333333333334,0.75,0.512
13,61,0,1,1,8.0,84,2,0,1,1,2,0,1,3,1,2,2,0,Low,6.0,7.93,0.5714285714285714,0.5,0.6735
19,75,1,2,1,8.0,83,2,1,2,2,1,0,1,2,0,0,0,0,Medium,4.15,14.25,0.4,1.5,0.707
16,66,0,1,1,9.0,52,1,1,1,1,0,0,0,3,1,0,0,0,Low,3.0588235294117645,10.56,0.5294117647058824,0.75,0.39549999999999996
9,82,2,1,0,8.0,78,1,1,0,2,1,0,1,0,0,0,1,1,Low,7.8,7.38,0.8,1.5,0.4620000000000001
20,97,2,1,1,6.0,81,2,1,2,0,0,0,1,3,0,0,1,0,High,3.857142857142857,19.4,0.2857142857142857,1.0,0.6990000000000001
19,76,2,2,0,4.0,72,0,1,2,2,1,0,1,2,0,1,1,1,Medium,3.6,14.44,0.2,1.75,0.363
29,94,0,1,1,7.0,95,1,0,2,0,1,0,1,3,1,1,1,0,High,3.1666666666666665,27.26,0.23333333333333334,0.25,0.605
24,60,0,0,0,7.0,66,1,1,1,1,2,0,1,4,0,1,0,1,Low,2.64,14.4,0.28,0.5,0.4515
14,67,1,1,0,10.0,53,1,1,2,2,1,0,1,3,0,1,0,0,Low,3.533333333333333,9.38,0.6666666666666666,1.25,0.437
31,61,2,1,0,7.0,84,1,1,2,1,1,1,1,3,0,0,0,0,Medium,2.625,18.91,0.21875,1.25,0.5609999999999999
27,73,1,1,0,8.0,80,0,1,3,1,1,1,0,3,0,0,0,1,Medium,2.857142857142857,19.71,0.2857142857142857,1.0,0.43250000000000005
23,96,1,1,1,8.0,99,2,1,3,0,0,0,2,4,0,0,0,1,High,4.125,22.08,0.3333333333333333,0.75,0.8085
19,64,0,1,0,8.0,62,1,1,0,2,1,0,2,4,1,1,0,0,Low,3.1,12.16,0.4,1.0,0.398
14,84,1,1,1,8.0,70,1,1,1,0,2,0,1,5,0,1,0,0,Medium,4.666666666666667,11.76,0.5333333333333333,0.75,0.4674999999999999
18,78,1,0,0,6.0,73,1,1,1,2,2,0,2,2,0,0,1,1,Low,3.8421052631578947,14.04,0.3157894736842105,1.0,0.4794999999999999
27,98,0,1,1,6.0,93,0,0,5,2,2,0,2,3,0,0,1,1,High,3.3214285714285716,26.46,0.21428571428571427,0.75,0.5595000000000001
31,65,1,0,1,7.0,71,1,1,1,0,1,0,1,4,0,0,1,0,Low,2.21875,20.15,0.21875,0.5,0.4714999999999999
29,68,1,1,0,4.0,89,1,1,0,1,1,1,1,4,1,1,0,0,Medium,2.966666666666667,19.72,0.13333333333333333,1.0,0.506
17,61,1,2,1,7.0,58,0,1,2,0,1,0,2,3,1,0,0,1,Low,3.2222222222222223,10.37,0.3888888888888889,1.0,0.307
13,77,1,1,0,6.0,70,1,1,3,1,2,0,1,4,1,0,0,0,Low,5.0,10.01,0.42857142857142855,1.0,0.5425
21,71,2,0,0,7.0,58,2,1,1,1,2,0,2,3,1,1,2,1,Low,2.6363636363636362,14.91,0.3181818181818182,1.0,0.5695
9,95,1,1,1,7.0,97,1,1,1,0,0,0,1,2,0,1,0,0,Medium,9.7,8.55,0.7,0.75,0.5755
22,84,1,1,1,5.0,59,1,1,0,2,2,1,2,3,0,1,0,1,Medium,2.5652173913043477,18.48,0.21739130434782608,1.25,0.386
19,85,2,1,1,9.0,71,0,1,1,1,2,0,2,2,0,2,1,1,Medium,3.55,16.15,0.45,1.25,0.32149999999999995
17,81,2,1,0,7.0,54,1,1,4,0,1,0,2,3,0,0,0,1,Medium,3.0,13.77,0.3888888888888889,1.0,0.516
10,64,1,2,0,8.0,96,1,1,1,1,1,0,1,3,0,0,1,0,Low,8.727272727272727,6.4,0.7272727272727273,1.25,0.5715
23,78,0,2,0,7.0,81,1,1,0,0,1,1,1,1,0,0,0,0,Low,3.375,17.94,0.2916666666666667,0.75,0.4740000000000001
17,100,2,1,0,8.0,98,0,1,0,1,2,0,2,4,0,1,0,0,High,5.444444444444445,17.0,0.4444444444444444,1.25,0.392
13,93,1,1,1,5.0,52,0,1,2,1,1,0,2,3,0,1,0,1,Medium,3.7142857142857144,12.09,0.35714285714285715,1.0,0.28300000000000003
3,96,2,2,1,9.0,59,1,1,2,0,1,0,0,3,0,1,1,1,Low,14.75,2.88,2.25,1.25,0.461
20,93,0,0,1,8.0,69,1,1,2,0,1,0,1,4,0,0,1,0,Medium,3.2857142857142856,18.6,0.38095238095238093,0.25,0.5009999999999999
31,64,2,0,1,7.0,81,0,1,1,1,1,0,2,4,0,0,0,1,Medium,2.53125,19.84,0.21875,1.0,0.36150000000000004
30,69,1,1,1,7.0,66,1,1,0,1,0,0,2,4,0,2,0,1,Medium,2.129032258064516,20.7,0.22580645161290322,1.0,0.41400000000000003
17,60,2,1,1,9.0,86,1,1,0,0,2,0,2,2,0,0,0,0,Low,4.777777777777778,10.2,0.5,1.0,0.494
16,72,1,2,0,6.0,58,0,1,1,1,1,0,0,2,0,0,2,0,Low,3.411764705882353,11.52,0.35294117647058826,1.25,0.26949999999999996
23,64,2,1,1,5.0,80,0,1,3,1,2,0,0,2,1,1,1,1,Low,3.3333333333333335,14.72,0.20833333333333334,1.25,0.43250000000000005
14,79,1,1,1,6.0,70,1,1,1,0,1,0,2,6,0,1,1,0,Low,4.666666666666667,11.06,0.4,0.75,0.4674999999999999
22,87,1,2,1,7.0,75,1,1,0,1,2,0,2,2,1,1,0,1,High,3.260869565217391,19.14,0.30434782608695654,1.25,0.45000000000000007
25,95,0,1,0,7.0,78,1,1,7,0,1,0,2,4,0,0,0,0,High,3.0,23.75,0.2692307692307692,0.5,0.7245000000000001
27,90,2,1,1,9.0,53,1,1,1,1,2,0,2,2,0,2,0,1,High,1.8928571428571428,24.3,0.32142857142857145,1.25,0.39949999999999997
19,98,1,0,1,6.0,96,1,0,2,0,1,1,0,2,0,0,1,0,Medium,4.8,18.62,0.3,0.25,0.609
19,62,1,0,0,6.0,89,2,1,3,1,1,0,2,1,0,0,1,0,Low,4.45,11.78,0.3,0.75,0.7685
15,60,1,0,1,5.0,72,2,1,2,2,2,0,2,2,0,0,0,0,Low,4.5,9.0,0.3125,1.0,0.6629999999999999
15,86,2,1,1,8.0,77,1,1,0,1,1,0,2,3,0,2,0,0,Medium,4.8125,12.9,0.5,1.25,0.4580000000000001
19,72,1,2,0,5.0,52,1,1,2,1,1,0,1,3,0,2,0,0,Low,2.6,13.68,0.25,1.25,0.433
22,70,1,2,1,8.0,75,2,1,0,1,1,1,2,3,0,2,0,0,Medium,3.260869565217391,15.4,0.34782608695652173,1.25,0.6000000000000001
25,73,2,1,1,6.0,71,0,1,0,0,1,1,2,3,0,1,2,1,Medium,2.730769230769231,18.25,0.23076923076923078,1.0,0.284
15,71,2,2,1,6.0,69,0,1,2,0,2,1,0,4,0,1,0,1,Low,4.3125,10.65,0.375,1.25,0.351
29,80,0,1,1,10.0,91,2,0,1,2,1,0,2,3,0,1,1,0,High,3.033333333333333,23.2,0.3333333333333333,0.75,0.7015
18,78,0,1,1,9.0,59,2,0,0,2,2,1,2,1,0,0,1,1,Low,3.1052631578947367,14.04,0.47368421052631576,0.75,0.536
20,80,0,0,1,7.0,59,2,1,2,1,2,1,1,3,0,0,1,0,Low,2.8095238095238093,16.0,0.3333333333333333,0.5,0.611
16,87,1,1,0,5.0,76,2,1,1,0,2,1,1,2,0,2,2,1,Medium,4.470588235294118,13.92,0.29411764705882354,0.75,0.6415000000000001
5,75,1,0,1,10.0,84,1,1,0,2,1,1,1,4,0,2,1,1,Low,14.0,3.75,1.6666666666666667,1.0,0.486
25,70,1,1,1,7.0,51,2,1,3,0,1,0,2,4,0,0,1,0,Low,1.9615384615384615,17.5,0.2692307692307692,0.75,0.6165
24,67,2,2,1,7.0,77,0,1,0,2,1,0,2,2,0,1,0,1,Medium,3.08,16.08,0.28,1.75,0.30800000000000005
18,74,1,0,0,8.0,65,2,1,0,1,2,0,2,4,0,1,1,1,Low,3.4210526315789473,13.32,0.42105263157894735,0.75,0.56
20,90,2,0,0,4.0,88,1,1,3,0,1,0,0,3,0,0,1,0,Medium,4.190476190476191,18.0,0.19047619047619047,0.75,0.6145
23,90,1,1,1,6.0,73,0,0,1,2,1,1,2,2,0,0,0,1,Medium,3.0416666666666665,20.7,0.25,1.0,0.32949999999999996
11,87,1,1,1,7.0,92,1,1,1,1,1,0,2,5,0,0,1,1,Medium,7.666666666666667,9.57,0.5833333333333334,1.0,0.5555
17,69,1,1,1,7.0,70,0,1,0,0,2,0,1,3,1,1,1,0,Low,3.888888888888889,11.73,0.3888888888888889,0.75,0.27999999999999997
25,84,2,1,1,5.0,91,0,1,1,1,1,0,2,4,1,2,1,1,High,3.5,21.0,0.19230769230769232,1.25,0.4015
12,83,0,1,1,7.0,86,0,1,1,2,1,0,0,4,0,1,0,1,Low,6.615384615384615,9.96,0.5384615384615384,1.0,0.3815
22,79,1,1,1,7.0,91,0,1,0,0,1,0,2,4,1,1,1,0,Low,3.9565217391304346,17.38,0.30434782608695654,0.75,0.36400000000000005
12,82,0,1,1,10.0,91,1,1,3,0,1,0,0,3,0,2,0,0,Low,7.0,9.84,0.7692307692307693,0.5,0.6265000000000001
23,80,1,2,1,9.0,74,1,1,4,1,1,0,0,3,0,0,1,0,Medium,3.0833333333333335,18.4,0.375,1.25,0.596
20,83,1,1,1,7.0,68,2,1,1,1,1,0,2,1,0,0,0,1,Medium,3.238095238095238,16.6,0.3333333333333333,1.0,0.6095
10,89,2,2,1,7.0,88,1,1,2,2,1,1,2,2,0,2,0,1,High,8.0,8.9,0.6363636363636364,1.75,0.577
27,64,2,2,1,9.0,68,2,1,1,0,2,1,1,4,0,0,0,0,Medium,2.4285714285714284,17.28,0.32142857142857145,1.25,0.6095
16,90,1,1,0,7.0,54,2,0,2,1,1,0,2,3,0,0,0,1,Medium,3.176470588235294,14.4,0.4117647058823529,0.75,0.591
15,65,2,1,0,5.0,93,0,1,2,0,1,0,1,4,1,0,0,1,Low,5.8125,9.75,0.3125,1.0,0.44700000000000006
21,63,1,1,0,10.0,70,0,1,1,2,2,1,2,2,0,1,0,1,Low,3.1818181818181817,13.23,0.45454545454545453,1.25,0.31749999999999995
27,99,1,1,1,6.0,57,1,1,3,0,1,0,1,3,0,1,1,0,High,2.0357142857142856,26.73,0.21428571428571427,0.75,0.4905
14,98,1,1,1,10.0,82,2,1,1,0,1,1,2,3,0,0,1,0,Medium,5.466666666666667,13.72,0.6666666666666666,0.75,0.6655
20,62,2,0,0,8.0,94,2,1,1,1,1,0,2,3,0,0,0,1,Low,4.476190476190476,12.4,0.38095238095238093,1.0,0.7134999999999999
23,78,2,0,1,6.0,93,1,1,0,1,2,1,2,5,0,2,0,0,High,3.875,17.94,0.25,1.0,0.522
24,67,2,1,1,4.0,78,0,1,1,0,2,0,2,2,0,0,0,1,Medium,3.12,16.08,0.16,1.0,0.34950000000000003
21,79,1,0,1,8.0,54,2,1,3,0,1,0,2,3,0,2,1,1,Medium,2.4545454545454546,16.59,0.36363636363636365,0.5,0.6285000000000001
18,93,1,2,1,5.0,85,1,1,0,0,1,0,2,3,0,0,0,0,High,4.473684210526316,16.74,0.2631578947368421,1.0,0.49
15,98,2,0,0,8.0,80,0,0,2,2,2,0,0,2,0,2,0,1,Medium,5.0,14.7,0.5,1.0,0.3950000000000001
21,85,2,1,0,10.0,61,2,1,2,1,1,0,1,2,1,0,0,0,Medium,2.772727272727273,17.85,0.45454545454545453,1.25,0.619
14,74,1,2,0,5.0,95,2,1,1,0,2,0,2,3,1,1,0,0,Low,6.333333333333333,10.36,0.3333333333333333,1.0,0.7174999999999999
2,84,0,2,0,8.0,54,0,1,3,0,0,0,2,4,0,0,0,0,Low,18.0,1.68,2.6666666666666665,0.75,0.3285
23,72,1,1,1,6.0,69,0,1,2,2,1,0,2,4,0,0,0,0,Medium,2.875,16.56,0.25,1.25,0.351
25,96,1,0,1,9.0,55,2,1,2,1,2,0,1,4,0,0,1,0,High,2.1153846153846154,24.0,0.34615384615384615,0.75,0.595
6,95,2,1,1,7.0,96,1,1,4,0,1,0,1,2,0,0,1,1,Medium,13.714285714285714,5.7,1.0,1.0,0.684
14,82,2,1,1,7.0,52,2,1,3,0,1,0,0,2,0,0,0,1,Low,3.466666666666667,11.48,0.4666666666666667,1.0,0.6205
24,73,0,1,1,9.0,71,2,1,0,0,1,0,1,3,0,0,1,0,Low,2.84,17.52,0.36,0.5,0.584
32,72,2,1,1,8.0,93,0,1,1,0,1,1,1,4,0,2,0,1,High,2.8181818181818183,23.04,0.24242424242424243,1.0,0.40950000000000003
20,61,0,0,1,6.0,63,1,1,1,1,2,0,2,4,0,1,2,0,Low,3.0,12.2,0.2857142857142857,0.5,0.4395
16,93,1,2,0,10.0,55,1,0,2,0,1,0,1,2,0,1,0,0,Medium,3.235294117647059,14.88,0.5882352941176471,0.75,0.445
19,78,1,0,1,5.0,56,0,1,3,2,1,0,1,4,0,1,1,1,Low,2.8,14.82,0.25,1.0,0.3365
28,73,2,1,1,7.0,70,0,0,0,0,1,1,0,6,0,1,1,1,Low,2.413793103448276,20.44,0.2413793103448276,0.75,0.27999999999999997
16,79,2,2,1,6.0,71,1,1,2,0,2,0,1,4,0,0,0,1,Medium,4.176470588235294,12.64,0.35294117647058826,1.25,0.5089999999999999
15,93,1,1,0,5.0,86,1,1,0,0,1,0,1,2,0,1,2,0,Low,5.375,13.95,0.3125,0.75,0.494
17,65,1,1,0,5.0,62,1,1,2,1,1,0,2,4,0,0,0,1,Low,3.4444444444444446,11.05,0.2777777777777778,1.0,0.47300000000000003
14,94,0,0,1,7.0,85,0,1,1,2,1,0,1,3,0,0,1,1,Low,5.666666666666667,13.16,0.4666666666666667,0.75,0.3775
21,96,1,2,0,8.0,100,1,1,1,2,1,1,2,2,0,1,0,1,High,4.545454545454546,20.16,0.36363636363636365,1.5,0.5875
30,98,1,0,1,9.0,93,1,1,1,0,0,1,2,3,0,0,0,0,High,3.0,29.4,0.2903225806451613,0.5,0.5595
22,76,1,1,0,9.0,82,2,1,0,1,2,1,1,4,0,0,0,0,Medium,3.5652173913043477,16.72,0.391304347826087,1.0,0.628
18,69,2,2,1,7.0,97,1,1,2,1,1,0,2,2,0,1,0,1,Medium,5.105263157894737,12.42,0.3684210526315789,1.5,0.613
18,75,1,0,1,6.0,100,2,1,2,0,1,0,2,3,0,0,0,1,Medium,5.2631578947368425,13.5,0.3157894736842105,0.5,0.7749999999999999
11,73,1,2,1,9.0,79,1,1,1,0,2,0,1,2,0,0,0,0,Low,6.583333333333333,8.03,0.75,1.0,0.5035000000000001
25,67,1,2,1,6.0,64,1,0,0,0,1,0,1,2,0,0,1,0,Low,2.4615384615384617,16.75,0.23076923076923078,0.75,0.406
20,84,0,1,0,5.0,96,0,1,1,0,1,0,0,2,0,0,0,0,Low,4.571428571428571,16.8,0.23809523809523808,0.5,0.4215
19,79,1,1,0,8.0,92,2,1,1,1,2,0,2,2,0,0,0,0,Medium,4.6,15.01,0.4,1.0,0.7055
39,95,1,2,1,9.0,54,2,1,2,1,1,1,2,3,0,0,1,0,High,1.35,37.05,0.225,1.25,0.591
22,61,1,1,1,6.0,97,2,1,0,0,2,0,0,2,1,0,0,0,Low,4.217391304347826,13.42,0.2608695652173913,0.75,0.688
15,86,2,2,1,10.0,68,1,1,0,2,1,0,1,5,0,1,0,0,Medium,4.25,12.9,0.625,1.75,0.42200000000000004
17,91,1,1,1,8.0,66,1,1,3,1,0,0,2,2,0,1,0,0,Medium,3.6666666666666665,15.47,0.4444444444444444,1.0,0.5265
27,90,1,0,0,8.0,67,1,1,2,1,1,0,0,3,0,2,0,0,High,2.392857142857143,24.3,0.2857142857142857,0.75,0.49300000000000005
21,95,2,1,1,6.0,66,2,1,1,1,2,0,2,4,0,1,0,0,High,3.0,19.95,0.2727272727272727,1.25,0.6015
11,89,1,0,1,9.0,76,1,1,1,1,2,0,1,3,0,2,2,0,Low,6.333333333333333,9.79,0.75,0.75,0.49150000000000005
26,97,1,0,0,5.0,79,2,1,2,0,0,1,2,3,0,0,0,1,High,2.925925925925926,25.22,0.18518518518518517,0.5,0.6910000000000001
16,73,1,0,1,6.0,71,1,1,2,2,2,0,2,5,0,1,0,0,Low,4.176470588235294,11.68,0.35294117647058826,1.0,0.5089999999999999
31,80,1,1,1,6.0,71,2,1,2,0,2,0,1,3,0,0,0,1,High,2.21875,24.8,0.1875,0.75,0.6589999999999999
26,61,1,0,1,5.0,87,1,1,3,2,2,0,2,2,1,0,0,0,Low,3.2222222222222223,15.86,0.18518518518518517,1.0,0.6105
17,60,1,1,1,8.0,50,2,1,0,0,2,0,2,4,0,0,0,1,Low,2.7777777777777777,10.2,0.4444444444444444,0.75,0.5
28,70,1,2,1,8.0,97,1,1,5,0,0,0,0,5,1,0,0,0,High,3.3448275862068964,19.6,0.27586206896551724,1.0,0.7255
20,64,2,1,1,8.0,86,1,1,1,1,1,0,1,2,0,2,0,0,Low,4.095238095238095,12.8,0.38095238095238093,1.25,0.5315
25,70,1,1,0,7.0,85,1,1,1,1,1,0,0,4,0,0,0,0,Low,3.269230769230769,17.5,0.2692307692307692,1.0,0.5275
23,67,1,1,0,8.0,71,2,1,2,1,1,0,1,4,0,1,1,1,Low,2.9583333333333335,15.41,0.3333333333333333,1.0,0.6589999999999999
15,61,1,1,0,7.0,98,1,1,1,1,1,0,1,3,0,0,0,0,Low,6.125,9.15,0.4375,1.0,0.5795
16,96,1,1,0,6.0,50,2,1,1,1,2,0,2,3,0,1,0,0,Medium,2.9411764705882355,15.36,0.35294117647058826,1.0,0.5375
26,60,0,2,1,6.0,54,0,1,1,0,1,1,2,1,0,2,1,0,Low,2.0,15.6,0.2222222222222222,0.75,0.2535
18,89,1,0,1,4.0,90,0,1,1,2,1,0,2,2,1,2,0,1,Medium,4.7368421052631575,16.02,0.21052631578947367,1.0,0.3975
18,66,1,2,0,9.0,87,1,1,1,1,0,1,2,3,0,0,1,0,Low,4.578947368421052,11.88,0.47368421052631576,1.25,0.5355
14,96,0,1,1,9.0,64,2,1,2,0,2,0,1,3,0,2,1,0,Medium,4.266666666666667,13.44,0.6,0.5,0.631
23,96,0,1,1,10.0,80,0,1,3,0,2,0,2,3,0,0,0,0,High,3.3333333333333335,22.08,0.4166666666666667,0.5,0.43250000000000005
32,86,1,1,1,6.0,77,1,0,2,1,0,1,0,4,0,0,0,0,High,2.3333333333333335,27.52,0.18181818181818182,0.75,0.533
14,87,1,1,0,6.0,76,1,1,1,0,1,1,2,4,0,1,2,1,Low,5.066666666666666,12.18,0.4,0.75,0.49150000000000005
20,60,1,1,1,4.0,80,0,1,2,2,1,1,2,3,1,1,1,0,Low,3.8095238095238093,12.0,0.19047619047619047,1.25,0.3950000000000001
280,99,0,1,1,8.0,100,0,1,0,1,1,0,2,2,0,0,2,0,High,0.35587188612099646,277.2,0.028469750889679714,0.75,0.4
20,95,1,1,1,8.0,99,0,0,1,0,1,1,1,3,0,1,0,1,High,4.714285714285714,19.0,0.38095238095238093,0.5,0.4335
23,96,1,0,0,9.0,99,1,1,0,2,1,1,1,2,0,1,0,1,High,4.125,22.08,0.375,1.0,0.546
14,86,0,0,1,6.0,77,1,1,3,2,1,1,1,3,0,0,2,0,Low,5.133333333333334,12.04,0.4,0.75,0.5705
23,74,1,0,1,8.0,66,0,1,0,2,1,0,0,4,0,2,0,1,Low,2.75,17.02,0.3333333333333333,1.0,0.264
19,96,0,1,0,6.0,78,2,1,1,0,0,0,2,2,0,0,2,0,Medium,3.9,18.24,0.3,0.5,0.6495000000000001
26,72,2,1,0,9.0,81,2,1,0,1,2,0,1,3,0,0,0,0,Medium,3.0,18.72,0.3333333333333333,1.25,0.6240000000000001
27,83,1,1,1,8.0,66,1,1,3,1,1,0,2,4,0,1,2,1,High,2.357142857142857,22.41,0.2857142857142857,1.0,0.5265
36,64,1,1,1,5.0,82,1,1,2,1,2,1,2,2,0,0,0,1,High,2.2162162162162162,23.04,0.13513513513513514,1.0,0.5529999999999999
23,97,0,2,1,7.0,81,0,1,2,1,2,0,1,3,0,0,0,0,High,3.375,22.31,0.2916666666666667,1.0,0.3990000000000001
22,66,1,2,0,4.0,95,1,1,1,0,0,0,1,5,0,1,1,0,Low,4.130434782608695,14.52,0.17391304347826086,1.0,0.5675
21,69,1,1,1,5.0,62,2,1,2,0,1,0,2,3,0,0,0,0,Low,2.8181818181818183,14.49,0.22727272727272727,0.75,0.623
18,82,2,1,1,5.0,85,2,1,3,1,2,1,1,4,0,2,0,0,High,4.473684210526316,14.76,0.2631578947368421,1.25,0.7525
22,91,2,2,1,6.0,73,0,1,3,2,1,0,2,4,0,2,0,0,High,3.1739130434782608,20.02,0.2608695652173913,1.75,0.40449999999999997
18,85,0,1,0,7.0,56,0,1,0,0,1,1,2,4,0,0,1,0,Low,2.9473684210526314,15.3,0.3684210526315789,0.5,0.22400000000000003
21,69,1,1,0,7.0,66,2,1,1,1,1,1,1,4,0,0,2,1,Low,3.0,14.49,0.3181818181818182,1.0,0.6015
28,60,1,2,1,7.0,53,0,1,3,0,1,1,1,3,0,0,0,1,Low,1.8275862068965518,16.8,0.2413793103448276,1.0,0.3245
14,90,0,1,1,7.0,66,1,1,1,1,1,0,1,5,0,1,0,0,Medium,4.4,12.6,0.4666666666666667,0.75,0.4515
27,99,2,1,0,7.0,53,0,1,2,0,2,0,1,3,0,1,0,0,High,1.8928571428571428,26.73,0.25,1.0,0.28700000000000003
28,92,1,2,0,5.0,96,2,1,1,1,0,0,1,3,0,1,1,0,High,3.310344827586207,25.76,0.1724137931034483,1.25,0.7214999999999999
19,78,1,1,0,7.0,55,0,1,0,1,1,0,2,3,0,1,0,0,Low,2.75,14.82,0.35,1.0,0.22000000000000003
7,96,1,2,0,9.0,91,1,1,0,0,1,0,1,4,0,1,0,0,Medium,11.375,6.72,1.125,1.0,0.514
16,76,1,1,1,7.0,95,0,1,2,1,1,0,0,3,0,0,0,1,Low,5.588235294117647,12.16,0.4117647058823529,1.0,0.455
28,81,2,1,1,8.0,73,0,1,0,1,2,0,0,3,0,2,0,0,High,2.5172413793103448,22.68,0.27586206896551724,1.25,0.292
20,79,2,1,0,8.0,53,1,1,2,1,1,1,1,3,0,0,1,1,Low,2.5238095238095237,15.8,0.38095238095238093,1.25,0.437
14,78,2,2,1,8.0,80,0,1,1,1,1,0,1,1,0,0,0,1,Low,5.333333333333333,10.92,0.5333333333333333,1.5,0.35750000000000004
17,91,1,0,1,7.0,62,0,1,3,2,1,0,0,3,0,2,0,0,Medium,3.4444444444444446,15.47,0.3888888888888889,1.0,0.3605
25,81,0,1,1,8.0,59,0,1,3,0,1,0,2,4,0,1,0,0,Medium,2.269230769230769,20.25,0.3076923076923077,0.5,0.3485
23,73,2,2,0,8.0,78,0,1,0,2,1,0,1,4,0,0,1,1,Medium,3.25,16.79,0.3333333333333333,1.75,0.31200000000000006
19,70,2,1,1,8.0,68,2,0,1,0,1,0,2,3,0,1,0,1,Low,3.4,13.3,0.4,0.75,0.6095
18,62,1,0,1,8.0,87,1,1,4,0,1,0,2,4,0,1,0,1,Low,4.578947368421052,11.16,0.42105263157894735,0.5,0.648
18,83,1,1,0,5.0,80,2,1,1,2,2,0,2,2,0,1,0,0,High,4.2105263157894735,14.94,0.2631578947368421,1.25,0.6575000000000001
14,69,0,1,0,5.0,91,1,1,0,2,1,0,2,3,0,1,1,0,Low,6.066666666666666,9.66,0.3333333333333333,1.0,0.514
30,66,1,2,0,6.0,53,0,0,2,0,1,0,2,2,0,0,0,0,Low,1.7096774193548387,19.8,0.1935483870967742,0.75,0.28700000000000003
18,86,0,1,1,9.0,62,1,1,4,1,1,0,0,2,1,2,0,1,Medium,3.263157894736842,15.48,0.47368421052631576,0.75,0.548
27,87,1,1,1,7.0,78,0,1,3,0,1,1,0,5,0,0,0,1,High,2.7857142857142856,23.49,0.25,0.75,0.42450000000000004
29,90,2,1,1,7.0,94,1,1,1,0,0,1,1,4,0,0,0,1,High,3.1333333333333333,26.1,0.23333333333333334,1.0,0.5635
26,80,1,1,0,4.0,91,0,1,1,0,1,1,1,3,0,0,2,0,Medium,3.3703703703703702,20.8,0.14814814814814814,0.75,0.4015
17,96,2,1,1,7.0,84,1,1,2,0,2,1,2,3,0,1,0,1,High,4.666666666666667,16.32,0.3888888888888889,1.0,0.5609999999999999
22,97,1,1,0,7.0,79,2,1,2,1,2,0,2,0,0,0,2,0,High,3.4347826086956523,21.34,0.30434782608695654,1.0,0.6910000000000001
20,92,1,2,1,4.0,82,2,1,0,1,1,0,1,4,0,2,0,0,High,3.9047619047619047,18.4,0.19047619047619047,1.25,0.628
15,85,2,2,1,7.0,61,1,1,1,1,2,0,0,3,0,0,0,0,Medium,3.8125,12.75,0.4375,1.5,0.4315
22,72,0,0,1,5.0,80,1,1,2,0,2,0,1,3,0,1,0,1,Low,3.4782608695652173,15.84,0.21739130434782608,0.25,0.545
13,99,2,1,0,6.0,75,0,1,1,1,1,0,2,4,1,1,2,1,Medium,5.357142857142857,12.87,0.42857142857142855,1.25,0.3375
27,71,1,0,0,8.0,69,1,1,1,2,1,0,2,4,0,1,0,0,Medium,2.4642857142857144,19.17,0.2857142857142857,1.0,0.4634999999999999
17,68,1,1,0,7.0,94,2,1,1,2,1,1,1,4,0,1,1,1,Low,5.222222222222222,11.56,0.3888888888888889,1.25,0.7134999999999999
21,78,1,0,1,6.0,91,1,1,0,1,0,1,1,1,1,0,0,0,Low,4.136363636363637,16.38,0.2727272727272727,0.75,0.514
22,62,2,1,0,6.0,54,1,1,3,0,1,1,1,3,0,2,0,0,Low,2.347826086956522,13.64,0.2608695652173913,1.0,0.4785
18,99,1,1,0,6.0,99,1,1,0,0,1,0,1,3,0,0,1,0,Medium,5.2105263157894735,17.82,0.3157894736842105,0.75,0.546
24,84,1,1,1,7.0,61,1,1,2,1,1,0,2,2,0,0,2,0,Medium,2.44,20.16,0.28,1.0,0.46900000000000003
17,82,2,2,0,5.0,61,1,1,3,1,1,0,1,4,0,2,0,0,Medium,3.388888888888889,13.94,0.2777777777777778,1.5,0.5065
25,86,1,1,1,9.0,97,0,1,1,2,1,1,1,3,0,0,1,0,High,3.730769230769231,21.5,0.34615384615384615,1.25,0.4255
12,80,2,1,0,5.0,72,1,1,1,2,1,1,2,4,1,0,0,1,Low,5.538461538461538,9.6,0.38461538461538464,1.5,0.4754999999999999
21,61,1,1,0,4.0,90,0,1,2,1,0,0,1,3,0,0,0,0,Low,4.090909090909091,12.81,0.18181818181818182,1.0,0.43500000000000005
32,84,0,1,1,8.0,64,1,1,1,0,2,1,2,3,0,1,0,1,High,1.9393939393939394,26.88,0.24242424242424243,0.5,0.4435
14,89,1,2,1,6.0,94,0,1,0,0,1,1,1,2,0,2,0,0,Medium,6.266666666666667,12.46,0.4,1.0,0.376
16,77,1,1,1,7.0,92,2,1,5,0,2,0,2,3,0,2,0,1,High,5.411764705882353,12.32,0.4117647058823529,0.75,0.8555
23,90,1,2,1,8.0,76,2,1,2,1,0,0,2,3,0,0,0,1,High,3.1666666666666665,20.7,0.3333333333333333,1.25,0.679
21,69,1,1,1,6.0,85,1,1,3,0,0,0,1,1,0,1,2,1,Low,3.8636363636363638,14.49,0.2727272727272727,0.75,0.6025
22,69,0,1,0,7.0,98,0,1,0,0,1,0,2,2,0,2,1,0,Low,4.260869565217392,15.18,0.30434782608695654,0.5,0.392
23,66,1,0,1,8.0,73,2,1,2,2,1,0,2,2,0,1,0,1,Low,3.0416666666666665,15.18,0.3333333333333333,1.0,0.6669999999999999
24,75,1,2,1,9.0,75,2,1,0,1,2,0,2,3,0,1,2,0,Medium,3.0,18.0,0.36,1.25,0.6000000000000001
27,94,1,0,0,6.0,86,1,1,2,1,1,1,1,2,0,0,0,1,High,3.0714285714285716,25.38,0.21428571428571427,0.75,0.569
22,93,1,2,1,6.0,69,2,1,0,2,0,0,0,3,1,0,0,0,Medium,3.0,20.46,0.2608695652173913,1.5,0.576
19,75,2,1,0,8.0,98,0,1,1,0,1,0,1,3,0,2,1,0,Medium,4.9,14.25,0.4,1.0,0.4295
24,84,0,1,1,7.0,52,1,1,0,0,2,0,1,3,0,0,0,0,Low,2.08,20.16,0.28,0.5,0.358
31,89,1,1,0,7.0,70,1,1,2,0,2,0,2,2,0,0,1,1,High,2.1875,27.59,0.21875,0.75,0.5049999999999999
19,70,1,0,1,9.0,86,0,1,2,2,1,0,1,2,1,0,0,0,Low,4.3,13.3,0.45,1.0,0.41900000000000004
14,67,1,0,0,4.0,71,1,1,0,2,1,0,1,4,0,1,0,1,Low,4.733333333333333,9.38,0.26666666666666666,1.0,0.43399999999999994
27,99,1,2,0,5.0,63,1,1,0,1,2,0,1,4,0,0,0,1,High,2.25,26.73,0.17857142857142858,1.25,0.402
199,85,2,1,0,4.0,71,0,1,1,1,2,0,0,3,0,0,2,1,Low,0.355,169.15,0.02,1.25,0.32149999999999995
7,99,2,1,1,9.0,94,1,1,3,2,2,0,2,2,0,2,1,0,High,11.75,6.93,1.125,1.5,0.6385000000000001
25,74,2,0,1,8.0,77,0,1,1,0,1,0,1,2,0,2,1,1,Medium,2.9615384615384617,18.5,0.3076923076923077,0.75,0.34550000000000003
17,88,0,0,0,5.0,67,1,0,0,1,2,0,1,3,0,2,0,0,Low,3.7222222222222223,14.96,0.2777777777777778,0.25,0.41800000000000004
19,69,1,1,1,7.0,84,1,1,2,1,1,0,1,4,0,0,0,0,Low,4.2,13.11,0.35,1.0,0.5609999999999999
22,70,2,1,1,7.0,81,0,1,3,1,1,0,1,2,0,2,1,1,Medium,3.5217391304347827,15.4,0.30434782608695654,1.25,0.43650000000000005
21,80,1,2,1,4.0,78,1,1,1,1,2,1,1,4,0,0,0,1,Medium,3.5454545454545454,16.8,0.18181818181818182,1.25,0.49950000000000006
24,73,2,1,1,7.0,70,1,1,0,2,1,0,0,3,0,2,0,1,Medium,2.8,17.52,0.28,1.5,0.42999999999999994
17,67,1,2,1,5.0,54,1,1,0,0,1,0,0,2,0,0,1,0,Low,3.0,11.39,0.2777777777777778,1.0,0.366
23,71,2,0,1,8.0,81,1,1,3,1,2,1,2,2,0,0,0,0,Medium,3.375,16.33,0.3333333333333333,1.0,0.5865
18,61,2,0,1,5.0,71,0,1,3,2,2,1,1,3,0,1,0,0,Low,3.736842105263158,10.98,0.2631578947368421,1.25,0.39649999999999996
24,88,1,0,1,7.0,71,0,0,1,0,2,0,1,3,0,1,1,0,Medium,2.84,21.12,0.28,0.25,0.32149999999999995
24,80,0,2,1,9.0,62,2,1,3,2,0,0,1,3,0,0,1,0,Medium,2.48,19.2,0.36,1.25,0.6605000000000001
14,64,1,2,0,8.0,62,0,1,1,1,2,0,2,4,1,0,1,0,Low,4.133333333333334,8.96,0.5333333333333333,1.25,0.2855
27,67,2,0,0,8.0,89,0,1,1,0,0,0,2,3,0,2,0,1,Low,3.1785714285714284,18.09,0.2857142857142857,0.75,0.3935
17,64,2,0,1,7.0,74,0,1,2,1,0,0,2,2,0,2,0,1,Low,4.111111111111111,10.88,0.3888888888888889,1.0,0.371
25,85,0,1,0,5.0,55,0,1,3,2,1,0,0,3,0,0,1,1,Medium,2.1153846153846154,21.25,0.19230769230769232,1.0,0.3325
22,64,1,2,0,6.0,52,0,1,2,2,1,1,0,4,0,1,1,1,Low,2.260869565217391,14.08,0.2608695652173913,1.5,0.28300000000000003
31,90,2,2,0,7.0,61,0,1,0,0,1,0,2,3,0,0,0,0,High,1.90625,27.9,0.21875,1.25,0.244
19,61,1,1,0,7.0,74,0,1,2,2,1,0,0,3,0,2,2,0,Low,3.7,11.59,0.35,1.25,0.371
18,70,2,1,1,5.0,81,0,1,2,0,1,1,0,2,0,0,2,1,Low,4.2631578947368425,12.6,0.2631578947368421,1.0,0.3990000000000001
20,96,2,2,0,8.0,57,0,1,1,0,1,1,1,4,0,0,0,0,High,2.7142857142857144,19.2,0.38095238095238093,1.25,0.26549999999999996
18,89,2,1,0,5.0,72,0,1,3,1,1,0,2,3,0,1,1,0,Medium,3.789473684210526,16.02,0.2631578947368421,1.25,0.40049999999999997
25,63,0,1,1,9.0,54,1,1,3,1,0,0,2,2,0,0,0,0,Low,2.076923076923077,15.75,0.34615384615384615,0.75,0.4785
10,93,0,1,0,7.0,52,1,1,2,1,1,0,2,3,0,2,0,0,Low,4.7272727272727275,9.3,0.6363636363636364,0.75,0.433
14,80,0,1,1,8.0,93,1,1,3,0,2,1,2,4,0,0,0,1,Medium,6.2,11.2,0.5333333333333333,0.5,0.6345000000000001
14,94,2,2,1,8.0,83,1,1,4,1,0,0,0,5,1,2,0,1,High,5.533333333333333,13.16,0.5333333333333333,1.5,0.632
26,84,1,2,1,10.0,89,1,1,0,0,2,1,2,1,0,0,2,1,High,3.2962962962962963,21.84,0.37037037037037035,1.0,0.506
30,87,0,1,0,7.0,59,1,1,2,1,1,0,1,3,0,0,1,0,Medium,1.903225806451613,26.1,0.22580645161290322,0.75,0.461
19,100,1,0,0,6.0,66,2,1,0,0,1,0,1,3,0,0,1,0,Medium,3.3,19.0,0.3,0.5,0.5640000000000001
19,69,1,2,1,6.0,72,1,0,1,0,1,0,1,1,0,1,0,1,Low,3.6,13.11,0.3,0.75,0.4754999999999999
20,85,2,1,1,9.0,83,0,1,3,1,1,0,2,3,1,1,0,0,High,3.9523809523809526,17.0,0.42857142857142855,1.25,0.4445
27,78,2,0,1,5.0,77,1,1,0,1,0,1,1,3,0,2,0,0,Medium,2.75,21.06,0.17857142857142858,1.0,0.4580000000000001
14,62,1,1,1,6.0,78,1,1,0,2,1,0,2,2,0,1,0,1,Low,5.2,8.68,0.4,1.25,0.4620000000000001
21,61,0,1,0,7.0,58,1,1,1,1,0,0,0,3,0,0,0,1,Low,2.6363636363636362,12.81,0.3181818181818182,0.75,0.4195
26,65,2,0,0,7.0,74,1,1,2,0,1,0,0,4,0,0,0,1,Low,2.740740740740741,16.9,0.25925925925925924,0.75,0.5209999999999999
23,86,1,1,0,8.0,91,1,1,0,0,1,0,0,0,0,0,0,0,Medium,3.7916666666666665,19.78,0.3333333333333333,0.75,0.514
21,83,1,0,0,5.0,75,0,1,1,1,1,0,0,4,0,1,0,0,Low,3.409090909090909,17.43,0.22727272727272727,0.75,0.3375
26,82,0,2,0,7.0,60,1,0,3,0,1,0,1,3,0,2,0,1,Medium,2.2222222222222223,21.32,0.25925925925925924,0.5,0.5025
4,61,0,2,1,7.0,71,2,1,0,0,0,0,2,1,0,2,0,0,Low,14.2,2.44,1.4,0.75,0.584
24,79,0,2,1,5.0,88,1,1,0,1,1,0,1,3,0,0,1,1,Medium,3.52,18.96,0.2,1.0,0.502
16,97,1,1,1,8.0,57,0,1,0,1,1,0,2,4,1,0,0,0,Medium,3.3529411764705883,15.52,0.47058823529411764,1.0,0.22799999999999998
9,76,1,1,1,7.0,79,1,1,1,0,1,0,1,3,0,0,0,1,Low,7.9,6.84,0.7,0.75,0.5035000000000001
23,85,0,2,0,7.0,98,2,0,2,0,1,0,0,3,0,2,1,1,Medium,4.083333333333333,19.55,0.2916666666666667,0.5,0.7669999999999999
28,91,1,2,1,6.0,69,2,1,1,1,2,1,1,4,0,0,2,0,High,2.3793103448275863,25.48,0.20689655172413793,1.25,0.6134999999999999
19,91,2,0,0,6.0,52,1,1,2,0,1,0,0,4,1,0,1,0,Low,2.6,17.29,0.3,0.75,0.433
26,81,0,1,1,5.0,82,1,1,0,1,1,0,0,5,1,2,0,1,Medium,3.037037037037037,21.06,0.18518518518518517,0.75,0.478
30,94,1,1,0,8.0,52,1,1,1,1,0,0,1,4,0,0,0,1,High,1.6774193548387097,28.2,0.25806451612903225,1.0,0.39549999999999996
28,76,1,1,1,9.0,60,1,1,1,0,1,0,1,2,0,0,2,0,Low,2.0689655172413794,21.28,0.3103448275862069,0.75,0.4275
30,96,2,1,1,10.0,52,1,1,0,2,2,0,2,4,0,1,1,1,High,1.6774193548387097,28.8,0.3225806451612903,1.5,0.358
24,70,1,2,0,8.0,59,0,1,2,0,2,0,2,5,0,0,0,0,Medium,2.36,16.8,0.32,1.0,0.311
20,71,2,1,0,6.0,93,2,1,2,1,2,0,0,2,0,2,0,0,Medium,4.428571428571429,14.2,0.2857142857142857,1.25,0.747
10,62,1,1,0,6.0,87,2,1,2,0,2,0,1,3,0,0,0,0,Low,7.909090909090909,6.2,0.5454545454545454,0.75,0.723
19,92,1,2,0,8.0,67,1,1,2,1,1,1,0,2,0,0,0,1,Medium,3.35,17.48,0.4,1.25,0.49300000000000005
15,77,0,1,1,7.0,95,0,1,4,0,1,0,2,4,0,0,1,0,Low,5.9375,11.55,0.4375,0.5,0.53
33,69,1,2,1,7.0,83,1,1,2,1,0,0,1,2,0,2,0,0,High,2.4411764705882355,22.77,0.20588235294117646,1.25,0.5569999999999999
19,69,1,0,0,7.0,72,1,1,1,0,0,0,2,2,0,0,2,1,Low,3.6,13.11,0.35,0.5,0.4754999999999999
21,96,1,2,1,9.0,53,1,1,0,0,2,0,1,3,0,1,0,0,High,2.409090909090909,20.16,0.4090909090909091,1.0,0.362
23,93,1,0,0,6.0,87,1,1,2,1,1,1,1,3,0,0,1,0,High,3.625,21.39,0.25,0.75,0.573
20,82,1,2,1,9.0,69,0,1,1,1,1,0,2,3,0,1,0,0,Medium,3.2857142857142856,16.4,0.42857142857142855,1.25,0.31349999999999995
30,85,2,0,1,7.0,65,2,1,2,0,1,0,0,3,0,0,0,1,High,2.096774193548387,25.5,0.22580645161290322,0.75,0.635
16,79,2,1,1,6.0,64,1,1,4,0,0,0,2,4,1,1,0,0,Medium,3.764705882352941,12.64,0.35294117647058826,1.0,0.556
21,76,0,1,0,6.0,50,0,1,2,0,1,0,0,4,0,2,1,1,Low,2.272727272727273,15.96,0.2727272727272727,0.5,0.275
16,97,1,1,0,7.0,87,1,1,1,2,1,0,1,3,0,0,0,1,High,5.117647058823529,15.52,0.4117647058823529,1.25,0.5355
12,65,1,1,0,8.0,57,1,1,1,2,2,1,2,5,1,0,0,1,Low,4.384615384615385,7.8,0.6153846153846154,1.25,0.4155
16,77,0,2,1,6.0,76,0,1,1,0,1,0,1,1,0,2,1,1,Low,4.470588235294118,12.32,0.35294117647058826,0.75,0.3415
20,74,1,1,1,8.0,51,2,1,2,1,1,0,0,3,0,1,0,0,Low,2.4285714285714284,14.8,0.38095238095238093,1.0,0.579
17,80,1,1,0,6.0,81,1,1,1,1,2,0,1,1,0,1,2,0,Low,4.5,13.6,0.3333333333333333,1.0,0.5115000000000001
16,78,1,0,1,7.0,68,2,1,3,0,2,1,2,3,0,2,2,1,Low,4.0,12.48,0.4117647058823529,0.5,0.6845000000000001
12,81,2,2,1,5.0,82,0,1,1,1,2,0,2,3,0,0,2,1,Low,6.3076923076923075,9.72,0.38461538461538464,1.5,0.3655
20,66,0,1,1,8.0,54,1,1,2,1,0,0,2,2,0,2,0,0,Low,2.5714285714285716,13.2,0.38095238095238093,0.75,0.441
11,81,0,2,1,7.0,63,1,1,3,1,1,0,1,2,0,2,0,0,Low,5.25,8.91,0.5833333333333334,1.0,0.5145
25,70,1,1,1,9.0,56,2,1,0,0,1,0,2,1,0,0,2,0,Low,2.1538461538461537,17.5,0.34615384615384615,0.75,0.524
20,67,2,0,0,8.0,82,1,1,3,0,2,0,1,4,1,0,0,0,Low,3.9047619047619047,13.4,0.38095238095238093,0.75,0.5905
11,63,2,1,0,7.0,55,0,1,3,2,1,1,2,1,0,2,0,0,Low,4.583333333333333,6.93,0.5833333333333334,1.5,0.3325
18,91,0,2,1,9.0,81,2,1,4,2,1,0,1,5,0,0,1,0,High,4.2631578947368425,16.38,0.47368421052631576,1.25,0.7740000000000001
15,77,1,1,1,8.0,57,0,1,1,0,1,0,1,2,0,1,0,0,Low,3.5625,11.55,0.5,0.75,0.26549999999999996
22,85,1,2,0,9.0,97,2,1,0,1,2,0,0,3,0,1,1,0,High,4.217391304347826,18.7,0.391304347826087,1.25,0.688
28,89,1,0,1,6.0,71,0,1,2,0,1,1,1,4,0,1,1,0,High,2.4482758620689653,24.92,0.20689655172413793,0.5,0.359
9,87,1,1,0,8.0,56,1,1,1,1,2,0,2,3,0,1,1,1,Low,5.6,7.83,0.8,1.0,0.4115
21,79,2,2,1,8.0,52,1,1,1,0,1,0,1,3,1,0,0,1,Low,2.3636363636363638,16.59,0.36363636363636365,1.25,0.39549999999999996
19,76,1,0,1,5.0,66,1,1,2,1,1,1,2,4,0,1,0,1,Low,3.3,14.44,0.25,0.75,0.48900000000000005
24,75,1,0,0,9.0,95,2,1,0,1,2,0,2,2,0,1,0,0,Medium,3.8,18.0,0.36,0.75,0.6799999999999999
21,86,2,2,0,5.0,57,1,1,1,0,1,1,0,3,0,0,0,0,Medium,2.590909090909091,18.06,0.22727272727272727,1.25,0.4155
15,80,2,1,1,5.0,90,1,1,4,1,2,1,1,3,0,0,0,1,Medium,5.625,12.0,0.3125,1.25,0.66
18,94,1,1,1,4.0,71,1,1,3,2,0,0,2,3,0,1,0,1,High,3.736842105263158,16.92,0.21052631578947367,1.25,0.5465
15,95,1,1,1,8.0,90,0,1,2,0,1,1,0,1,0,2,0,0,Medium,5.625,14.25,0.5,0.75,0.43500000000000005
26,67,1,2,1,5.0,94,1,1,0,1,1,0,2,2,0,1,0,0,Medium,3.4814814814814814,17.42,0.18518518518518517,1.25,0.526
20,65,1,2,1,6.0,100,1,1,2,0,2,0,1,5,0,0,1,0,Medium,4.761904761904762,13.0,0.2857142857142857,1.0,0.625
31,85,2,1,0,8.0,53,1,1,2,0,2,0,2,3,0,0,0,0,High,1.65625,26.35,0.25,1.0,0.437
20,72,2,1,1,7.0,90,2,1,2,1,1,0,1,3,0,0,0,0,Medium,4.285714285714286,14.4,0.3333333333333333,1.25,0.735
16,61,2,1,1,6.0,53,0,1,0,2,1,0,2,4,1,0,1,1,Low,3.1176470588235294,9.76,0.35294117647058826,1.5,0.21200000000000002
11,96,1,2,0,5.0,66,2,1,2,0,1,0,1,4,0,0,1,0,Medium,5.5,10.56,0.4166666666666667,1.0,0.639
9,69,2,1,1,7.0,82,2,1,1,2,2,0,2,2,0,0,0,1,Low,8.2,6.21,0.7,1.5,0.6655
10,97,0,2,0,8.0,72,2,1,0,0,1,0,1,3,0,2,1,1,Medium,6.545454545454546,9.7,0.7272727272727273,0.75,0.588
22,89,0,1,0,8.0,78,0,1,4,2,1,1,2,3,0,0,0,1,High,3.391304347826087,19.58,0.34782608695652173,1.0,0.4620000000000001
23,91,1,0,1,10.0,98,2,1,0,0,2,1,0,3,0,0,0,1,High,4.083333333333333,20.93,0.4166666666666667,0.5,0.692
11,68,1,1,0,6.0,91,0,1,3,0,2,0,0,2,0,1,2,1,Low,7.583333333333333,7.48,0.5,0.75,0.47650000000000003
25,69,2,0,1,5.0,68,1,1,2,2,2,0,2,4,0,1,2,0,Medium,2.6153846153846154,17.25,0.19230769230769232,1.25,0.49700000000000005
17,81,1,2,0,7.0,80,2,1,1,0,1,0,0,3,0,2,0,1,Medium,4.444444444444445,13.77,0.3888888888888889,1.0,0.6575000000000001
21,67,1,2,0,7.0,52,1,1,3,0,1,0,0,3,1,0,1,1,Low,2.3636363636363638,14.07,0.3181818181818182,1.0,0.4705
30,72,1,0,0,7.0,73,1,1,0,2,1,0,1,4,0,0,1,0,Low,2.3548387096774195,21.6,0.22580645161290322,1.0,0.44199999999999995
25,73,2,1,1,6.0,80,1,1,3,2,1,0,2,2,0,0,2,1,Medium,3.076923076923077,18.25,0.23076923076923078,1.5,0.5825
18,66,1,2,1,4.0,86,1,1,2,1,1,0,0,4,0,1,0,1,Low,4.526315789473684,11.88,0.21052631578947367,1.25,0.569
15,68,1,1,1,5.0,95,1,1,0,2,1,0,0,5,0,1,0,1,Low,5.9375,10.2,0.3125,1.25,0.53
7,92,2,1,0,8.0,64,2,1,1,0,0,0,1,4,0,2,0,0,Low,8.0,6.44,1.0,1.0,0.5935
16,67,1,1,0,7.0,95,0,1,2,1,1,0,1,5,1,0,0,0,Low,5.588235294117647,10.72,0.4117647058823529,1.0,0.455
19,61,0,2,1,8.0,83,0,1,1,1,1,1,0,3,0,0,0,0,Low,4.15,11.59,0.4,1.0,0.3695
14,85,1,1,1,8.0,54,0,1,1,2,1,1,0,4,0,2,1,0,Low,3.6,11.9,0.5333333333333333,1.25,0.2535
19,99,0,2,0,8.0,69,0,1,0,2,1,1,0,2,0,0,1,0,Medium,3.45,18.81,0.4,1.25,0.27599999999999997
20,73,2,2,1,8.0,74,0,1,1,0,0,1,0,4,0,0,1,0,Low,3.5238095238095237,14.6,0.38095238095238093,1.25,0.33349999999999996
19,65,1,2,1,7.0,68,0,1,1,0,0,0,1,4,0,1,0,1,Low,3.4,12.35,0.35,1.0,0.3095
16,83,2,2,1,7.0,56,1,1,3,1,1,0,0,2,0,0,0,0,Medium,3.2941176470588234,13.28,0.4117647058823529,1.5,0.4865
21,96,1,2,1,4.0,78,0,1,2,2,1,1,2,2,0,0,0,0,High,3.5454545454545454,20.16,0.18181818181818182,1.5,0.38700000000000007
23,91,2,0,0,6.0,57,1,1,2,0,1,1,2,3,0,0,0,0,Medium,2.375,20.93,0.25,0.75,0.453
13,85,0,1,0,6.0,96,0,1,1,0,2,0,2,5,0,2,2,0,Low,6.857142857142857,11.05,0.42857142857142855,0.5,0.4215
28,73,0,0,1,7.0,93,2,1,2,0,2,1,1,3,0,1,0,0,Medium,3.206896551724138,20.44,0.2413793103448276,0.25,0.747
19,82,0,0,0,6.0,74,1,1,1,1,2,0,1,2,0,0,1,0,Low,3.7,15.58,0.3,0.5,0.48349999999999993
20,64,1,0,1,8.0,53,0,1,1,0,1,0,2,2,0,0,0,0,Low,2.5238095238095237,12.8,0.38095238095238093,0.5,0.24950000000000003
24,87,0,1,0,6.0,78,2,1,0,0,0,0,1,2,1,2,0,0,Medium,3.12,20.88,0.24,0.5,0.6120000000000001
21,89,1,0,1,9.0,80,1,1,0,1,0,0,1,3,0,2,1,0,Medium,3.6363636363636362,18.69,0.4090909090909091,0.75,0.4700000000000001
26,99,1,1,0,6.0,94,2,1,2,1,1,0,2,3,0,0,0,0,High,3.4814814814814814,25.74,0.2222222222222222,1.0,0.7509999999999999
22,70,1,2,1,6.0,53,1,1,3,1,2,0,2,2,0,0,0,1,Medium,2.3043478260869565,15.4,0.2608695652173913,1.25,0.4745
16,61,1,2,1,6.0,85,1,1,2,1,1,1,2,3,0,0,0,0,Low,5.0,9.76,0.35294117647058826,1.25,0.565
22,82,0,2,0,6.0,78,1,1,3,1,2,0,1,3,0,0,1,0,Medium,3.391304347826087,18.04,0.2608695652173913,1.0,0.5745
13,88,2,1,1,9.0,59,1,1,0,0,1,1,0,3,1,0,2,1,Low,4.214285714285714,11.44,0.6428571428571429,1.0,0.386
21,92,1,1,0,7.0,56,1,1,0,0,1,1,1,4,0,0,1,1,Medium,2.5454545454545454,19.32,0.3181818181818182,0.75,0.374
20,68,2,1,1,7.0,85,1,1,1,1,1,0,1,3,0,1,2,0,Low,4.0476190476190474,13.6,0.3333333333333333,1.25,0.5275
19,70,1,1,1,6.0,67,1,1,5,1,0,0,2,4,0,2,1,1,Medium,3.35,13.3,0.3,1.0,0.6055
19,81,2,1,0,7.0,100,1,1,1,0,1,1,0,5,0,2,1,1,Medium,5.0,15.39,0.35,1.0,0.5875
9,73,1,0,1,7.0,95,1,0,3,0,1,1,0,3,0,2,0,0,Low,9.5,6.57,0.7,0.25,0.6425000000000001
17,94,2,1,1,7.0,78,1,1,1,0,2,0,1,3,0,1,0,1,High,4.333333333333333,15.98,0.3888888888888889,1.0,0.49950000000000006
21,79,0,2,1,7.0,82,1,1,1,2,1,0,0,3,0,0,0,1,Medium,3.727272727272727,16.59,0.3181818181818182,1.25,0.5155
21,92,2,2,1,9.0,58,1,1,2,2,1,0,1,5,0,0,1,1,High,2.6363636363636362,19.32,0.4090909090909091,1.75,0.457
14,83,2,1,1,7.0,95,0,1,1,0,1,1,1,2,1,0,0,1,Low,6.333333333333333,11.62,0.4666666666666667,1.0,0.4175
28,91,0,1,1,5.0,73,1,0,2,1,1,0,1,2,0,0,0,1,Medium,2.5172413793103448,25.48,0.1724137931034483,0.5,0.5169999999999999
15,73,1,1,0,7.0,76,2,1,2,0,1,0,2,4,0,0,2,1,Low,4.75,10.95,0.4375,0.75,0.679
26,93,2,0,0,6.0,94,1,1,6,2,1,1,0,4,0,0,0,1,High,3.4814814814814814,24.18,0.2222222222222222,1.25,0.751
23,71,1,2,0,8.0,50,1,1,0,2,1,0,2,2,0,0,2,1,Low,2.0833333333333335,16.33,0.3333333333333333,1.5,0.35
16,82,0,2,0,7.0,75,1,1,0,0,1,0,0,2,0,2,1,1,Low,4.411764705882353,13.12,0.4117647058823529,0.75,0.45000000000000007
31,69,1,0,1,9.0,81,1,1,2,1,1,1,0,2,0,1,0,0,Medium,2.53125,21.39,0.28125,0.75,0.549
13,79,0,0,1,6.0,58,2,1,2,1,1,0,2,4,0,1,1,0,Low,4.142857142857143,10.27,0.42857142857142855,0.5,0.607
26,73,2,1,1,7.0,53,0,1,3,1,2,1,1,5,0,0,1,1,Medium,1.962962962962963,18.98,0.25925925925925924,1.25,0.3245
26,71,0,1,1,5.0,77,0,1,0,1,1,0,1,5,0,2,0,0,Low,2.8518518518518516,18.46,0.18518518518518517,0.75,0.30800000000000005
16,99,0,2,1,7.0,77,2,1,0,0,1,0,1,3,1,0,1,1,Medium,4.529411764705882,15.84,0.4117647058823529,0.75,0.6080000000000001
28,66,1,2,0,5.0,67,1,1,1,2,1,1,2,1,0,2,1,1,Medium,2.310344827586207,18.48,0.1724137931034483,1.5,0.4555
18,91,1,1,0,7.0,94,1,1,3,0,1,1,1,2,0,0,0,1,Medium,4.947368421052632,16.38,0.3684210526315789,0.75,0.6385000000000001
22,99,2,0,0,7.0,65,1,1,3,0,0,0,1,3,0,2,0,1,High,2.8260869565217392,21.78,0.30434782608695654,0.75,0.5225
22,61,0,2,1,7.0,76,1,1,1,2,1,0,2,3,0,1,0,1,Low,3.3043478260869565,13.42,0.30434782608695654,1.25,0.49150000000000005
19,88,0,1,1,8.0,59,1,1,2,1,1,1,1,4,0,0,0,0,Medium,2.95,16.72,0.4,0.75,0.461
25,70,1,1,0,7.0,51,1,1,1,2,1,0,0,4,0,1,0,1,Low,1.9615384615384615,17.5,0.2692307692307692,1.25,0.39149999999999996
25,62,2,1,0,5.0,71,1,1,0,0,2,1,2,4,0,0,1,0,Low,2.730769230769231,15.5,0.19230769230769232,1.0,0.43399999999999994
10,76,1,0,0,6.0,76,1,1,1,2,2,0,0,2,0,2,0,0,High,6.909090909090909,7.6,0.5454545454545454,1.0,0.49150000000000005
28,97,1,1,1,7.0,88,2,1,2,1,1,0,1,2,0,0,1,0,High,3.0344827586206895,27.16,0.2413793103448276,1.0,0.727
10,60,1,1,0,7.0,72,0,0,3,1,0,0,2,3,0,0,0,0,Low,6.545454545454546,6.0,0.6363636363636364,0.75,0.40049999999999997
26,84,1,1,0,7.0,64,0,1,2,2,2,0,1,3,0,0,0,0,Medium,2.3703703703703702,21.84,0.25925925925925924,1.25,0.331
27,80,1,0,1,9.0,80,1,1,0,2,1,0,1,2,1,0,1,0,Low,2.857142857142857,21.6,0.32142857142857145,1.0,0.4700000000000001
13,95,1,1,1,7.0,69,1,1,1,0,0,0,2,2,1,2,1,1,Low,4.928571428571429,12.35,0.5,0.75,0.4634999999999999
18,63,2,2,0,8.0,62,1,1,2,2,1,0,2,4,0,0,0,1,Low,3.263157894736842,11.34,0.42105263157894735,1.75,0.47300000000000003
13,87,2,1,1,4.0,96,0,1,3,0,0,0,1,3,1,1,0,0,Medium,6.857142857142857,11.31,0.2857142857142857,1.0,0.4965
19,87,2,1,0,8.0,77,0,1,3,0,1,1,1,4,0,0,1,0,Medium,3.85,16.53,0.4,1.0,0.42050000000000004
18,87,1,0,1,10.0,60,2,1,2,1,1,0,2,3,0,0,0,1,Medium,3.1578947368421053,15.66,0.5263157894736842,0.75,0.615
25,98,1,1,1,9.0,84,1,1,1,1,2,1,1,2,0,2,0,1,High,3.230769230769231,24.5,0.34615384615384615,1.0,0.5235
28,93,0,2,1,6.0,90,1,1,1,0,1,0,2,2,1,0,0,1,High,3.103448275862069,26.04,0.20689655172413793,0.75,0.5475
28,62,2,1,1,10.0,88,1,1,0,0,2,0,2,2,1,2,1,0,Medium,3.0344827586206895,17.36,0.3448275862068966,1.0,0.502
17,79,1,1,1,7.0,80,0,1,1,2,2,0,2,3,0,1,0,1,Medium,4.444444444444445,13.43,0.3888888888888889,1.25,0.35750000000000004
19,76,2,0,0,7.0,76,1,1,0,2,2,0,1,2,0,2,0,0,Low,3.8,14.44,0.35,1.25,0.45400000000000007
10,72,1,0,0,7.0,89,1,1,3,1,1,0,0,4,0,1,0,1,Low,8.090909090909092,7.2,0.6363636363636364,0.75,0.6185
15,78,2,2,0,7.0,85,1,0,1,2,1,0,0,1,0,0,2,0,Low,5.3125,11.7,0.4375,1.5,0.5275
26,75,1,0,1,4.0,79,1,1,2,2,1,0,0,1,0,1,0,0,Medium,2.925925925925926,19.5,0.14814814814814814,1.0,0.541
30,77,1,0,1,8.0,83,1,1,1,0,0,0,2,3,0,1,0,0,Medium,2.6774193548387095,23.1,0.25806451612903225,0.5,0.5195
13,99,1,1,1,7.0,58,1,1,1,0,1,0,1,2,0,0,0,0,Medium,4.142857142857143,12.87,0.5,0.75,0.4195
16,64,2,1,1,7.0,51,2,1,4,2,2,0,1,3,0,1,0,0,Low,3.0,10.24,0.4117647058823529,1.5,0.654
20,97,2,2,1,7.0,97,0,1,2,1,2,1,1,4,0,0,1,1,High,4.619047619047619,19.4,0.3333333333333333,1.5,0.463
22,79,2,1,0,6.0,97,1,0,2,2,1,0,2,2,0,1,1,1,Medium,4.217391304347826,17.38,0.2608695652173913,1.25,0.613
15,85,0,1,1,7.0,89,2,1,0,1,1,0,0,4,0,1,1,1,Low,5.5625,12.75,0.4375,0.75,0.656
23,93,2,0,1,9.0,69,0,1,0,1,1,1,2,3,1,2,1,0,Medium,2.875,21.39,0.375,1.0,0.27599999999999997
17,74,1,1,1,8.0,58,0,1,1,2,1,0,1,2,0,1,2,0,Low,3.2222222222222223,12.58,0.4444444444444444,1.25,0.26949999999999996
20,77,1,0,1,7.0,68,1,0,0,1,2,1,2,3,0,1,0,1,Low,3.238095238095238,15.4,0.3333333333333333,0.5,0.42200000000000004
23,76,0,1,0,7.0,86,0,0,1,0,1,1,2,4,0,1,2,0,Low,3.5833333333333335,17.48,0.2916666666666667,0.25,0.3815
20,75,0,1,0,7.0,67,2,1,0,1,1,1,1,4,0,0,0,0,Low,3.1904761904761907,15.0,0.3333333333333333,0.75,0.5680000000000001
17,97,0,2,1,6.0,90,0,1,2,1,0,0,0,2,0,0,1,0,Medium,5.0,16.49,0.3333333333333333,1.0,0.43500000000000005
19,93,2,2,0,7.0,84,1,1,5,0,2,0,0,3,0,0,0,1,High,4.2,17.67,0.35,1.25,0.6735
19,64,1,1,1,8.0,81,2,1,1,1,1,0,0,3,1,0,1,0,Low,4.05,12.16,0.4,1.0,0.6615000000000001
18,64,0,0,1,7.0,97,0,1,2,1,0,1,1,4,0,1,0,0,Low,5.105263157894737,11.52,0.3684210526315789,0.5,0.463
18,77,1,1,1,6.0,95,2,1,0,1,2,1,2,2,0,2,1,1,Medium,5.0,13.86,0.3157894736842105,1.0,0.6799999999999999
30,64,1,1,0,7.0,86,0,1,1,1,1,1,2,3,0,2,2,1,Low,2.774193548387097,19.2,0.22580645161290322,1.0,0.3815
23,85,0,2,1,8.0,60,2,1,2,1,1,0,2,1,1,1,1,1,Medium,2.5,19.55,0.3333333333333333,1.0,0.615
18,66,0,2,1,5.0,97,1,1,4,1,1,0,1,4,0,0,1,0,Low,5.105263157894737,11.88,0.2631578947368421,1.0,0.6880000000000001
24,81,0,1,1,6.0,61,0,1,3,1,1,0,2,3,0,2,0,0,Medium,2.44,19.44,0.24,0.75,0.3565
18,60,1,1,1,5.0,69,1,1,0,1,1,0,1,2,0,2,0,1,Low,3.6315789473684212,10.8,0.2631578947368421,1.0,0.42599999999999993
27,73,0,1,0,7.0,91,1,1,2,2,1,0,1,4,0,1,2,1,Medium,3.25,19.71,0.25,1.0,0.589
22,87,1,1,0,8.0,60,0,1,2,1,2,0,0,2,0,1,1,0,Medium,2.608695652173913,19.14,0.34782608695652173,1.0,0.315
19,79,0,1,0,9.0,82,1,1,1,0,1,1,1,4,0,0,0,0,Low,4.1,15.01,0.45,0.5,0.5155
23,99,0,1,0,9.0,73,1,1,0,0,1,0,0,4,0,1,0,0,Medium,3.0416666666666665,22.77,0.375,0.5,0.44199999999999995
11,95,1,1,0,6.0,81,2,1,2,0,0,0,2,3,0,0,0,0,Medium,6.75,10.45,0.5,0.75,0.6990000000000001
13,74,0,0,1,7.0,98,2,1,0,1,1,0,2,3,0,2,0,1,Low,7.0,9.62,0.5,0.5,0.692
13,62,0,1,1,6.0,90,1,0,3,2,2,1,1,3,1,2,0,1,Low,6.428571428571429,8.06,0.42857142857142855,0.75,0.6225
21,94,1,1,1,9.0,65,0,1,5,2,2,1,1,3,1,0,0,0,High,2.9545454545454546,19.74,0.4090909090909091,1.25,0.4475
30,96,1,2,1,9.0,53,1,0,0,1,1,1,1,3,0,0,0,0,High,1.7096774193548387,28.8,0.2903225806451613,1.0,0.362
33,93,2,2,1,7.0,98,0,1,0,1,1,0,0,2,1,0,0,1,High,2.8823529411764706,30.69,0.20588235294117646,1.5,0.392
24,65,0,2,0,6.0,79,0,1,1,1,2,0,1,2,0,2,0,0,Low,3.16,15.6,0.24,1.0,0.35350000000000004
23,100,2,0,1,4.0,59,1,1,2,1,1,0,2,4,0,0,0,1,High,2.4583333333333335,23.0,0.16666666666666666,1.0,0.461
9,70,2,1,0,5.0,81,1,1,1,2,2,1,1,4,0,2,0,1,Low,8.1,6.3,0.5,1.5,0.5115000000000001
17,89,2,1,1,4.0,52,2,1,0,0,1,0,2,3,0,1,2,1,Medium,2.888888888888889,15.13,0.2222222222222222,1.0,0.508
15,96,1,2,1,5.0,59,2,1,2,1,2,1,1,2,0,0,0,0,High,3.6875,14.4,0.3125,1.25,0.611
16,69,2,1,1,10.0,82,1,1,0,0,2,0,0,1,1,0,1,0,Low,4.823529411764706,11.04,0.5882352941176471,1.0,0.478
19,96,0,0,1,5.0,70,2,1,0,0,1,0,2,2,0,0,2,0,Low,3.5,18.24,0.25,0.25,0.58
17,72,0,1,1,5.0,66,1,1,2,2,2,0,0,3,0,1,0,0,Low,3.6666666666666665,12.24,0.2777777777777778,1.0,0.48900000000000005
8,99,0,2,1,6.0,83,2,1,2,1,2,0,2,4,1,2,0,0,High,9.222222222222221,7.92,0.6666666666666666,1.0,0.707
24,71,2,2,1,10.0,93,0,1,2,1,1,1,2,2,1,1,0,1,Medium,3.72,17.04,0.4,1.5,0.44700000000000006
14,98,1,1,1,7.0,84,0,1,3,2,1,0,1,3,0,0,0,1,High,5.6,13.72,0.4666666666666667,1.25,0.4485
21,62,2,2,0,8.0,73,1,1,2,2,1,1,0,2,0,1,0,1,Low,3.3181818181818183,13.02,0.36363636363636365,1.75,0.5169999999999999
32,88,1,0,1,7.0,83,0,1,1,0,2,1,2,4,0,2,0,0,High,2.515151515151515,28.16,0.21212121212121213,0.5,0.3695
14,81,2,1,0,4.0,85,0,1,3,1,2,0,2,4,0,2,1,1,Medium,5.666666666666667,11.34,0.26666666666666666,1.25,0.4525
5,79,2,2,1,9.0,89,0,1,3,1,1,1,1,3,0,1,0,1,Low,14.833333333333334,3.95,1.5,1.5,0.4685
18,69,2,1,1,8.0,65,1,1,4,1,1,0,1,4,0,0,2,0,Low,3.4210526315789473,12.42,0.42105263157894735,1.25,0.56
27,88,1,0,0,7.0,56,2,1,2,0,1,0,1,4,0,2,0,1,High,2.0,23.76,0.25,0.5,0.599
32,68,2,2,0,10.0,84,1,1,0,1,2,1,2,2,0,2,2,0,High,2.5454545454545454,21.76,0.30303030303030304,1.5,0.486
13,82,2,1,0,6.0,56,2,1,2,0,2,0,1,4,0,2,0,0,Medium,4.0,10.66,0.42857142857142855,1.0,0.599
23,70,1,2,1,7.0,73,2,1,1,0,1,1,2,3,0,2,0,0,Medium,3.0416666666666665,16.1,0.2916666666666667,1.0,0.6295
17,98,1,0,1,6.0,62,0,1,1,1,1,1,1,2,0,1,0,1,Medium,3.4444444444444446,16.66,0.3333333333333333,0.75,0.2855
19,61,2,1,0,9.0,67,1,1,0,0,1,0,0,2,0,1,2,1,Low,3.35,11.59,0.45,1.0,0.41800000000000004
36,68,1,1,1,8.0,74,2,1,2,1,1,0,0,3,0,0,0,0,High,2.0,24.48,0.21621621621621623,1.0,0.6709999999999999
11,70,2,2,0,7.0,95,2,1,0,0,2,0,0,5,0,1,1,0,Low,7.916666666666667,7.7,0.5833333333333334,1.25,0.6799999999999999
22,77,0,1,1,5.0,84,1,0,3,2,1,0,2,2,0,0,1,0,Low,3.652173913043478,16.94,0.21739130434782608,0.75,0.5985
23,69,1,1,1,6.0,59,1,1,3,2,1,0,1,3,0,2,1,0,Medium,2.4583333333333335,15.87,0.25,1.25,0.4985
27,80,0,0,1,5.0,94,2,1,3,2,1,0,0,3,0,0,0,0,Medium,3.357142857142857,21.6,0.17857142857142858,0.75,0.7885
21,95,1,2,0,9.0,75,1,1,1,0,1,0,1,2,0,1,2,0,Medium,3.409090909090909,19.95,0.4090909090909091,1.0,0.48750000000000004
22,88,1,1,1,5.0,60,0,1,1,0,1,0,1,2,0,0,1,0,Medium,2.608695652173913,19.36,0.21739130434782608,0.75,0.27749999999999997
18,83,2,0,0,9.0,76,1,1,0,1,0,1,1,4,0,0,0,1,Low,4.0,14.94,0.47368421052631576,1.0,0.45400000000000007
22,64,0,1,1,9.0,60,1,1,1,2,2,1,1,2,0,0,0,0,Low,2.608695652173913,14.08,0.391304347826087,1.0,0.4275
18,88,2,1,0,6.0,68,0,1,0,1,2,0,1,4,0,0,2,1,Medium,3.5789473684210527,15.84,0.3157894736842105,1.25,0.272
24,67,2,0,1,6.0,90,1,1,0,0,1,0,1,1,0,1,2,0,Low,3.6,16.08,0.24,0.75,0.51
18,91,1,0,0,6.0,83,1,1,2,0,1,1,1,4,0,0,0,0,Medium,4.368421052631579,16.38,0.3157894736842105,0.5,0.5569999999999999
22,70,1,2,1,8.0,74,0,1,2,0,2,0,0,2,0,0,1,0,Low,3.217391304347826,15.4,0.34782608695652173,1.0,0.371
20,77,1,0,0,9.0,61,1,1,2,1,1,0,1,3,0,0,0,0,Low,2.9047619047619047,15.4,0.42857142857142855,0.75,0.46900000000000003
27,74,1,0,1,9.0,64,2,0,1,0,1,0,1,3,0,0,0,0,Low,2.2857142857142856,19.98,0.32142857142857145,0.25,0.5935
20,94,0,1,1,6.0,99,1,1,0,1,1,0,0,4,0,1,0,1,High,4.714285714285714,18.8,0.2857142857142857,0.75,0.546
9,65,1,2,1,9.0,67,1,1,1,2,1,0,1,3,0,0,0,1,Low,6.7,5.85,0.9,1.5,0.4555
28,83,2,0,0,9.0,81,1,1,0,0,1,0,1,4,0,0,1,0,Medium,2.793103448275862,23.24,0.3103448275862069,0.75,0.4740000000000001
15,66,0,2,1,7.0,75,0,1,0,2,2,0,0,3,0,1,0,0,Low,4.6875,9.9,0.4375,1.25,0.30000000000000004
16,88,1,2,1,7.0,51,1,1,0,1,1,0,2,3,0,1,0,1,Medium,3.0,14.08,0.4117647058823529,1.25,0.354
16,96,2,1,1,9.0,97,1,1,0,1,2,1,1,5,0,1,0,0,High,5.705882352941177,15.36,0.5294117647058824,1.25,0.538
28,77,2,1,1,9.0,54,0,1,1,2,1,0,2,3,0,2,0,1,High,1.8620689655172413,21.56,0.3103448275862069,1.5,0.2535
7,80,2,1,0,9.0,83,0,0,3,1,1,0,1,3,0,0,2,1,Low,10.375,5.6,1.125,1.0,0.4445
39,97,2,2,1,10.0,91,1,1,2,0,1,0,2,3,0,0,1,1,High,2.275,37.83,0.25,1.25,0.589
26,81,1,2,1,8.0,87,1,1,2,2,2,0,1,1,0,2,0,0,High,3.2222222222222223,21.06,0.2962962962962963,1.5,0.573
21,80,2,2,1,7.0,90,2,1,1,0,0,0,0,2,0,1,2,0,Medium,4.090909090909091,16.8,0.3181818181818182,1.25,0.6975
20,83,2,1,1,9.0,87,0,1,0,2,1,0,1,2,0,0,0,0,Medium,4.142857142857143,16.6,0.42857142857142855,1.5,0.34800000000000003
22,88,1,1,1,10.0,72,1,1,2,0,2,0,1,2,0,0,1,1,Medium,3.130434782608696,19.36,0.43478260869565216,0.75,0.5129999999999999
23,64,1,0,1,6.0,95,2,1,1,0,1,0,2,2,1,1,2,1,Low,3.9583333333333335,14.72,0.25,0.5,0.7174999999999999
24,93,1,1,1,7.0,96,1,0,5,2,1,0,0,4,0,2,0,1,High,3.84,22.32,0.28,1.0,0.7215
23,77,1,1,1,5.0,72,1,1,2,2,2,0,0,5,0,1,1,1,Medium,3.0,17.71,0.20833333333333334,1.25,0.5129999999999999
21,63,1,0,0,8.0,74,1,1,0,0,1,0,0,3,0,0,0,1,Low,3.3636363636363638,13.23,0.36363636363636365,0.5,0.44599999999999995
19,91,1,0,1,8.0,74,0,1,4,1,1,0,1,2,1,2,0,1,Medium,3.7,17.29,0.4,0.75,0.44599999999999995
19,75,1,0,0,6.0,64,2,1,2,0,1,0,1,3,0,0,0,1,Low,3.2,14.25,0.3,0.5,0.631
19,64,1,1,1,9.0,56,0,1,2,0,1,0,2,4,0,2,2,1,Low,2.8,12.16,0.45,0.75,0.29900000000000004
27,85,0,2,0,6.0,63,0,1,1,0,1,0,0,2,0,1,0,0,Medium,2.25,22.95,0.21428571428571427,0.75,0.2895
24,95,2,1,1,6.0,92,1,1,2,0,1,0,1,3,0,0,2,0,High,3.68,22.8,0.24,1.0,0.593
2,96,0,2,1,9.0,77,1,1,3,1,1,0,1,2,0,0,2,1,Low,25.666666666666668,1.92,3.0,1.0,0.5705
24,98,0,0,0,6.0,93,0,0,2,0,0,0,2,4,0,1,0,0,Medium,3.72,23.52,0.24,0.0,0.44700000000000006
21,95,1,0,0,5.0,87,0,1,2,1,1,1,1,4,0,0,0,0,High,3.9545454545454546,19.95,0.22727272727272727,0.75,0.42300000000000004
20,60,1,1,1,8.0,67,0,1,1,1,1,0,1,4,0,2,1,1,Low,3.1904761904761907,12.0,0.38095238095238093,1.0,0.3055
18,75,0,1,1,7.0,59,0,1,0,1,1,0,2,2,1,0,0,1,Low,3.1052631578947367,13.5,0.3684210526315789,0.75,0.236
27,93,1,1,1,9.0,78,0,1,1,0,1,0,2,2,0,2,0,1,High,2.7857142857142856,25.11,0.32142857142857145,0.75,0.34950000000000003
26,75,2,2,0,8.0,97,1,1,1,0,1,0,1,4,0,0,2,0,Medium,3.5925925925925926,19.5,0.2962962962962963,1.25,0.5755
15,84,1,1,0,4.0,92,0,1,2,1,1,0,0,3,0,0,1,1,Low,5.75,12.6,0.25,1.0,0.44300000000000006
22,84,1,1,1,9.0,88,1,1,2,0,2,1,1,4,0,2,0,0,High,3.8260869565217392,18.48,0.391304347826087,0.75,0.577
14,75,0,0,0,10.0,88,1,1,2,0,1,1,0,3,0,1,1,1,Low,5.866666666666666,10.5,0.6666666666666666,0.25,0.577
12,96,1,0,1,9.0,76,1,1,2,1,2,0,2,2,0,0,0,0,Medium,5.846153846153846,11.52,0.6923076923076923,0.75,0.529
16,80,2,0,0,9.0,58,0,1,0,1,1,0,1,2,0,0,0,1,Low,3.411764705882353,12.8,0.5294117647058824,1.0,0.23199999999999998
25,79,1,1,1,7.0,64,1,1,0,0,1,0,1,3,0,1,2,1,Low,2.4615384615384617,19.75,0.2692307692307692,0.75,0.406
26,100,2,1,1,6.0,79,2,1,1,1,2,0,2,3,0,1,1,0,High,2.925925925925926,26.0,0.2222222222222222,1.25,0.6535000000000001
23,80,1,0,1,7.0,66,2,1,1,2,2,1,2,4,0,1,0,1,Medium,2.75,18.4,0.2916666666666667,1.0,0.6015
24,67,2,1,0,8.0,89,1,1,2,2,0,1,2,3,0,0,0,1,Medium,3.56,16.08,0.32,1.5,0.581
23,81,2,1,0,8.0,69,1,1,5,1,1,0,0,2,0,0,1,0,Medium,2.875,18.63,0.3333333333333333,1.25,0.6134999999999999
16,93,2,0,0,6.0,56,1,1,2,0,1,0,2,4,0,0,0,0,Medium,3.2941176470588234,14.88,0.35294117647058826,0.75,0.449
23,91,2,1,1,6.0,89,1,1,3,1,1,1,0,3,0,2,0,0,High,3.7083333333333335,20.93,0.25,1.25,0.6185
25,92,1,2,1,5.0,85,0,1,1,0,1,0,0,1,0,1,0,0,High,3.269230769230769,23.0,0.19230769230769232,1.0,0.3775
25,88,2,1,1,8.0,63,1,1,2,2,1,0,2,3,0,0,1,1,High,2.423076923076923,22.0,0.3076923076923077,1.5,0.47700000000000004
27,70,1,1,0,6.0,99,2,1,2,0,1,1,1,2,0,0,0,1,Medium,3.5357142857142856,18.9,0.21428571428571427,0.75,0.7709999999999999
24,94,2,0,0,7.0,70,1,1,1,2,1,0,1,1,0,0,0,0,High,2.8,22.56,0.28,1.25,0.4674999999999999
22,96,0,2,1,10.0,84,0,1,1,2,2,0,0,3,0,0,0,0,High,3.652173913043478,21.12,0.43478260869565216,1.25,0.3735
26,68,1,2,0,8.0,96,2,1,1,1,2,0,1,2,0,0,0,0,Medium,3.5555555555555554,17.68,0.2962962962962963,1.25,0.7214999999999999
20,65,2,1,0,7.0,58,1,0,3,0,1,1,1,4,0,0,0,0,Low,2.761904761904762,13.0,0.3333333333333333,0.75,0.4945
15,99,0,1,1,8.0,94,1,1,2,1,1,1,1,3,0,2,0,0,High,5.875,14.85,0.5,0.75,0.601
19,95,1,1,1,9.0,85,1,0,2,0,1,0,0,3,0,1,0,0,Medium,4.25,18.05,0.45,0.5,0.565
16,96,2,1,1,5.0,58,1,1,2,2,0,0,2,5,0,2,1,0,High,3.411764705882353,15.36,0.29411764705882354,1.5,0.457
16,95,1,0,0,6.0,83,0,1,2,0,2,1,1,3,0,0,0,1,Medium,4.882352941176471,15.2,0.35294117647058826,0.5,0.40700000000000003
19,82,1,1,0,7.0,94,1,1,1,1,1,0,2,3,0,0,0,1,Medium,4.7,15.58,0.35,1.0,0.5635
15,86,1,0,0,6.0,90,1,1,0,1,2,0,1,3,0,2,2,0,Low,5.625,12.9,0.375,0.75,0.51
18,82,1,1,0,7.0,88,1,1,3,0,1,0,0,3,0,1,1,1,Medium,4.631578947368421,14.76,0.3684210526315789,0.75,0.6145
9,62,0,2,1,5.0,58,0,1,0,1,2,1,2,5,0,1,1,1,Low,5.8,5.58,0.5,1.0,0.23199999999999998
21,90,0,1,0,8.0,60,1,1,1,0,1,0,0,2,0,1,0,1,Low,2.727272727272727,18.9,0.36363636363636365,0.5,0.4275
20,80,0,0,0,6.0,77,0,1,0,1,2,1,0,3,0,0,0,0,Low,3.6666666666666665,16.0,0.2857142857142857,0.5,0.30800000000000005
15,86,1,1,0,7.0,79,1,1,1,0,1,0,1,3,1,0,1,1,Low,4.9375,12.9,0.4375,0.75,0.5035000000000001
24,80,1,2,1,7.0,97,1,1,0,0,2,1,1,4,0,0,1,1,Medium,3.88,19.2,0.28,1.0,0.538
26,80,2,0,0,8.0,73,2,1,1,1,1,0,1,3,0,0,0,0,Medium,2.7037037037037037,20.8,0.2962962962962963,1.0,0.6295
10,67,1,1,0,4.0,65,1,0,3,1,1,0,2,3,0,0,0,0,Low,5.909090909090909,6.7,0.36363636363636365,0.75,0.5225
15,71,2,2,0,8.0,60,1,1,0,0,2,1,0,3,0,0,2,1,Low,3.75,10.65,0.5,1.25,0.39
15,66,0,1,0,7.0,53,1,1,2,1,2,0,0,3,0,1,0,1,Low,3.3125,9.9,0.4375,0.75,0.437
14,68,1,1,1,8.0,53,2,1,1,1,2,1,2,2,0,1,0,1,Low,3.533333333333333,9.52,0.5333333333333333,1.0,0.5495
25,99,1,0,0,5.0,79,0,1,2,0,1,0,2,4,0,1,0,1,High,3.0384615384615383,24.75,0.19230769230769232,0.5,0.39100000000000007
19,66,2,2,1,8.0,59,1,1,1,1,0,0,2,2,0,2,1,1,Low,2.95,12.54,0.4,1.5,0.4235
18,71,2,2,1,9.0,93,1,1,1,0,2,1,1,4,0,1,1,0,Medium,4.894736842105263,12.78,0.47368421052631576,1.25,0.5595
8,84,2,2,0,7.0,80,1,1,1,2,2,0,2,4,0,0,1,0,Medium,8.88888888888889,6.72,0.7777777777777778,1.75,0.5075000000000001
24,84,0,2,1,6.0,93,2,1,2,0,1,0,1,1,0,0,0,1,High,3.72,20.16,0.24,0.75,0.747
13,66,2,1,1,6.0,71,1,1,3,1,1,0,1,3,0,0,0,0,Low,5.071428571428571,8.58,0.42857142857142855,1.25,0.5465
20,92,1,2,0,8.0,80,2,1,0,1,1,1,1,3,0,1,0,0,High,3.8095238095238093,18.4,0.38095238095238093,1.25,0.6200000000000001
22,91,2,1,1,8.0,76,0,1,2,1,1,0,1,3,0,1,1,1,High,3.3043478260869565,20.02,0.34782608695652173,1.25,0.37900000000000006
28,69,1,2,0,8.0,99,0,1,0,2,1,1,0,3,0,0,1,1,Medium,3.413793103448276,19.32,0.27586206896551724,1.5,0.396
12,72,1,0,1,7.0,90,1,1,0,2,1,0,2,3,0,2,2,0,Low,6.923076923076923,8.64,0.5384615384615384,1.0,0.51
2,98,0,2,1,7.0,80,2,1,2,0,2,0,1,1,0,0,0,0,Low,26.666666666666668,1.96,2.3333333333333335,0.75,0.6950000000000001
21,93,1,0,1,7.0,80,1,1,3,2,1,0,1,1,0,0,1,0,High,3.6363636363636362,19.53,0.3181818181818182,1.0,0.5825
31,88,1,0,0,6.0,62,1,1,2,0,1,1,2,4,0,0,0,0,High,1.9375,27.28,0.1875,0.5,0.47300000000000003
27,63,0,1,1,8.0,87,1,1,3,0,2,1,2,3,0,0,0,1,Medium,3.107142857142857,17.01,0.2857142857142857,0.5,0.6105
21,77,0,1,0,7.0,99,2,1,3,1,2,0,1,3,0,2,0,0,Medium,4.5,16.17,0.3181818181818182,0.75,0.8085
17,82,2,0,0,9.0,56,0,1,3,2,1,0,2,2,0,0,0,1,Low,3.111111111111111,13.94,0.5,1.25,0.3365
25,67,1,2,0,9.0,82,1,1,1,1,1,0,2,3,0,2,2,1,Medium,3.1538461538461537,16.75,0.34615384615384615,1.25,0.5155
14,78,2,1,1,7.0,76,1,1,0,2,1,0,0,2,1,1,0,1,Low,5.066666666666666,10.92,0.4666666666666667,1.5,0.45400000000000007
23,84,2,2,1,8.0,93,1,1,1,2,1,0,2,3,0,2,2,0,High,3.875,19.32,0.3333333333333333,1.75,0.5595
23,73,2,2,0,6.0,50,1,1,1,1,1,0,2,3,0,1,0,0,Medium,2.0833333333333335,16.79,0.25,1.5,0.38749999999999996
26,91,2,1,1,7.0,57,0,1,3,1,1,0,0,3,0,1,0,0,High,2.111111111111111,23.66,0.25925925925925924,1.25,0.34049999999999997
37,94,2,1,1,8.0,52,2,1,1,0,1,1,2,3,0,2,0,0,High,1.368421052631579,34.78,0.21052631578947367,1.0,0.5455
22,73,1,0,1,5.0,58,1,1,4,0,1,0,2,3,1,1,0,1,Low,2.5217391304347827,16.06,0.21739130434782608,0.5,0.532
17,94,0,1,0,8.0,85,1,1,1,1,0,0,2,4,0,0,0,0,Medium,4.722222222222222,15.98,0.4444444444444444,0.75,0.5275
20,64,1,1,1,6.0,57,1,1,3,0,2,0,1,4,0,1,0,1,Low,2.7142857142857144,12.8,0.2857142857142857,0.75,0.4905
9,94,1,1,1,6.0,81,0,1,0,0,2,0,2,3,0,0,0,0,Low,8.1,8.46,0.6,0.75,0.32400000000000007
16,66,0,1,0,6.0,93,1,1,7,0,1,0,0,2,0,0,2,0,Low,5.470588235294118,10.56,0.35294117647058826,0.5,0.7845
18,63,1,0,0,7.0,52,1,1,2,2,2,0,2,3,0,2,1,1,Low,2.736842105263158,11.34,0.3684210526315789,1.0,0.433
17,86,1,1,1,5.0,51,1,1,2,0,1,1,1,2,0,2,1,0,Low,2.8333333333333335,14.62,0.2777777777777778,0.75,0.429
21,79,2,0,1,8.0,99,1,1,2,0,2,0,2,4,0,0,0,0,Medium,4.5,16.59,0.36363636363636365,0.75,0.621
15,96,1,2,1,7.0,84,2,1,3,1,0,0,2,1,0,2,0,0,High,5.25,14.4,0.4375,1.25,0.7484999999999999
27,75,1,0,1,10.0,57,1,1,3,2,0,0,0,3,0,0,0,0,Low,2.0357142857142856,20.25,0.35714285714285715,1.0,0.4905
20,71,1,1,1,7.0,65,1,0,2,1,1,0,0,4,0,0,1,1,Low,3.0952380952380953,14.2,0.3333333333333333,0.75,0.48500000000000004
20,80,1,0,1,8.0,99,0,1,0,0,2,1,2,3,0,0,0,0,Medium,4.714285714285714,16.0,0.38095238095238093,0.5,0.396
18,78,2,2,1,6.0,61,0,1,1,0,1,1,2,5,0,0,0,0,Medium,3.210526315789474,14.04,0.3157894736842105,1.25,0.2815
21,74,0,1,1,5.0,88,1,1,1,1,2,0,1,1,0,1,0,0,Low,4.0,15.54,0.22727272727272727,0.75,0.5395
25,88,1,0,1,8.0,62,0,1,2,0,1,0,1,2,0,0,0,1,Medium,2.3846153846153846,22.0,0.3076923076923077,0.5,0.323
15,90,1,1,0,5.0,70,1,1,0,1,1,1,1,2,0,0,1,0,Low,4.375,13.5,0.3125,1.0,0.42999999999999994
16,94,1,2,1,8.0,94,2,1,2,0,2,1,0,3,0,0,0,0,High,5.529411764705882,15.04,0.47058823529411764,1.0,0.7509999999999999
18,99,1,2,1,10.0,51,1,1,1,1,0,0,1,4,0,2,0,0,High,2.6842105263157894,17.82,0.5263157894736842,1.25,0.39149999999999996
12,71,1,1,1,8.0,65,1,1,1,1,2,1,1,2,0,0,1,0,Low,5.0,8.52,0.6153846153846154,1.0,0.4475
15,89,1,2,1,8.0,74,0,1,2,1,2,0,2,2,0,1,0,0,Medium,4.625,13.35,0.5,1.25,0.371
17,76,1,0,0,7.0,81,0,1,4,2,1,1,1,2,0,0,0,0,Low,4.5,12.92,0.3888888888888889,1.0,0.4740000000000001
25,87,2,0,0,6.0,51,0,1,3,1,1,0,1,3,0,2,0,0,High,1.9615384615384615,21.75,0.23076923076923078,1.0,0.3165
22,79,1,1,1,7.0,71,1,1,2,0,1,1,1,2,0,1,1,0,Low,3.0869565217391304,17.38,0.30434782608695654,0.75,0.5089999999999999
21,100,1,1,0,6.0,67,1,1,0,2,1,0,2,3,0,0,2,0,High,3.0454545454545454,21.0,0.2727272727272727,1.25,0.41800000000000004
25,89,1,2,0,5.0,51,0,1,2,1,2,1,0,2,0,2,1,1,High,1.9615384615384615,22.25,0.19230769230769232,1.25,0.279
19,98,0,2,1,7.0,68,1,1,1,0,1,1,1,4,0,0,1,1,Medium,3.4,18.62,0.35,0.75,0.4595
22,93,2,0,1,9.0,97,1,1,2,1,1,0,1,3,1,0,0,0,High,4.217391304347826,20.46,0.391304347826087,1.0,0.613
19,96,1,1,0,5.0,64,1,1,1,1,1,0,1,3,0,0,0,0,Medium,3.2,18.24,0.25,1.0,0.4435
22,93,2,1,0,9.0,79,1,1,2,1,2,0,2,2,0,2,0,1,High,3.4347826086956523,20.46,0.391304347826087,1.25,0.541
17,78,1,1,1,9.0,65,0,1,1,1,2,0,1,4,0,0,1,1,Low,3.611111111111111,13.26,0.5,1.0,0.2975
5,70,2,2,1,8.0,55,1,1,3,0,1,0,1,3,0,0,0,0,Low,9.166666666666666,3.5,1.3333333333333333,1.25,0.4825
19,75,1,2,0,8.0,64,1,1,2,2,0,0,0,5,0,2,1,1,Medium,3.2,14.25,0.4,1.5,0.48100000000000004
29,61,0,1,1,7.0,74,2,1,1,1,1,0,1,3,0,2,1,0,Low,2.466666666666667,17.69,0.23333333333333334,0.75,0.6335
26,81,0,1,0,7.0,65,0,1,1,1,1,0,1,3,0,0,2,0,Low,2.4074074074074074,21.06,0.25925925925925924,0.75,0.2975
26,80,1,2,1,6.0,81,1,1,0,1,1,0,1,2,0,1,0,1,High,3.0,20.8,0.2222222222222222,1.25,0.4740000000000001
27,81,1,1,1,7.0,97,0,1,1,1,1,0,1,2,0,1,0,1,High,3.4642857142857144,21.87,0.25,1.0,0.4255
21,99,1,2,1,7.0,53,1,1,0,1,0,0,1,4,0,2,0,1,High,2.409090909090909,20.79,0.3181818181818182,1.25,0.362
21,96,2,0,0,10.0,86,0,1,1,0,2,0,1,3,0,1,0,0,High,3.909090909090909,20.16,0.45454545454545453,0.75,0.3815
16,66,1,1,1,8.0,50,0,1,1,1,2,0,1,4,0,0,1,0,Low,2.9411764705882355,10.56,0.47058823529411764,1.0,0.23750000000000002
18,75,1,0,0,7.0,50,1,1,4,0,1,0,2,2,0,2,0,1,Low,2.6315789473684212,13.5,0.3684210526315789,0.5,0.5
24,77,2,1,1,7.0,57,1,1,3,1,2,0,2,2,0,1,2,0,High,2.28,18.48,0.28,1.25,0.4905
27,74,1,1,1,6.0,74,1,1,2,1,2,0,1,2,0,1,2,0,Medium,2.642857142857143,19.98,0.21428571428571427,1.0,0.5209999999999999
19,92,2,1,1,6.0,52,1,1,3,2,1,0,2,1,0,0,0,0,High,2.6,17.48,0.3,1.5,0.4705
17,81,1,2,0,8.0,86,1,1,1,1,1,1,1,3,0,2,0,0,Medium,4.777777777777778,13.77,0.4444444444444444,1.25,0.5315
20,83,1,1,0,6.0,51,1,1,2,0,2,0,0,4,0,2,0,0,Medium,2.4285714285714284,16.6,0.2857142857142857,0.75,0.429
24,94,0,1,1,6.0,75,0,1,1,0,2,0,0,4,0,0,0,1,Medium,3.0,22.56,0.24,0.5,0.3375
11,92,2,2,1,6.0,84,1,1,2,0,0,0,0,1,0,0,0,1,Medium,7.0,10.12,0.5,1.25,0.5609999999999999
6,65,2,2,0,6.0,62,1,0,3,0,0,0,1,1,0,0,0,0,Low,8.857142857142858,3.9,0.8571428571428571,1.0,0.5105
17,89,2,0,1,9.0,79,1,0,0,1,1,0,2,2,0,1,0,1,Medium,4.388888888888889,15.13,0.5,0.75,0.4660000000000001
13,77,1,2,1,7.0,63,0,1,0,2,0,0,2,1,0,0,1,0,Low,4.5,10.01,0.5,1.5,0.252
17,72,2,2,1,7.0,61,0,1,1,1,1,0,0,4,0,0,0,1,Low,3.388888888888889,12.24,0.3888888888888889,1.5,0.2815
19,62,1,1,0,7.0,91,0,1,1,0,1,0,2,3,0,1,0,0,Low,4.55,11.78,0.35,0.75,0.4015
17,79,1,1,0,7.0,67,0,1,1,0,1,1,2,3,0,0,0,1,Low,3.7222222222222223,13.43,0.3888888888888889,0.75,0.3055
29,74,2,1,1,6.0,91,2,1,3,0,2,0,2,4,0,1,2,1,High,3.033333333333333,21.46,0.2,1.0,0.7765
22,70,0,1,1,5.0,61,2,1,1,0,1,0,0,3,0,1,1,0,Low,2.652173913043478,15.4,0.21739130434782608,0.5,0.5815
22,88,1,1,0,9.0,68,1,0,2,1,1,0,1,2,1,0,0,0,Low,2.9565217391304346,19.36,0.391304347826087,0.75,0.49700000000000005
24,91,1,1,1,8.0,55,0,1,0,1,0,1,1,2,0,1,1,1,Medium,2.2,21.84,0.32,1.0,0.22000000000000003
13,70,2,2,1,8.0,75,2,1,1,2,1,0,2,2,1,2,1,0,Low,5.357142857142857,9.1,0.5714285714285714,1.75,0.6375000000000001
26,62,1,1,1,8.0,69,1,1,2,1,2,0,2,3,0,1,1,1,Low,2.5555555555555554,16.12,0.2962962962962963,1.0,0.5009999999999999
20,94,1,1,1,10.0,50,0,1,1,0,2,1,0,4,1,2,0,1,Medium,2.380952380952381,18.8,0.47619047619047616,0.75,0.23750000000000002
24,60,2,2,0,6.0,73,1,1,1,0,1,1,2,5,0,2,1,0,Low,2.92,14.4,0.24,1.25,0.4794999999999999
14,97,1,1,1,5.0,54,1,1,3,1,1,0,0,2,0,1,0,1,Medium,3.6,13.58,0.3333333333333333,1.0,0.4785
11,85,1,1,1,8.0,92,0,1,2,1,1,0,0,4,0,0,2,1,Low,7.666666666666667,9.35,0.6666666666666666,1.0,0.44300000000000006
25,73,1,1,1,5.0,75,0,1,0,1,1,1,2,2,0,1,0,1,Medium,2.8846153846153846,18.25,0.19230769230769232,1.0,0.30000000000000004
22,70,2,0,0,7.0,85,1,1,0,2,1,1,0,3,0,0,2,0,Low,3.6956521739130435,15.4,0.30434782608695654,1.25,0.49
15,60,0,2,0,7.0,91,0,1,0,0,1,1,0,2,0,1,2,0,Low,5.6875,9.0,0.4375,0.75,0.36400000000000005
15,69,1,1,1,8.0,53,0,0,0,2,1,1,0,3,0,0,0,0,Low,3.3125,10.35,0.5,1.0,0.21200000000000002
27,66,0,2,0,6.0,67,0,1,1,2,2,0,0,4,0,1,2,1,Low,2.392857142857143,17.82,0.21428571428571427,1.25,0.3055
13,84,1,1,1,9.0,51,2,1,0,0,1,0,0,4,0,0,0,1,Low,3.642857142857143,10.92,0.6428571428571429,0.75,0.504
30,67,1,2,0,6.0,52,1,1,1,0,1,0,1,1,0,0,0,1,Low,1.6774193548387097,20.1,0.1935483870967742,1.0,0.39549999999999996
15,81,1,1,1,8.0,52,1,1,0,1,1,0,1,2,0,2,0,0,Low,3.25,12.15,0.5,1.0,0.358
24,84,1,1,1,6.0,74,1,1,2,1,2,0,2,2,0,0,2,0,Medium,2.96,20.16,0.24,1.0,0.5209999999999999
18,72,2,2,1,8.0,73,1,1,0,1,1,1,2,4,1,0,0,1,Low,3.8421052631578947,12.96,0.42105263157894735,1.5,0.44199999999999995
24,61,2,1,1,5.0,53,1,1,1,0,2,1,1,5,0,1,0,1,Low,2.12,14.64,0.2,1.0,0.39949999999999997
17,61,2,1,0,7.0,63,0,1,1,1,1,0,2,4,0,1,1,1,Low,3.5,10.37,0.3888888888888889,1.25,0.2895
19,61,1,0,0,9.0,62,1,1,2,1,1,0,1,2,0,0,2,1,Low,3.1,11.59,0.45,0.75,0.47300000000000003
20,90,0,1,0,7.0,65,0,0,4,0,2,0,2,4,0,1,1,1,Medium,3.0952380952380953,18.0,0.3333333333333333,0.25,0.41000000000000003
14,73,1,2,1,9.0,82,1,1,1,1,1,0,0,3,0,0,0,1,Low,5.466666666666667,10.22,0.6,1.25,0.5155
24,92,2,2,0,7.0,85,2,1,0,1,1,0,2,3,0,1,0,1,High,3.4,22.08,0.28,1.5,0.64
17,77,1,1,1,6.0,67,0,1,1,0,1,0,2,1,0,1,0,0,Low,3.7222222222222223,13.09,0.3333333333333333,0.75,0.3055
19,78,2,2,0,7.0,89,1,1,2,1,1,0,1,4,0,0,1,1,Medium,4.45,14.82,0.35,1.5,0.581
14,81,0,1,0,8.0,71,0,1,1,0,2,0,1,3,1,2,0,1,Low,4.733333333333333,11.34,0.5333333333333333,0.5,0.32149999999999995
5,89,1,1,1,4.0,76,2,1,2,1,1,0,1,3,0,1,0,0,Low,12.666666666666666,4.45,0.6666666666666666,1.0,0.679
19,71,1,1,0,8.0,57,1,1,2,1,2,0,2,4,0,0,1,0,Low,2.85,13.49,0.4,1.0,0.453
34,65,1,1,1,6.0,62,2,1,0,1,2,0,0,3,0,0,0,0,Medium,1.7714285714285714,22.1,0.17142857142857143,1.0,0.548
25,82,1,1,1,5.0,86,1,0,0,0,0,0,2,4,0,0,0,0,Medium,3.3076923076923075,20.5,0.19230769230769232,0.5,0.494
20,73,1,1,0,8.0,99,0,1,1,1,1,1,2,3,0,0,0,0,Low,4.714285714285714,14.6,0.38095238095238093,1.0,0.4335
18,78,1,2,1,9.0,85,2,1,1,0,2,1,0,2,0,2,0,0,Medium,4.473684210526316,14.04,0.47368421052631576,1.0,0.6775
20,86,1,0,1,7.0,53,1,1,1,0,2,0,0,2,0,0,0,0,Low,2.5238095238095237,17.2,0.3333333333333333,0.5,0.39949999999999997
23,80,0,0,1,5.0,57,1,1,1,0,1,0,1,4,0,2,0,0,Low,2.375,18.4,0.20833333333333334,0.25,0.4155
13,85,2,0,1,6.0,72,1,1,2,0,1,0,2,1,0,1,1,1,Low,5.142857142857143,11.05,0.42857142857142855,0.75,0.5129999999999999
27,82,1,1,1,6.0,87,0,0,2,0,2,0,2,2,0,0,0,0,Medium,3.107142857142857,22.14,0.21428571428571427,0.5,0.42300000000000004
24,90,1,1,0,7.0,58,1,1,2,0,1,1,1,2,0,2,0,0,High,2.32,21.6,0.28,0.75,0.457
24,88,1,0,1,7.0,88,1,1,2,1,2,1,1,2,0,2,1,0,High,3.52,21.12,0.28,0.75,0.577
23,81,2,1,0,8.0,78,2,1,4,0,0,0,2,3,0,0,1,0,High,3.25,18.63,0.3333333333333333,1.0,0.7620000000000001
20,87,1,1,0,8.0,89,0,1,2,1,1,0,1,3,0,0,1,0,Medium,4.238095238095238,17.4,0.38095238095238093,1.0,0.43100000000000005
24,95,2,2,1,8.0,78,1,1,2,0,2,0,0,2,0,2,2,1,High,3.12,22.8,0.32,1.25,0.537
24,77,1,2,0,8.0,80,2,1,1,0,2,0,2,2,1,0,1,1,Medium,3.2,18.48,0.32,1.0,0.6575000000000001
18,77,1,1,1,7.0,62,0,1,2,2,1,1,1,4,0,1,0,0,Low,3.263157894736842,13.86,0.3684210526315789,1.25,0.323
17,91,1,0,1,10.0,86,0,1,1,1,1,0,1,3,1,2,1,1,Medium,4.777777777777778,15.47,0.5555555555555556,0.75,0.3815
21,83,1,0,1,8.0,92,0,1,2,1,1,1,0,4,1,0,0,0,Low,4.181818181818182,17.43,0.36363636363636365,0.75,0.44300000000000006
29,63,1,2,1,8.0,94,1,1,0,1,2,1,2,2,0,2,0,1,Medium,3.1333333333333333,18.27,0.26666666666666666,1.25,0.526
13,96,1,1,0,10.0,51,1,1,1,0,0,0,2,3,0,2,0,1,Medium,3.642857142857143,12.48,0.7142857142857143,0.75,0.39149999999999996
11,61,1,0,1,7.0,81,2,1,5,1,0,0,2,4,1,0,0,0,Low,6.75,6.71,0.5833333333333334,0.75,0.8115000000000001
21,90,1,1,0,6.0,99,1,1,2,0,1,1,0,3,0,1,0,1,High,4.5,18.9,0.2727272727272727,0.75,0.621
20,90,2,2,0,9.0,79,1,1,2,0,1,0,0,2,0,0,0,1,High,3.761904761904762,18.0,0.42857142857142855,1.25,0.541
21,98,1,1,1,9.0,59,2,0,3,1,1,0,1,3,1,1,0,1,High,2.6818181818181817,20.58,0.4090909090909091,0.75,0.6485000000000001
21,62,1,1,0,7.0,94,0,1,1,0,2,1,2,3,0,1,1,1,Low,4.2727272727272725,13.02,0.3181818181818182,0.75,0.4135
19,84,2,1,0,10.0,63,1,1,0,0,1,0,0,3,0,1,2,1,Low,3.15,15.96,0.5,1.0,0.402
29,77,1,1,0,7.0,52,1,1,5,0,1,0,2,4,0,1,0,1,High,1.7333333333333334,22.33,0.23333333333333334,0.75,0.5455
10,73,0,2,1,8.0,72,0,1,1,0,2,0,2,2,0,1,1,1,Low,6.545454545454546,7.3,0.7272727272727273,0.75,0.32549999999999996
15,64,2,2,1,9.0,55,2,1,1,1,0,0,1,3,0,1,0,1,Low,3.4375,9.6,0.5625,1.5,0.5575
19,83,1,2,1,7.0,56,1,1,1,1,0,1,2,3,0,1,2,1,Medium,2.8,15.77,0.35,1.25,0.4115
10,79,2,1,0,8.0,73,2,0,1,0,0,0,1,4,0,0,0,1,Low,6.636363636363637,7.9,0.7272727272727273,0.75,0.6295
19,64,0,1,1,9.0,81,2,1,0,1,2,0,1,3,1,0,0,0,Low,4.05,12.16,0.45,0.75,0.6240000000000001
30,84,0,1,0,6.0,95,1,1,2,2,2,0,0,2,0,1,0,0,High,3.064516129032258,25.2,0.1935483870967742,1.0,0.605
20,90,0,1,0,6.0,85,2,0,3,0,2,1,1,2,0,1,0,0,Medium,4.0476190476190474,18.0,0.2857142857142857,0.25,0.7525
21,91,1,2,1,9.0,92,1,1,5,0,1,1,0,2,0,0,0,0,High,4.181818181818182,19.11,0.4090909090909091,1.0,0.7055
12,96,0,1,1,7.0,71,2,1,2,1,1,1,2,2,0,1,0,0,Medium,5.461538461538462,11.52,0.5384615384615384,0.75,0.6589999999999999
16,76,0,1,0,6.0,66,0,1,1,1,1,1,1,3,0,2,0,1,Low,3.8823529411764706,12.16,0.35294117647058826,0.75,0.3015
18,98,2,2,1,7.0,80,0,1,3,0,1,1,1,1,0,1,0,1,High,4.2105263157894735,17.64,0.3684210526315789,1.25,0.43250000000000005
18,95,2,2,1,8.0,85,0,1,2,0,2,0,2,3,0,1,0,1,High,4.473684210526316,17.1,0.42105263157894735,1.25,0.41500000000000004
28,72,2,1,1,5.0,78,0,0,5,1,0,1,0,2,0,1,2,0,Medium,2.689655172413793,20.16,0.1724137931034483,1.0,0.49950000000000006
23,66,2,0,1,8.0,63,1,1,0,0,1,0,0,4,0,1,0,1,Low,2.625,15.18,0.3333333333333333,0.75,0.402
13,77,1,1,1,8.0,68,0,1,3,2,1,1,1,3,0,0,0,1,Low,4.857142857142857,10.01,0.5714285714285714,1.25,0.3845
21,76,2,2,1,9.0,72,0,1,1,0,2,0,1,3,0,0,1,1,Medium,3.272727272727273,15.96,0.4090909090909091,1.25,0.32549999999999996
23,83,1,1,1,7.0,51,0,1,3,1,2,0,1,2,0,1,1,0,Medium,2.125,19.09,0.2916666666666667,1.0,0.3165
27,83,1,2,1,9.0,94,1,1,2,0,2,0,2,2,0,0,0,0,High,3.357142857142857,22.41,0.32142857142857145,1.0,0.601
29,90,2,0,1,7.0,76,0,1,1,1,0,0,2,3,0,0,1,1,High,2.533333333333333,26.1,0.23333333333333334,1.0,0.3415
14,80,1,1,1,7.0,88,1,1,1,1,1,1,1,3,0,0,0,0,Low,5.866666666666666,11.2,0.4666666666666667,1.0,0.5395
15,64,2,1,0,7.0,59,0,1,0,0,1,0,1,3,1,0,0,1,Low,3.6875,9.6,0.4375,1.0,0.236
12,94,1,1,1,10.0,78,1,1,1,1,2,0,1,2,0,0,0,1,Medium,6.0,11.28,0.7692307692307693,1.0,0.49950000000000006
19,72,0,2,1,5.0,96,0,0,3,0,0,0,2,2,0,0,1,1,Low,4.8,13.68,0.25,0.5,0.4965
23,99,0,1,0,8.0,61,0,1,2,2,2,1,2,3,1,0,0,1,High,2.5416666666666665,22.77,0.3333333333333333,1.0,0.319
26,65,0,1,1,7.0,67,1,1,4,2,1,1,0,3,0,0,1,1,Low,2.4814814814814814,16.9,0.25925925925925924,1.0,0.5680000000000001
20,98,2,1,1,7.0,69,2,0,2,2,2,0,0,2,0,1,0,1,High,3.2857142857142856,19.6,0.3333333333333333,1.25,0.6509999999999999
18,64,2,2,0,8.0,69,1,1,3,2,1,0,2,3,0,1,1,0,Low,3.6315789473684212,11.52,0.42105263157894735,1.75,0.5385
21,69,1,1,1,9.0,80,2,1,2,1,2,0,2,5,0,1,0,0,Medium,3.6363636363636362,14.49,0.4090909090909091,1.0,0.6950000000000001
15,62,1,2,0,8.0,70,1,1,1,0,1,1,2,3,0,1,0,0,Low,4.375,9.3,0.5,1.0,0.4674999999999999
33,88,1,0,0,9.0,84,1,1,1,0,1,0,0,3,0,0,0,0,High,2.4705882352941178,29.04,0.2647058823529412,0.5,0.5235
10,94,2,1,1,7.0,74,2,1,3,2,1,0,2,3,0,1,1,0,High,6.7272727272727275,9.4,0.6363636363636364,1.5,0.7084999999999999
21,77,1,0,1,7.0,58,1,1,0,0,2,0,0,3,0,1,0,0,Low,2.6363636363636362,16.17,0.3181818181818182,0.5,0.382
32,97,2,0,1,5.0,97,0,1,1,0,2,0,2,5,0,1,1,1,High,2.9393939393939394,31.04,0.15151515151515152,0.75,0.4255
20,84,1,1,1,10.0,62,2,1,1,1,1,0,1,2,0,1,1,0,Medium,2.9523809523809526,16.8,0.47619047619047616,1.0,0.5855
19,85,2,2,0,7.0,78,0,1,2,0,2,1,0,3,0,1,0,0,Medium,3.9,16.15,0.35,1.25,0.38700000000000007
18,94,1,0,1,7.0,53,1,1,4,1,2,0,2,3,0,0,2,1,Medium,2.789473684210526,16.92,0.3684210526315789,0.75,0.512
19,72,1,1,1,8.0,96,0,1,1,1,2,0,2,2,0,2,1,1,Medium,4.8,13.68,0.4,1.0,0.4215
28,74,1,1,1,9.0,96,0,1,0,2,2,1,1,3,0,0,0,1,Medium,3.310344827586207,20.72,0.3103448275862069,1.25,0.384
7,96,2,1,1,6.0,68,1,1,2,0,2,0,1,1,0,0,0,1,Medium,8.5,6.72,0.75,1.0,0.49700000000000005
29,96,2,2,1,9.0,56,0,1,0,0,2,1,1,4,0,0,0,0,High,1.8666666666666667,27.84,0.3,1.25,0.22400000000000003
11,99,1,2,1,7.0,88,2,0,4,1,0,1,1,3,0,1,0,0,High,7.333333333333333,10.89,0.5833333333333334,1.0,0.802
18,96,1,0,0,9.0,63,1,1,4,0,1,1,1,3,0,2,0,0,High,3.3157894736842106,17.28,0.47368421052631576,0.5,0.552
17,65,2,1,1,6.0,85,1,1,1,0,1,1,1,3,0,0,0,0,Low,4.722222222222222,11.05,0.3333333333333333,1.0,0.5275
24,93,2,1,1,8.0,96,1,1,0,1,1,0,2,1,0,2,1,0,High,3.84,22.32,0.32,1.25,0.534
10,76,1,1,1,7.0,80,1,1,1,0,2,0,2,4,0,2,0,1,Low,7.2727272727272725,7.6,0.6363636363636364,0.75,0.5075000000000001
23,100,0,1,1,5.0,93,1,1,4,0,1,1,1,3,0,2,1,0,High,3.875,23.0,0.20833333333333334,0.5,0.672
32,79,0,1,1,5.0,61,1,1,0,0,2,0,2,3,0,1,0,0,High,1.8484848484848484,25.28,0.15151515151515152,0.5,0.394
12,82,2,1,1,6.0,96,2,1,0,0,0,1,2,4,1,1,0,0,Low,7.384615384615385,9.84,0.46153846153846156,1.0,0.6839999999999999
21,81,0,1,1,8.0,61,2,1,3,1,0,0,0,5,0,0,1,1,Low,2.772727272727273,17.01,0.36363636363636365,0.75,0.6565000000000001
16,73,1,1,1,4.0,61,0,1,4,0,2,1,1,5,0,0,1,0,Low,3.588235294117647,11.68,0.23529411764705882,0.75,0.394
23,63,1,1,1,8.0,94,2,1,2,1,1,0,1,5,0,2,0,0,Medium,3.9166666666666665,14.49,0.3333333333333333,1.0,0.7509999999999999
20,96,1,1,0,7.0,78,1,1,1,2,2,0,1,2,0,0,0,0,High,3.7142857142857144,19.2,0.3333333333333333,1.25,0.49950000000000006
16,92,1,1,1,4.0,90,2,1,6,2,1,1,1,3,0,0,0,0,High,5.294117647058823,14.72,0.23529411764705882,1.25,0.885
23,66,1,2,0,6.0,90,1,1,2,0,1,0,1,3,0,0,0,0,Low,3.75,15.18,0.25,1.0,0.585
31,91,1,1,1,6.0,82,1,1,2,1,2,0,2,3,0,0,0,0,High,2.5625,28.21,0.1875,1.0,0.5529999999999999
19,85,2,1,0,7.0,59,0,1,0,1,2,1,0,4,0,1,1,0,Medium,2.95,16.15,0.35,1.25,0.236
24,76,2,2,1,9.0,85,1,1,2,0,1,1,2,2,0,2,0,1,High,3.4,18.24,0.36,1.25,0.565
12,70,0,2,1,9.0,53,1,1,2,0,1,0,1,2,1,0,0,0,Low,4.076923076923077,8.4,0.6923076923076923,0.75,0.437
14,94,0,1,0,6.0,60,1,1,3,2,1,0,1,3,0,1,0,1,Medium,4.0,13.16,0.4,1.0,0.5025
23,88,1,1,0,6.0,82,1,1,0,1,1,1,0,3,0,1,0,0,Medium,3.4166666666666665,20.24,0.25,1.0,0.478
29,82,2,2,0,5.0,95,1,1,2,1,2,0,1,3,0,1,0,0,High,3.1666666666666665,23.78,0.16666666666666666,1.5,0.605
22,84,2,1,1,6.0,89,1,1,2,1,1,0,1,3,0,0,0,0,High,3.869565217391304,18.48,0.2608695652173913,1.25,0.581
18,64,2,1,1,6.0,67,2,1,0,0,1,1,0,4,0,1,0,0,Low,3.526315789473684,11.52,0.3157894736842105,1.0,0.5680000000000001
20,79,2,0,1,7.0,91,2,0,2,0,1,1,0,4,1,1,1,0,Low,4.333333333333333,15.8,0.3333333333333333,0.5,0.739
12,68,1,2,0,7.0,98,1,1,1,1,2,1,1,4,0,0,0,0,Low,7.538461538461538,8.16,0.5384615384615384,1.25,0.5795
24,68,0,0,0,6.0,67,2,0,0,0,2,1,2,3,1,0,2,1,Low,2.68,16.32,0.24,0.0,0.5680000000000001
25,86,1,0,1,6.0,59,1,1,3,0,1,0,2,3,0,0,0,1,Medium,2.269230769230769,21.5,0.23076923076923078,0.5,0.4985
17,96,2,1,0,6.0,60,1,1,1,0,1,0,1,3,0,1,0,1,Medium,3.3333333333333335,16.32,0.3333333333333333,1.0,0.4275
17,76,1,2,1,6.0,70,0,1,2,2,1,0,1,4,0,2,1,0,Medium,3.888888888888889,12.92,0.3333333333333333,1.5,0.355
22,68,2,1,1,9.0,53,2,1,1,1,1,0,1,2,0,0,1,1,Low,2.3043478260869565,14.96,0.391304347826087,1.25,0.5495
17,86,2,2,1,8.0,74,1,1,1,0,2,1,1,4,0,1,0,0,High,4.111111111111111,14.62,0.4444444444444444,1.25,0.48349999999999993
20,95,2,1,1,8.0,87,0,1,0,0,1,1,2,3,0,2,1,1,High,4.142857142857143,19.0,0.38095238095238093,1.0,0.34800000000000003
33,90,0,1,1,9.0,77,1,1,3,1,2,0,0,6,1,2,1,0,High,2.264705882352941,29.7,0.2647058823529412,0.75,0.5705
19,95,0,2,1,8.0,99,1,1,0,0,1,0,1,2,0,2,1,0,High,4.95,18.05,0.4,0.75,0.546
18,81,2,0,1,9.0,73,2,1,1,1,2,0,1,2,0,0,0,1,Medium,3.8421052631578947,14.58,0.47368421052631576,1.0,0.6295
16,90,0,2,1,8.0,51,1,1,1,2,1,0,1,5,0,0,1,1,Medium,3.0,14.4,0.47058823529411764,1.25,0.39149999999999996
24,66,0,2,0,7.0,74,1,1,0,2,2,0,1,2,0,1,1,0,Low,2.96,15.84,0.28,1.25,0.44599999999999995
19,74,2,2,1,6.0,96,1,1,2,2,1,0,1,3,0,1,0,0,Medium,4.8,14.06,0.3,1.75,0.609
16,76,2,2,1,6.0,55,1,0,1,0,1,0,2,1,0,2,0,0,Low,3.235294117647059,12.16,0.35294117647058826,1.0,0.4075
28,80,1,2,1,8.0,61,0,1,1,0,1,1,0,3,0,1,2,1,Medium,2.103448275862069,22.4,0.27586206896551724,1.0,0.2815
29,97,2,1,0,7.0,86,1,1,0,1,1,0,2,3,0,1,0,1,High,2.8666666666666667,28.13,0.23333333333333334,1.25,0.494
16,95,0,1,1,5.0,65,2,1,0,1,1,1,1,3,0,1,0,1,Medium,3.823529411764706,15.2,0.29411764705882354,0.75,0.56
9,65,1,1,0,4.0,88,0,1,1,0,1,0,2,3,0,1,0,0,Low,8.8,5.85,0.4,0.75,0.3895
26,67,1,0,1,10.0,71,2,1,3,0,1,0,1,3,0,2,0,0,Medium,2.6296296296296298,17.42,0.37037037037037035,0.5,0.6964999999999999
16,74,2,2,1,6.0,90,1,1,1,0,1,1,0,4,1,0,0,1,Low,5.294117647058823,11.84,0.35294117647058826,1.25,0.5475
25,72,0,0,1,6.0,78,0,1,8,1,2,0,2,4,0,0,0,0,Medium,3.0,18.0,0.23076923076923078,0.5,0.6120000000000001
8,85,1,0,1,9.0,54,0,1,1,0,2,1,2,3,0,0,0,0,Low,6.0,6.8,1.0,0.5,0.2535
25,96,1,2,1,5.0,69,0,1,0,0,1,0,1,4,0,0,1,0,High,2.6538461538461537,24.0,0.19230769230769232,1.0,0.27599999999999997
13,98,2,2,1,8.0,67,1,1,1,1,1,1,2,4,0,2,1,1,High,4.785714285714286,12.74,0.5714285714285714,1.5,0.4555
24,86,1,2,1,10.0,91,0,1,0,0,2,1,2,4,0,1,0,1,High,3.64,20.64,0.4,1.0,0.36400000000000005
20,94,1,2,1,10.0,81,0,1,1,1,2,0,1,5,1,0,2,1,Medium,3.857142857142857,18.8,0.47619047619047616,1.25,0.36150000000000004
14,81,0,1,0,6.0,89,1,0,6,0,2,1,1,3,0,1,0,1,Medium,5.933333333333334,11.34,0.4,0.25,0.731
18,68,1,2,0,7.0,69,1,1,1,0,2,0,1,4,1,0,1,1,Low,3.6315789473684212,12.24,0.3684210526315789,1.0,0.4634999999999999
24,81,1,1,1,6.0,85,1,0,1,1,2,0,1,4,0,1,1,0,Medium,3.4,19.44,0.24,0.75,0.5275
21,82,2,2,1,7.0,53,0,1,0,2,1,0,2,2,0,2,0,0,Medium,2.409090909090909,17.22,0.3181818181818182,1.75,0.21200000000000002
24,90,1,0,1,9.0,52,0,1,0,0,1,0,0,3,1,1,0,1,Low,2.08,21.6,0.36,0.5,0.20800000000000002
32,69,2,2,1,5.0,64,1,1,0,1,1,0,0,3,0,2,0,1,High,1.9393939393939394,22.08,0.15151515151515152,1.5,0.406
11,75,1,1,0,8.0,89,1,1,2,2,2,1,2,4,0,1,1,0,Low,7.416666666666667,8.25,0.6666666666666666,1.25,0.581
30,75,1,1,0,7.0,77,1,1,0,0,1,0,2,2,0,0,1,0,Medium,2.4838709677419355,22.5,0.22580645161290322,0.75,0.4580000000000001
21,98,1,2,1,9.0,70,1,1,0,0,2,0,2,1,0,1,0,0,High,3.1818181818181817,20.58,0.4090909090909091,1.0,0.42999999999999994
15,78,1,2,1,9.0,95,2,1,1,2,2,0,2,3,0,0,0,0,Medium,5.9375,11.7,0.5625,1.5,0.7174999999999999
12,90,2,2,1,6.0,75,0,0,2,1,1,0,1,3,0,2,0,0,Medium,5.769230769230769,10.8,0.46153846153846156,1.25,0.37500000000000006
19,90,2,0,0,7.0,81,1,1,4,2,2,0,1,4,1,1,0,1,High,4.05,17.1,0.35,1.25,0.6240000000000001
26,71,1,0,1,8.0,99,1,1,1,1,2,0,2,3,0,0,2,0,Medium,3.6666666666666665,18.46,0.2962962962962963,0.75,0.5835
19,83,0,0,0,8.0,76,0,1,3,0,0,0,1,3,0,2,0,1,Low,3.8,15.77,0.4,0.25,0.41650000000000004
29,96,0,0,0,4.0,89,1,1,2,0,2,0,1,2,0,0,2,1,High,2.966666666666667,27.84,0.13333333333333333,0.25,0.581
11,79,1,1,0,8.0,71,0,1,1,1,1,1,2,2,0,1,1,1,Low,5.916666666666667,8.69,0.6666666666666666,1.0,0.32149999999999995
20,98,2,2,1,9.0,52,1,1,0,1,1,1,2,3,0,1,2,0,High,2.4761904761904763,19.6,0.42857142857142855,1.5,0.358
12,69,2,1,1,7.0,92,0,1,1,1,1,0,1,3,0,1,0,1,Low,7.076923076923077,8.28,0.5384615384615384,1.25,0.4055
22,63,1,2,1,8.0,97,2,1,5,1,1,1,1,3,0,0,0,0,Medium,4.217391304347826,13.86,0.34782608695652173,1.25,0.8755
25,96,0,1,0,9.0,72,0,1,0,0,1,1,2,3,0,0,0,0,Medium,2.769230769230769,24.0,0.34615384615384615,0.5,0.288
17,94,1,1,1,7.0,75,1,1,1,0,2,0,2,3,0,2,1,0,High,4.166666666666667,15.98,0.3888888888888889,0.75,0.48750000000000004
4,100,2,0,0,8.0,71,0,1,2,0,1,1,0,4,0,0,1,1,Low,14.2,4.0,1.6,0.75,0.359
21,87,1,2,0,7.0,100,0,1,1,0,1,0,2,3,0,0,0,0,High,4.545454545454546,18.27,0.3181818181818182,1.0,0.4375
23,97,1,2,0,7.0,95,1,1,0,1,2,1,2,4,0,2,1,1,High,3.9583333333333335,22.31,0.2916666666666667,1.25,0.53
22,93,1,1,1,6.0,52,1,1,1,0,1,0,0,3,0,1,0,1,Medium,2.260869565217391,20.46,0.2608695652173913,0.75,0.39549999999999996
27,94,0,1,1,7.0,89,1,1,3,0,1,1,2,2,0,1,0,1,High,3.1785714285714284,25.38,0.25,0.5,0.6185
14,83,1,1,1,10.0,80,1,1,1,1,2,1,1,3,1,1,0,1,Low,5.333333333333333,11.62,0.6666666666666666,1.0,0.5075000000000001
24,75,2,2,1,6.0,51,2,0,1,1,2,0,0,3,0,0,0,0,Medium,2.04,18.0,0.24,1.25,0.5415
27,97,2,2,0,8.0,72,1,1,6,0,1,0,1,2,0,1,0,1,High,2.5714285714285716,26.19,0.2857142857142857,1.25,0.6629999999999999
9,77,1,1,0,7.0,57,0,1,2,1,0,0,0,3,0,0,0,0,Low,5.7,6.93,0.7,1.0,0.303
22,82,0,1,1,9.0,94,2,1,0,1,1,0,2,4,0,0,1,1,Medium,4.086956521739131,18.04,0.391304347826087,0.75,0.6759999999999999
17,78,1,0,1,9.0,51,2,1,1,0,1,1,1,3,0,0,1,0,Low,2.8333333333333335,13.26,0.5,0.5,0.5415
20,83,2,0,1,6.0,94,1,1,1,0,1,0,1,2,0,0,0,0,Medium,4.476190476190476,16.6,0.2857142857142857,0.75,0.5635
22,79,0,0,1,6.0,97,0,1,3,2,1,0,0,3,0,0,1,0,Low,4.217391304347826,17.38,0.2608695652173913,0.75,0.5005
17,62,2,0,1,6.0,54,0,1,2,1,2,0,1,3,0,1,0,0,Low,3.0,10.54,0.3333333333333333,1.0,0.29100000000000004
16,95,2,0,1,6.0,86,1,1,0,0,2,1,1,3,0,0,0,0,Medium,5.0588235294117645,15.2,0.35294117647058826,0.75,0.494
20,78,1,1,0,6.0,77,1,1,3,1,1,1,2,3,0,0,1,0,Medium,3.6666666666666665,15.6,0.2857142857142857,1.0,0.5705
13,84,1,1,0,8.0,98,0,0,2,1,1,0,2,2,0,1,1,1,Low,7.0,10.92,0.5714285714285714,0.75,0.467
13,66,2,1,1,6.0,90,1,1,2,0,1,0,2,3,1,0,1,0,Low,6.428571428571429,8.58,0.42857142857142855,1.0,0.585
24,60,1,1,0,6.0,85,0,1,1,2,1,0,1,2,0,2,1,0,Low,3.4,14.4,0.24,1.25,0.3775
13,70,0,1,1,6.0,96,2,1,2,1,1,1,0,5,0,2,1,0,Low,6.857142857142857,9.1,0.42857142857142855,0.75,0.7589999999999999
24,88,0,1,0,8.0,58,1,1,1,0,2,0,0,3,0,0,0,0,Medium,2.32,21.12,0.32,0.5,0.4195
23,64,0,1,1,7.0,69,2,1,4,2,1,0,2,3,0,0,1,0,Low,2.875,14.72,0.2916666666666667,1.0,0.726
10,96,2,2,1,7.0,92,1,1,1,0,0,0,1,1,0,0,0,1,Medium,8.363636363636363,9.6,0.6363636363636364,1.25,0.5555
16,69,1,2,1,6.0,55,1,1,1,1,2,0,0,1,0,0,1,0,Low,3.235294117647059,11.04,0.35294117647058826,1.25,0.4075
27,68,1,1,1,5.0,97,0,1,1,1,1,0,0,4,0,1,0,0,Medium,3.4642857142857144,18.36,0.17857142857142858,1.0,0.4255
14,67,2,0,0,9.0,87,1,1,1,1,1,1,2,3,0,0,0,0,Low,5.8,9.38,0.6,1.0,0.5355
17,61,1,2,0,7.0,72,0,1,1,1,2,0,1,2,0,0,1,0,Low,4.0,10.37,0.3888888888888889,1.25,0.32549999999999996
23,91,2,2,0,10.0,67,2,1,2,0,1,0,2,2,0,1,0,0,High,2.7916666666666665,20.93,0.4166666666666667,1.25,0.643
25,95,1,0,0,8.0,57,0,1,4,0,1,0,1,3,0,0,1,1,Medium,2.1923076923076925,23.75,0.3076923076923077,0.5,0.378
18,85,1,0,1,10.0,55,2,1,3,1,2,0,1,3,0,0,0,0,Medium,2.8947368421052633,15.3,0.5263157894736842,0.75,0.6325000000000001
16,68,1,2,1,8.0,71,1,1,1,2,2,1,1,3,0,0,1,0,Low,4.176470588235294,10.88,0.47058823529411764,1.5,0.4714999999999999
29,71,2,1,0,7.0,92,0,1,1,0,1,0,2,3,0,0,0,1,Medium,3.066666666666667,20.59,0.23333333333333334,1.0,0.4055
30,79,2,2,1,6.0,77,1,1,1,0,1,0,2,2,0,0,0,0,High,2.4838709677419355,23.7,0.1935483870967742,1.25,0.49550000000000005
26,98,0,1,1,6.0,73,1,1,2,0,0,0,0,3,0,0,0,1,High,2.7037037037037037,25.48,0.2222222222222222,0.5,0.5169999999999999
21,70,2,2,0,9.0,66,1,1,1,1,0,0,1,4,0,1,1,0,High,3.0,14.7,0.4090909090909091,1.5,0.4515
15,89,2,0,1,7.0,58,0,1,2,0,1,0,0,3,0,0,1,0,Low,3.625,13.35,0.4375,0.75,0.307
15,78,0,1,1,8.0,100,0,1,0,0,1,0,0,3,1,0,0,1,Low,6.25,11.7,0.5,0.5,0.4
23,72,0,2,1,8.0,51,1,1,2,0,1,1,2,3,0,1,2,0,Low,2.125,16.56,0.3333333333333333,0.75,0.429
23,78,1,1,1,8.0,66,1,1,1,1,2,0,1,1,0,1,1,1,Medium,2.75,17.94,0.3333333333333333,1.0,0.4515
28,63,1,0,0,6.0,88,2,1,4,1,2,0,1,4,0,0,2,0,Medium,3.0344827586206895,17.64,0.20689655172413793,0.75,0.802
24,92,1,2,0,9.0,76,1,1,2,2,1,0,2,2,0,0,0,1,High,3.04,22.08,0.36,1.5,0.529
11,70,1,0,1,7.0,66,0,1,1,1,2,0,0,3,0,0,0,1,Low,5.5,7.7,0.5833333333333334,0.75,0.3015
26,89,1,0,0,7.0,100,0,1,0,1,0,0,1,3,0,0,0,1,Medium,3.7037037037037037,23.14,0.25925925925925924,0.75,0.4
14,63,1,1,0,8.0,81,0,1,0,1,0,1,2,5,0,0,0,1,Low,5.4,8.82,0.5333333333333333,1.0,0.32400000000000007
18,98,0,1,1,7.0,65,1,1,1,2,1,1,1,4,0,2,0,1,High,3.4210526315789473,17.64,0.3684210526315789,1.0,0.4475
22,68,1,2,0,4.0,92,2,1,2,2,1,0,1,3,0,0,0,0,Medium,4.0,14.96,0.17391304347826086,1.5,0.743
32,95,1,2,1,9.0,58,1,1,2,1,1,1,2,4,0,0,0,0,High,1.7575757575757576,30.4,0.2727272727272727,1.25,0.457
39,92,1,1,0,9.0,73,1,1,1,1,1,0,0,4,0,2,1,0,High,1.825,35.88,0.225,1.0,0.4794999999999999
24,99,2,1,0,4.0,92,0,1,2,2,1,1,1,3,0,0,2,0,High,3.68,23.76,0.16,1.5,0.44300000000000006
19,79,0,1,1,5.0,99,2,1,1,0,1,1,0,4,0,1,1,1,Low,4.95,15.01,0.25,0.5,0.7334999999999999
23,89,0,2,0,10.0,69,0,1,5,1,1,0,1,4,0,0,0,0,High,2.875,20.47,0.4166666666666667,1.0,0.46349999999999997
25,75,0,2,0,7.0,57,2,1,4,0,2,0,2,5,0,1,0,0,High,2.1923076923076925,18.75,0.2692307692307692,0.75,0.678
18,67,1,2,1,7.0,78,0,1,2,1,1,0,0,3,1,0,0,1,Low,4.105263157894737,12.06,0.3684210526315789,1.25,0.38700000000000007
31,78,2,2,1,6.0,97,0,1,0,1,2,0,1,3,0,0,0,0,High,3.03125,24.18,0.1875,1.5,0.388
21,67,1,1,1,5.0,83,1,1,1,0,2,1,1,5,0,0,0,0,Low,3.772727272727273,14.07,0.22727272727272727,0.75,0.5195
23,99,1,1,1,7.0,80,0,1,3,0,0,1,1,2,0,0,0,0,High,3.3333333333333335,22.77,0.2916666666666667,0.75,0.43250000000000005
24,64,1,1,1,8.0,65,1,1,0,1,1,0,2,3,0,1,0,1,Low,2.6,15.36,0.32,1.0,0.41000000000000003
23,84,1,0,1,7.0,80,1,1,1,1,2,1,2,3,0,1,1,1,Medium,3.3333333333333335,19.32,0.2916666666666667,0.75,0.5075000000000001
25,85,1,0,1,8.0,94,1,1,3,1,2,0,2,3,0,0,1,0,High,3.6153846153846154,21.25,0.3076923076923077,0.75,0.6385000000000001
16,82,1,2,1,10.0,69,1,1,2,0,1,0,2,4,0,1,0,0,Medium,4.0588235294117645,13.12,0.5882352941176471,1.0,0.5009999999999999
17,86,0,1,0,6.0,62,0,1,2,1,2,0,2,4,0,0,0,1,Low,3.4444444444444446,14.62,0.3333333333333333,0.75,0.323
13,65,2,1,0,7.0,74,0,1,0,2,1,0,1,2,1,0,1,0,Low,5.285714285714286,8.45,0.5,1.5,0.296
23,82,1,1,0,9.0,69,1,1,0,2,1,0,2,3,0,0,0,1,Medium,2.875,18.86,0.375,1.25,0.42599999999999993
25,71,1,2,1,6.0,73,1,1,1,0,1,1,1,4,0,0,0,1,Medium,2.8076923076923075,17.75,0.23076923076923078,1.0,0.4794999999999999
23,98,1,0,0,7.0,55,1,1,3,2,2,1,1,4,0,0,0,0,High,2.2916666666666665,22.54,0.2916666666666667,1.0,0.4825
30,90,2,1,0,10.0,67,2,1,2,1,1,1,1,6,0,0,0,0,High,2.161290322580645,27.0,0.3225806451612903,1.25,0.643
20,99,0,1,0,6.0,91,1,1,2,1,0,0,0,4,0,0,0,0,High,4.333333333333333,19.8,0.2857142857142857,0.75,0.589
24,62,0,2,0,9.0,70,0,1,2,0,1,0,2,2,0,1,1,1,Low,2.8,14.88,0.36,0.75,0.355
13,71,1,1,0,7.0,98,1,1,0,1,1,0,2,3,0,1,0,0,Low,7.0,9.23,0.5,1.0,0.542
18,68,1,2,1,10.0,85,2,1,3,0,1,0,1,3,0,0,0,0,Low,4.473684210526316,12.24,0.5263157894736842,1.0,0.7525
24,60,1,1,1,5.0,68,1,1,0,1,0,0,1,3,0,2,0,1,Low,2.72,14.4,0.2,1.0,0.42200000000000004
25,70,2,2,1,7.0,63,1,1,1,1,2,1,2,3,0,1,1,0,Medium,2.423076923076923,17.5,0.2692307692307692,1.5,0.4395
18,87,1,2,1,5.0,84,1,1,2,1,0,1,2,4,0,2,0,0,High,4.421052631578948,15.66,0.2631578947368421,1.25,0.5609999999999999
20,69,2,1,0,6.0,65,1,1,1,0,1,0,1,2,0,0,0,1,Low,3.0952380952380953,13.8,0.2857142857142857,1.0,0.4475
11,80,1,1,1,6.0,96,0,1,1,0,2,0,1,3,0,0,0,0,Low,8.0,8.8,0.5,0.75,0.4215
18,96,2,1,0,7.0,56,0,1,2,1,1,1,1,1,0,1,0,1,Medium,2.9473684210526314,17.28,0.3684210526315789,1.25,0.29900000000000004
25,88,1,2,0,5.0,51,1,1,1,1,0,0,1,1,0,0,0,1,Medium,1.9615384615384615,22.0,0.19230769230769232,1.25,0.39149999999999996
23,76,1,1,1,7.0,61,1,1,3,1,0,0,2,4,0,0,0,0,Medium,2.5416666666666665,17.48,0.2916666666666667,1.0,0.5065
23,75,2,1,1,8.0,80,2,1,0,0,2,1,1,4,0,0,1,1,Medium,3.3333333333333335,17.25,0.3333333333333333,1.0,0.6200000000000001
20,78,0,1,1,5.0,92,0,1,1,1,1,0,2,3,0,0,2,0,Low,4.380952380952381,15.6,0.23809523809523808,0.75,0.4055
20,67,2,2,0,6.0,59,0,1,1,1,1,1,0,4,0,1,0,1,Low,2.8095238095238093,13.4,0.2857142857142857,1.5,0.27349999999999997
16,85,1,0,0,10.0,79,0,1,1,2,1,1,1,3,0,1,0,0,Low,4.647058823529412,13.6,0.5882352941176471,1.0,0.35350000000000004
24,75,2,0,0,7.0,57,1,1,0,1,1,0,1,1,0,2,0,0,Low,2.28,18.0,0.28,1.0,0.378
23,94,1,0,1,4.0,78,1,1,2,2,2,0,1,4,0,0,1,0,High,3.25,21.62,0.16666666666666666,1.0,0.537
23,90,2,1,1,5.0,51,1,1,0,0,2,0,0,1,0,0,0,0,Medium,2.125,20.7,0.20833333333333334,1.0,0.354
17,84,0,1,1,7.0,78,0,1,0,2,2,0,1,5,1,1,1,1,Low,4.333333333333333,14.28,0.3888888888888889,1.0,0.31200000000000006
7,75,1,2,1,7.0,76,1,1,0,1,0,1,2,4,0,1,1,1,Low,9.5,5.25,0.875,1.25,0.45400000000000007
27,68,2,1,0,6.0,52,1,1,1,1,0,1,1,5,0,2,2,1,Low,1.8571428571428572,18.36,0.21428571428571427,1.25,0.39549999999999996
17,91,2,0,1,10.0,84,1,1,7,0,2,0,1,4,1,1,1,0,High,4.666666666666667,15.47,0.5555555555555556,0.75,0.7484999999999999
15,79,0,1,1,10.0,79,1,1,2,0,1,1,1,4,0,1,1,0,Low,4.9375,11.85,0.625,0.5,0.541
24,69,1,2,1,7.0,81,0,1,3,1,1,1,1,4,0,0,0,1,Medium,3.24,16.56,0.28,1.25,0.43650000000000005
18,68,1,1,1,8.0,76,2,1,2,2,1,0,1,3,0,2,0,0,Low,4.0,12.24,0.42105263157894735,1.25,0.679
26,67,0,2,0,8.0,86,1,1,2,0,1,0,0,2,1,0,0,1,Low,3.185185185185185,17.42,0.2962962962962963,0.75,0.569
24,91,1,0,1,9.0,76,2,1,1,0,0,0,2,4,0,1,0,1,High,3.04,21.84,0.36,0.5,0.6415000000000001
24,69,2,0,1,6.0,96,1,1,4,2,1,0,2,4,0,1,1,0,High,3.84,16.56,0.24,1.25,0.684
12,81,1,2,0,10.0,97,0,1,1,0,1,1,2,5,0,0,0,1,Low,7.461538461538462,9.72,0.7692307692307693,1.0,0.4255
27,78,1,1,1,7.0,86,1,1,3,1,1,0,2,2,0,0,1,1,High,3.0714285714285716,21.06,0.25,1.0,0.6065
22,83,2,2,0,8.0,96,1,0,2,1,2,0,2,0,0,1,0,1,High,4.173913043478261,18.26,0.34782608695652173,1.25,0.609
18,95,0,2,0,7.0,96,1,1,2,1,2,1,2,4,1,0,1,0,High,5.052631578947368,17.1,0.3684210526315789,1.0,0.609
21,95,1,1,0,7.0,63,1,1,1,0,1,1,2,4,0,2,0,0,High,2.8636363636363638,19.95,0.3181818181818182,0.75,0.4395
9,78,2,1,1,7.0,100,0,1,2,1,1,0,2,2,0,0,0,0,Low,10.0,7.02,0.7,1.25,0.47500000000000003
22,61,2,1,0,5.0,63,0,1,1,0,1,0,2,3,0,2,0,0,Low,2.739130434782609,13.42,0.21739130434782608,1.0,0.2895
14,77,2,2,0,4.0,51,0,1,5,0,1,0,2,3,0,1,1,0,Low,3.4,10.78,0.26666666666666666,1.25,0.3915
12,84,2,1,1,7.0,98,2,1,1,0,1,0,2,3,0,0,0,1,Medium,7.538461538461538,10.08,0.5384615384615384,1.0,0.7294999999999999
11,82,0,0,0,6.0,61,0,1,2,1,1,0,1,2,0,0,0,1,Low,5.083333333333333,9.02,0.5,0.5,0.319
27,86,1,1,1,8.0,79,1,1,2,0,2,1,2,4,0,1,0,0,High,2.8214285714285716,23.22,0.2857142857142857,0.75,0.541
16,66,2,2,0,8.0,99,1,1,1,0,2,1,2,3,0,0,1,0,Low,5.823529411764706,10.56,0.47058823529411764,1.25,0.5835
29,86,0,0,1,7.0,52,1,1,1,0,1,0,2,3,0,1,0,1,Medium,1.7333333333333334,24.94,0.23333333333333334,0.25,0.39549999999999996
17,67,0,1,0,9.0,63,2,1,1,0,2,0,0,4,0,1,2,0,Low,3.5,11.39,0.5,0.5,0.5895
10,90,2,1,1,7.0,80,0,1,0,1,1,0,1,5,0,0,0,1,Medium,7.2727272727272725,9.0,0.6363636363636364,1.25,0.32000000000000006
13,74,2,2,1,5.0,88,0,1,3,0,1,1,1,3,1,1,0,1,Low,6.285714285714286,9.62,0.35714285714285715,1.25,0.4645
27,88,1,1,1,7.0,90,1,1,3,1,1,0,2,4,0,2,1,1,High,3.2142857142857144,23.76,0.25,1.0,0.6225
19,62,2,1,1,9.0,94,1,1,0,2,0,0,1,4,0,2,0,1,Low,4.7,11.78,0.45,1.5,0.526
17,76,2,1,1,4.0,58,1,1,4,1,1,1,1,2,0,2,1,1,Medium,3.2222222222222223,12.92,0.2222222222222222,1.25,0.532
21,88,2,0,1,7.0,69,1,1,4,1,1,1,1,3,0,1,0,0,High,3.1363636363636362,18.48,0.3181818181818182,1.0,0.576
23,69,2,0,1,8.0,86,2,1,0,1,2,0,1,4,0,1,2,0,Low,3.5833333333333335,15.87,0.3333333333333333,1.0,0.644
27,92,1,1,1,10.0,86,2,1,0,0,0,1,2,3,0,0,1,0,High,3.0714285714285716,24.84,0.35714285714285715,0.75,0.644
29,85,2,1,1,9.0,65,2,0,4,0,1,1,1,4,0,2,1,0,High,2.1666666666666665,24.65,0.3,0.75,0.7100000000000001
18,84,1,1,1,7.0,65,1,1,2,1,1,0,0,3,0,0,0,1,Low,3.4210526315789473,15.12,0.3684210526315789,1.0,0.48500000000000004
12,74,2,0,1,8.0,66,0,1,1,0,1,0,2,2,0,0,0,0,Low,5.076923076923077,8.88,0.6153846153846154,0.75,0.3015
18,79,2,1,1,4.0,95,0,1,1,0,2,0,0,2,0,0,1,1,Low,5.0,14.22,0.21052631578947367,1.0,0.4175
22,84,0,2,1,5.0,95,1,1,2,0,2,0,1,3,0,0,1,0,Medium,4.130434782608695,18.48,0.21739130434782608,0.75,0.605
14,79,1,1,1,8.0,51,1,1,0,1,2,0,0,4,0,0,0,0,Low,3.4,11.06,0.5333333333333333,1.0,0.354
14,88,1,1,1,7.0,66,1,1,4,1,2,0,2,3,0,0,0,1,Medium,4.4,12.32,0.4666666666666667,1.0,0.5640000000000001
22,77,2,0,1,7.0,70,1,1,2,1,1,1,2,4,0,2,0,0,Medium,3.0434782608695654,16.94,0.30434782608695654,1.0,0.5049999999999999
20,68,2,0,1,7.0,99,2,1,0,0,1,0,2,2,1,1,1,1,Low,4.714285714285714,13.6,0.3333333333333333,0.75,0.696
20,69,1,2,1,7.0,97,1,1,3,1,2,0,2,3,1,1,0,1,Medium,4.619047619047619,13.8,0.3333333333333333,1.25,0.6505000000000001
15,60,1,1,1,7.0,81,0,1,4,0,2,0,2,2,0,0,0,0,Low,5.0625,9.0,0.4375,0.75,0.4740000000000001
19,72,2,1,1,5.0,52,0,1,1,0,1,0,2,2,0,0,0,0,Low,2.6,13.68,0.25,1.0,0.24550000000000002
14,90,1,2,1,7.0,60,1,1,2,1,1,0,1,4,0,2,0,0,Medium,4.0,12.6,0.4666666666666667,1.25,0.465
25,92,0,2,0,5.0,72,1,1,1,1,1,0,2,4,0,0,0,1,High,2.769230769230769,23.0,0.19230769230769232,1.0,0.4754999999999999
26,68,1,2,0,6.0,98,0,1,2,1,1,1,1,3,0,1,2,1,Medium,3.6296296296296298,17.68,0.2222222222222222,1.25,0.467
9,98,2,1,0,9.0,55,0,1,3,0,1,0,2,2,0,0,0,0,Medium,5.5,8.82,0.9,1.0,0.3325
14,80,2,0,1,7.0,90,2,1,2,0,2,0,0,2,0,1,2,1,Low,6.0,11.2,0.4666666666666667,0.75,0.735
11,97,1,2,1,8.0,60,1,1,0,1,0,1,2,3,0,0,0,0,Medium,5.0,10.67,0.6666666666666666,1.25,0.39
16,88,0,2,0,7.0,75,0,1,2,1,1,0,1,4,0,2,0,1,Medium,4.411764705882353,14.08,0.4117647058823529,1.0,0.37500000000000006
19,89,1,1,1,6.0,88,0,1,1,1,2,0,2,2,0,0,0,1,Medium,4.4,16.91,0.3,1.0,0.3895
11,63,2,2,1,5.0,85,2,0,0,0,2,0,2,4,1,0,1,1,Low,7.083333333333333,6.93,0.4166666666666667,1.0,0.64
14,69,1,1,1,6.0,89,2,1,2,2,2,1,2,5,0,0,1,1,Low,5.933333333333334,9.66,0.4,1.25,0.731
14,60,1,1,1,7.0,91,1,1,1,0,2,1,0,3,0,2,0,0,Low,6.066666666666666,8.4,0.4666666666666667,0.75,0.5515
21,89,0,0,1,8.0,65,1,1,2,0,0,0,1,3,0,1,0,1,Medium,2.9545454545454546,18.69,0.36363636363636365,0.25,0.48500000000000004
20,74,2,1,0,7.0,68,2,1,3,1,1,0,2,4,0,0,2,0,Medium,3.238095238095238,14.8,0.3333333333333333,1.25,0.6845000000000001
16,91,1,0,0,8.0,91,0,1,2,1,1,0,1,2,0,0,2,1,Low,5.352941176470588,14.56,0.47058823529411764,0.75,0.43900000000000006
21,74,1,1,1,5.0,52,1,1,3,1,1,1,2,1,0,0,0,0,Low,2.3636363636363638,15.54,0.22727272727272727,1.0,0.4705
17,93,2,1,0,8.0,76,0,1,0,0,1,1,0,3,0,0,1,1,Medium,4.222222222222222,15.81,0.4444444444444444,1.0,0.30400000000000005
18,65,2,1,1,5.0,96,1,1,1,2,1,1,1,2,0,0,0,1,Low,5.052631578947368,11.7,0.2631578947368421,1.5,0.5715
30,67,1,1,1,8.0,94,1,1,1,1,1,0,1,2,0,1,0,1,Medium,3.032258064516129,20.1,0.25806451612903225,1.0,0.5635
28,74,1,2,0,8.0,90,2,1,2,1,1,0,2,3,0,2,0,0,High,3.103448275862069,20.72,0.27586206896551724,1.25,0.735
12,76,1,0,1,4.0,51,1,1,0,0,1,1,1,1,0,0,0,1,Low,3.923076923076923,9.12,0.3076923076923077,0.5,0.354
25,74,0,2,1,8.0,94,2,1,0,0,1,0,2,4,0,0,1,1,Medium,3.6153846153846154,18.5,0.3076923076923077,0.75,0.6759999999999999
25,91,0,1,1,8.0,96,1,1,3,1,1,0,1,3,0,0,0,1,High,3.6923076923076925,22.75,0.3076923076923077,0.75,0.6465000000000001
13,64,1,2,1,9.0,83,0,1,1,2,1,0,2,4,0,0,0,0,Low,5.928571428571429,8.32,0.6428571428571429,1.5,0.3695
25,74,0,1,1,6.0,65,2,1,0,2,1,0,1,1,0,0,1,0,Low,2.5,18.5,0.23076923076923078,1.0,0.56
29,93,2,2,0,7.0,74,1,1,3,1,2,1,2,3,0,0,0,0,High,2.466666666666667,26.97,0.23333333333333334,1.5,0.5585
13,63,0,1,0,8.0,88,1,1,0,0,1,1,0,2,0,0,0,0,Low,6.285714285714286,8.19,0.5714285714285714,0.5,0.502
14,98,1,1,1,8.0,91,0,1,0,0,1,0,0,4,0,0,1,0,Medium,6.066666666666666,13.72,0.5333333333333333,0.75,0.36400000000000005
26,99,1,1,1,8.0,67,1,1,4,1,1,1,2,4,1,0,0,0,High,2.4814814814814814,25.74,0.2962962962962963,1.0,0.5680000000000001
22,64,1,2,0,6.0,66,0,1,1,1,1,0,1,4,0,1,0,0,Low,2.869565217391304,14.08,0.2608695652173913,1.25,0.3015
23,72,1,2,0,8.0,87,0,1,3,1,0,0,1,3,0,0,0,0,Medium,3.625,16.56,0.3333333333333333,1.25,0.4605
22,75,2,1,1,8.0,84,0,1,3,2,1,0,0,3,0,1,0,0,Medium,3.652173913043478,16.5,0.34782608695652173,1.5,0.4485
22,91,1,0,1,7.0,76,1,1,1,0,2,0,1,3,0,1,1,1,Medium,3.3043478260869565,20.02,0.30434782608695654,0.5,0.49150000000000005
12,84,2,2,1,6.0,71,1,0,2,1,1,0,2,3,0,1,1,0,Medium,5.461538461538462,10.08,0.46153846153846156,1.25,0.5089999999999999
26,86,1,2,1,6.0,83,1,1,2,0,1,0,2,4,0,0,0,0,High,3.074074074074074,22.36,0.2222222222222222,1.0,0.5569999999999999
27,90,0,1,0,9.0,52,0,0,2,0,2,0,2,2,1,1,0,0,High,1.8571428571428572,24.3,0.32142857142857145,0.25,0.28300000000000003
19,65,1,2,1,8.0,54,1,1,0,0,2,1,1,3,0,0,2,1,Low,2.7,12.35,0.4,1.0,0.366
20,93,1,0,0,7.0,79,1,1,1,1,0,0,1,3,0,2,0,1,Medium,3.761904761904762,18.6,0.3333333333333333,0.75,0.5035000000000001
11,88,2,2,1,7.0,61,0,1,2,1,1,0,1,3,0,2,0,0,Medium,5.083333333333333,9.68,0.5833333333333334,1.5,0.319
23,83,2,2,1,4.0,89,0,1,1,1,1,0,0,3,0,0,2,0,High,3.7083333333333335,19.09,0.16666666666666666,1.5,0.3935
23,96,0,1,1,7.0,89,1,1,1,0,1,1,2,3,0,1,2,1,High,3.7083333333333335,22.08,0.2916666666666667,0.5,0.5435
20,88,0,1,1,5.0,85,1,1,2,1,1,0,0,3,0,0,0,0,Medium,4.0476190476190474,17.6,0.23809523809523808,0.75,0.565
27,68,1,1,1,7.0,95,0,1,0,1,1,0,2,4,0,0,0,0,Medium,3.392857142857143,18.36,0.25,1.0,0.38
18,77,2,1,1,9.0,57,0,1,1,0,2,0,0,2,0,2,0,0,Low,3.0,13.86,0.47368421052631576,1.0,0.26549999999999996
23,80,0,2,0,6.0,63,0,1,0,2,1,1,2,2,0,0,0,0,Low,2.625,18.4,0.25,1.25,0.252
14,62,1,2,1,7.0,63,1,1,2,0,1,0,2,2,0,1,1,1,Low,4.2,8.68,0.4666666666666667,1.0,0.47700000000000004
20,98,1,1,1,8.0,89,2,1,3,2,1,0,0,2,1,1,0,0,High,4.238095238095238,19.6,0.38095238095238093,1.25,0.7685
19,65,1,2,1,7.0,76,1,0,0,1,1,0,1,3,0,2,0,1,Low,3.8,12.35,0.35,1.0,0.45400000000000007
21,88,1,1,1,6.0,63,0,1,1,1,1,0,1,3,0,0,0,1,Medium,2.8636363636363638,18.48,0.2727272727272727,1.0,0.2895
18,80,1,2,1,7.0,57,1,1,2,0,0,0,2,3,0,2,2,1,Low,3.0,14.4,0.3684210526315789,1.0,0.453
19,61,1,2,1,8.0,95,2,1,4,1,1,1,2,3,0,1,0,0,Medium,4.75,11.59,0.4,1.25,0.83
25,97,0,2,1,7.0,85,2,1,3,2,1,0,1,1,0,2,0,0,High,3.269230769230769,24.25,0.2692307692307692,1.25,0.7525
17,94,0,0,0,7.0,76,2,1,3,0,2,0,1,3,1,1,2,0,Medium,4.222222222222222,15.98,0.3888888888888889,0.25,0.7165000000000001
10,81,0,1,1,9.0,98,1,1,2,0,1,0,1,2,0,1,0,0,Low,8.909090909090908,8.1,0.8181818181818182,0.5,0.617
30,69,1,1,0,8.0,92,1,1,2,1,0,0,1,3,0,0,0,1,Medium,2.967741935483871,20.7,0.25806451612903225,1.0,0.593
28,65,1,1,1,5.0,59,2,1,2,0,1,1,1,5,0,0,0,0,Medium,2.0344827586206895,18.2,0.1724137931034483,0.75,0.611
12,75,1,1,1,8.0,75,2,1,1,0,1,1,0,2,0,1,0,1,Low,5.769230769230769,9.0,0.6153846153846154,0.75,0.6375000000000001
24,70,1,2,1,8.0,74,0,1,2,1,2,0,0,3,0,0,0,0,Medium,2.96,16.8,0.32,1.25,0.371
17,80,1,1,1,5.0,92,1,1,0,0,1,1,0,4,0,2,0,1,Medium,5.111111111111111,13.6,0.2777777777777778,0.75,0.518
22,99,1,1,1,4.0,57,2,1,2,1,2,0,2,3,0,1,0,1,High,2.4782608695652173,21.78,0.17391304347826086,1.0,0.603
22,83,1,1,1,5.0,73,2,0,0,0,1,0,2,3,0,0,0,0,Medium,3.1739130434782608,18.26,0.21739130434782608,0.5,0.592
19,96,1,1,0,7.0,82,1,1,1,2,1,0,1,4,0,2,0,0,High,4.1,18.24,0.35,1.25,0.5155
15,86,0,1,0,9.0,97,1,1,2,1,1,0,0,4,0,0,0,0,Medium,6.0625,12.9,0.5625,0.75,0.613
16,79,2,0,1,6.0,95,1,1,0,2,1,0,1,5,0,1,0,0,Medium,5.588235294117647,12.64,0.35294117647058826,1.25,0.53
15,94,0,0,1,8.0,77,1,1,1,2,2,1,2,1,0,1,0,0,Medium,4.8125,14.1,0.5,0.75,0.49550000000000005
15,79,2,1,1,4.0,80,1,1,1,2,1,1,0,4,0,0,2,0,Low,5.0,11.85,0.25,1.5,0.5075000000000001
20,95,2,0,1,7.0,93,0,0,0,0,2,0,1,2,0,0,0,0,Medium,4.428571428571429,19.0,0.3333333333333333,0.5,0.37200000000000005
16,72,1,0,0,6.0,87,1,0,2,1,0,1,2,4,0,0,0,1,Low,5.117647058823529,11.52,0.35294117647058826,0.5,0.573
24,65,2,2,0,10.0,94,1,1,2,1,1,0,1,2,0,2,1,0,Medium,3.76,15.6,0.4,1.5,0.601
29,94,0,2,1,4.0,95,1,1,1,1,1,0,2,5,0,0,0,0,High,3.1666666666666665,27.26,0.13333333333333333,1.0,0.5675
17,83,0,1,1,7.0,92,0,1,3,0,1,0,1,2,1,0,1,0,Low,5.111111111111111,14.11,0.3888888888888889,0.5,0.48050000000000004
21,96,1,1,1,4.0,50,1,1,1,0,0,1,2,2,0,2,1,0,Medium,2.272727272727273,20.16,0.18181818181818182,0.75,0.38749999999999996
23,98,1,2,0,6.0,66,1,1,1,0,1,0,1,1,0,0,1,0,High,2.75,22.54,0.25,1.0,0.4515
23,62,1,0,1,4.0,70,2,1,3,1,2,0,2,2,0,1,1,1,Low,2.9166666666666665,14.26,0.16666666666666666,0.75,0.6924999999999999
20,80,1,1,0,10.0,84,1,1,1,1,1,0,2,4,0,1,0,0,Medium,4.0,16.0,0.47619047619047616,1.0,0.5235
24,75,0,1,0,6.0,65,1,0,0,1,1,0,2,5,0,1,1,0,Low,2.6,18.0,0.24,0.5,0.41000000000000003
23,85,1,2,0,7.0,66,0,0,0,2,2,0,1,2,0,1,0,0,Medium,2.75,19.55,0.2916666666666667,1.25,0.264
13,92,1,2,1,7.0,70,0,1,4,0,1,0,1,3,0,0,0,0,Medium,5.0,11.96,0.5,1.0,0.42999999999999994
25,71,1,1,1,5.0,98,0,1,0,0,1,0,2,1,0,2,2,0,Low,3.769230769230769,17.75,0.19230769230769232,0.75,0.392
25,82,2,1,0,9.0,72,2,1,0,2,1,0,2,0,0,1,0,1,High,2.769230769230769,20.5,0.34615384615384615,1.5,0.588
15,88,1,1,0,8.0,57,1,1,1,2,1,1,2,2,0,0,2,0,Low,3.5625,13.2,0.5,1.25,0.4155
20,65,1,2,1,8.0,50,1,1,0,0,1,0,2,5,0,0,0,0,Low,2.380952380952381,13.0,0.38095238095238093,1.0,0.35
24,93,1,2,0,5.0,62,1,1,1,0,1,0,1,1,0,1,0,1,High,2.48,22.32,0.2,1.0,0.4355
19,84,2,1,0,9.0,97,0,1,1,2,1,0,0,3,1,0,0,0,Medium,4.85,15.96,0.45,1.5,0.4255
26,98,0,2,1,9.0,98,0,1,4,0,0,0,2,2,0,1,1,0,High,3.6296296296296298,25.48,0.3333333333333333,0.75,0.542
34,74,2,0,1,7.0,76,1,1,2,0,2,0,2,2,0,1,0,1,High,2.1714285714285713,25.16,0.2,0.75,0.529
15,64,1,1,1,8.0,82,0,1,0,0,1,0,0,3,0,0,0,0,Low,5.125,9.6,0.5,0.75,0.328
12,80,1,0,0,7.0,90,1,1,3,0,1,0,1,3,0,0,0,1,Low,6.923076923076923,9.6,0.5384615384615384,0.5,0.6225
22,63,2,0,0,5.0,53,2,1,2,2,1,0,1,1,0,2,1,0,Low,2.3043478260869565,13.86,0.21739130434782608,1.25,0.587
24,99,1,1,1,7.0,69,1,1,0,1,1,1,2,3,0,0,0,0,High,2.76,23.76,0.28,1.0,0.42599999999999993
19,62,1,2,1,6.0,82,1,1,0,0,2,0,0,3,1,1,1,0,Low,4.1,11.78,0.3,1.0,0.478
29,90,0,1,1,7.0,95,1,1,0,2,2,0,1,2,1,0,0,0,High,3.1666666666666665,26.1,0.23333333333333334,1.0,0.53
12,81,2,1,1,9.0,86,1,1,2,1,2,0,0,2,0,2,0,0,Medium,6.615384615384615,9.72,0.6923076923076923,1.25,0.569
24,75,1,0,1,5.0,68,2,1,2,1,1,0,1,2,0,2,0,0,Medium,2.72,18.0,0.2,0.75,0.647
16,63,1,1,0,6.0,95,2,1,1,1,1,0,0,4,0,1,2,1,Low,5.588235294117647,10.08,0.35294117647058826,1.0,0.7174999999999999
30,85,0,1,0,6.0,83,1,1,2,1,1,0,2,3,0,1,0,1,High,2.6774193548387095,25.5,0.1935483870967742,0.75,0.5569999999999999
32,83,1,1,1,6.0,92,0,1,1,2,1,0,1,3,0,0,0,0,High,2.787878787878788,26.56,0.18181818181818182,1.25,0.4055
15,71,2,1,0,6.0,69,2,0,3,1,2,0,2,3,0,2,1,1,Low,4.3125,10.65,0.375,1.0,0.6884999999999999
17,96,1,1,1,7.0,50,0,1,1,1,1,1,0,4,0,0,0,1,Medium,2.7777777777777777,16.32,0.3888888888888889,1.0,0.23750000000000002
25,72,2,1,1,8.0,58,1,1,0,0,1,0,0,4,0,1,1,1,Low,2.230769230769231,18.0,0.3076923076923077,1.0,0.382
18,78,0,1,0,8.0,96,1,1,4,2,1,0,2,4,1,1,0,0,Medium,5.052631578947368,14.04,0.42105263157894735,1.0,0.684
20,82,0,0,1,7.0,52,0,1,0,1,1,1,1,3,0,1,0,1,Low,2.4761904761904763,16.4,0.3333333333333333,0.5,0.20800000000000002
20,64,1,1,1,8.0,80,2,1,1,1,1,1,2,3,0,0,0,0,Low,3.8095238095238093,12.8,0.38095238095238093,1.0,0.6575000000000001
8,97,2,1,1,10.0,70,2,1,0,0,0,0,1,1,0,0,0,0,Low,7.777777777777778,7.76,1.1111111111111112,1.0,0.58
20,75,2,2,1,7.0,71,2,1,1,1,2,0,2,4,0,1,1,0,Medium,3.380952380952381,15.0,0.3333333333333333,1.5,0.6214999999999999
16,63,2,2,0,9.0,70,0,1,2,1,2,1,0,5,0,1,1,1,Low,4.117647058823529,10.08,0.5294117647058824,1.5,0.355
17,75,0,2,1,8.0,53,1,1,1,0,2,0,2,3,0,1,0,1,Low,2.9444444444444446,12.75,0.4444444444444444,0.75,0.39949999999999997
29,84,2,1,1,10.0,56,2,1,3,0,2,0,1,4,0,2,2,1,High,1.8666666666666667,24.36,0.3333333333333333,1.0,0.6365000000000001
12,81,2,1,0,8.0,53,0,1,1,1,2,1,2,3,0,1,0,0,Low,4.076923076923077,9.72,0.6153846153846154,1.25,0.24950000000000003
25,88,0,2,1,6.0,53,1,1,2,1,2,0,0,4,0,1,0,1,High,2.0384615384615383,22.0,0.23076923076923078,1.0,0.437
18,62,1,1,1,7.0,54,1,1,2,1,2,1,2,3,0,2,1,0,Low,2.8421052631578947,11.16,0.3684210526315789,1.0,0.441
18,71,1,0,1,7.0,85,0,1,1,0,0,0,1,2,0,0,1,0,Low,4.473684210526316,12.78,0.3684210526315789,0.5,0.3775
25,93,1,2,0,8.0,56,2,1,0,0,0,1,1,3,0,0,0,0,Medium,2.1538461538461537,23.25,0.3076923076923077,1.0,0.524
22,63,2,0,0,6.0,63,0,1,1,1,0,0,0,2,0,2,1,0,Low,2.739130434782609,13.86,0.2608695652173913,1.0,0.2895
23,94,0,0,1,9.0,83,1,1,2,0,1,1,2,2,0,0,0,1,Medium,3.4583333333333335,21.62,0.375,0.25,0.5569999999999999
26,64,1,2,0,7.0,56,1,1,3,1,1,0,2,3,0,0,0,0,Low,2.074074074074074,16.64,0.25925925925925924,1.25,0.4865
18,93,1,2,1,8.0,96,1,1,2,1,0,0,2,2,0,0,1,1,High,5.052631578947368,16.74,0.42105263157894735,1.25,0.609
16,74,1,2,1,7.0,74,0,1,4,0,0,1,2,3,0,0,0,0,Low,4.352941176470588,11.84,0.4117647058823529,1.0,0.44599999999999995
13,84,2,1,0,7.0,98,1,0,0,0,0,0,1,4,1,0,0,0,Low,7.0,10.92,0.5,0.75,0.542
15,66,1,2,1,7.0,60,2,1,2,2,1,1,0,3,0,0,1,1,Low,3.75,9.9,0.4375,1.5,0.615
38,63,1,2,0,8.0,52,2,1,1,1,1,1,2,3,0,1,1,0,Medium,1.3333333333333333,23.94,0.20512820512820512,1.25,0.5455
27,69,2,2,1,10.0,80,1,0,1,1,2,0,2,4,1,0,0,1,Medium,2.857142857142857,18.63,0.35714285714285715,1.25,0.5075000000000001
12,65,2,2,1,4.0,66,1,1,0,1,2,0,1,2,0,0,0,1,Low,5.076923076923077,7.8,0.3076923076923077,1.5,0.41400000000000003
12,72,1,1,1,8.0,79,2,1,1,2,1,0,2,3,0,1,2,0,Low,6.076923076923077,8.64,0.6153846153846154,1.25,0.6535000000000001
23,81,1,0,1,7.0,74,1,1,0,0,1,0,1,0,0,2,0,1,Low,3.0833333333333335,18.63,0.2916666666666667,0.5,0.44599999999999995
23,84,1,2,1,7.0,73,1,1,1,2,1,0,2,4,0,0,0,0,High,3.0416666666666665,19.32,0.2916666666666667,1.5,0.4794999999999999
23,92,2,1,1,4.0,93,2,1,0,2,1,0,0,4,0,0,0,1,High,3.875,21.16,0.16666666666666666,1.5,0.672
18,86,2,1,0,8.0,60,1,1,2,0,2,1,1,1,0,1,0,0,High,3.1578947368421053,15.48,0.42105263157894735,1.0,0.465
19,84,1,2,1,7.0,75,0,1,1,0,1,0,0,2,0,1,2,0,Low,3.75,15.96,0.35,1.0,0.3375
22,76,1,1,1,6.0,71,1,1,0,0,2,1,1,2,0,0,1,0,Low,3.0869565217391304,16.72,0.2608695652173913,0.75,0.43399999999999994
21,79,0,1,1,7.0,84,0,1,2,1,1,1,1,3,0,0,0,0,Low,3.8181818181818183,16.59,0.3181818181818182,0.75,0.41100000000000003
7,77,0,1,1,7.0,53,2,1,4,0,1,1,2,2,0,1,1,1,Low,6.625,5.39,0.875,0.5,0.662
19,94,1,0,0,4.0,76,1,1,4,0,2,1,0,3,0,0,1,1,Medium,3.8,17.86,0.2,0.5,0.6040000000000001
15,69,1,1,1,7.0,74,2,1,2,0,1,1,1,5,0,2,0,1,Low,4.625,10.35,0.4375,0.75,0.6709999999999999
21,60,0,2,0,8.0,99,0,1,0,0,0,1,2,3,0,0,0,0,Low,4.5,12.6,0.36363636363636365,0.75,0.396
38,86,2,1,0,6.0,88,2,1,1,0,2,0,0,4,0,0,1,1,High,2.2564102564102564,32.68,0.15384615384615385,1.0,0.6895
22,68,1,0,1,7.0,58,1,1,0,1,1,0,1,3,0,2,0,0,Low,2.5217391304347827,14.96,0.30434782608695654,0.75,0.382
18,96,2,2,0,7.0,75,2,1,2,1,2,0,0,2,0,0,0,0,High,3.9473684210526314,17.28,0.3684210526315789,1.5,0.675
26,94,1,1,0,9.0,89,1,1,0,0,1,0,1,3,1,0,0,1,High,3.2962962962962963,24.44,0.3333333333333333,0.75,0.506
23,63,2,1,0,7.0,76,1,1,2,1,2,0,2,1,0,0,2,0,Low,3.1666666666666665,14.49,0.2916666666666667,1.25,0.529
23,64,1,2,1,8.0,68,0,1,3,0,2,0,1,3,0,0,0,1,Low,2.8333333333333335,14.72,0.3333333333333333,1.0,0.3845
24,80,1,1,1,7.0,69,0,1,0,1,2,1,2,3,0,1,2,0,Medium,2.76,19.2,0.28,1.0,0.27599999999999997
32,84,1,2,1,10.0,68,1,1,1,0,1,0,2,5,0,0,0,0,High,2.0606060606060606,26.88,0.30303030303030304,1.0,0.4595
13,71,1,2,1,6.0,51,0,1,4,2,1,0,2,4,0,1,1,1,Low,3.642857142857143,9.23,0.42857142857142855,1.5,0.354
23,89,2,2,0,6.0,87,1,1,4,1,2,1,1,3,0,1,0,1,High,3.625,20.47,0.25,1.5,0.648
14,84,1,1,0,7.0,81,1,1,0,2,1,0,1,2,0,1,0,1,Low,5.4,11.76,0.4666666666666667,1.25,0.4740000000000001
23,73,1,1,0,6.0,63,1,1,1,2,1,0,2,3,0,0,0,0,Medium,2.625,16.79,0.25,1.25,0.4395
14,61,1,1,0,5.0,82,0,0,0,0,1,0,1,0,0,0,0,1,Low,5.466666666666667,8.54,0.3333333333333333,0.5,0.328
17,90,2,2,0,8.0,65,1,1,2,0,2,0,2,3,0,2,1,0,High,3.611111111111111,15.3,0.4444444444444444,1.25,0.48500000000000004
18,69,0,2,1,4.0,62,2,1,1,1,0,0,1,3,0,0,1,0,Low,3.263157894736842,12.42,0.21052631578947367,1.0,0.5855
26,93,0,2,0,6.0,87,1,1,1,1,2,0,2,3,0,1,0,1,High,3.2222222222222223,24.18,0.2222222222222222,1.0,0.5355
26,77,2,1,1,5.0,90,1,1,1,1,1,1,1,2,0,0,2,1,Medium,3.3333333333333335,20.02,0.18518518518518517,1.25,0.5475
13,83,0,1,1,7.0,81,1,1,4,0,1,0,0,5,0,1,0,1,Low,5.785714285714286,10.79,0.5,0.5,0.6240000000000001
20,95,0,1,0,4.0,89,1,1,3,0,1,0,0,3,1,0,0,0,Medium,4.238095238095238,19.0,0.19047619047619047,0.5,0.6185
16,95,1,0,0,8.0,68,0,0,2,1,2,0,1,4,0,0,0,1,Low,4.0,15.2,0.47058823529411764,0.5,0.34700000000000003
12,75,1,2,0,8.0,54,0,1,1,1,2,0,0,3,0,0,0,1,Low,4.153846153846154,9.0,0.6153846153846154,1.25,0.2535
19,68,1,1,1,5.0,80,1,1,0,1,1,0,1,3,1,0,1,0,High,4.0,12.92,0.25,1.0,0.4700000000000001
18,91,1,1,0,7.0,63,1,1,1,1,1,0,0,4,0,1,0,0,Medium,3.3157894736842106,16.38,0.3684210526315789,1.0,0.4395
35,77,2,2,1,8.0,89,1,1,5,2,1,0,2,4,0,1,0,1,High,2.4722222222222223,26.95,0.2222222222222222,1.75,0.6935
23,68,2,0,1,8.0,68,1,1,1,1,1,0,1,2,0,1,0,0,Low,2.8333333333333335,15.64,0.3333333333333333,1.0,0.4595
12,96,2,2,1,5.0,84,0,1,3,2,1,0,2,4,0,2,0,1,High,6.461538461538462,11.52,0.38461538461538464,1.75,0.4485
17,68,1,0,1,5.0,78,1,1,4,0,0,0,2,2,0,1,0,0,Low,4.333333333333333,11.56,0.2777777777777778,0.5,0.6120000000000001
26,61,0,2,1,9.0,91,1,0,0,2,2,1,2,4,0,1,0,1,Medium,3.3703703703703702,15.86,0.3333333333333333,1.0,0.514
33,61,2,1,0,6.0,92,1,1,1,1,1,0,2,4,0,0,0,1,Medium,2.7058823529411766,20.13,0.17647058823529413,1.25,0.5555
10,85,0,0,1,6.0,53,2,1,1,0,1,1,1,3,1,0,1,0,Low,4.818181818181818,8.5,0.5454545454545454,0.25,0.5495
9,86,2,1,0,8.0,65,2,1,0,1,1,0,2,3,0,1,0,1,Low,6.5,7.74,0.8,1.25,0.56
31,72,0,2,1,5.0,94,2,1,2,0,0,0,2,2,0,0,0,0,High,2.9375,22.32,0.15625,0.75,0.7509999999999999
22,73,2,1,1,7.0,70,0,0,2,0,1,0,2,3,0,1,0,0,Low,3.0434782608695654,16.06,0.30434782608695654,0.75,0.355
15,74,2,1,1,8.0,76,1,1,1,1,0,0,1,4,0,0,2,0,Low,4.75,11.1,0.5,1.25,0.49150000000000005
23,87,1,2,0,5.0,59,1,1,1,2,0,0,1,4,0,1,0,0,High,2.4583333333333335,20.01,0.20833333333333334,1.5,0.4235
4,62,1,1,0,6.0,78,2,1,3,2,1,0,1,2,0,0,2,1,Low,15.6,2.48,1.2,1.25,0.7245000000000001
20,97,1,2,1,5.0,63,1,1,0,0,1,0,0,3,0,1,2,1,Medium,3.0,19.4,0.23809523809523808,1.0,0.402
22,69,1,1,1,6.0,91,0,1,0,2,2,1,1,1,1,0,1,0,Low,3.9565217391304346,15.18,0.2608695652173913,1.25,0.36400000000000005
26,100,0,1,0,9.0,60,1,1,2,1,1,0,2,4,0,0,0,0,High,2.2222222222222223,26.0,0.3333333333333333,0.75,0.465
14,67,1,1,1,9.0,68,0,1,1,0,1,0,1,3,1,0,0,0,Low,4.533333333333333,9.38,0.6,0.75,0.3095
21,91,1,1,1,7.0,55,2,1,2,2,1,1,1,3,0,0,0,1,High,2.5,19.11,0.3181818181818182,1.25,0.595
14,69,1,0,1,8.0,79,1,1,1,2,1,0,0,1,0,2,1,1,Low,5.266666666666667,9.66,0.5333333333333333,1.0,0.5035000000000001
22,63,1,1,1,8.0,97,1,1,1,2,2,0,1,3,0,0,1,1,Low,4.217391304347826,13.86,0.34782608695652173,1.25,0.5755
15,95,1,1,1,6.0,59,0,1,0,1,1,1,2,5,0,0,2,1,Low,3.6875,14.25,0.375,1.0,0.236
18,94,0,1,1,7.0,51,1,1,1,0,1,0,1,3,1,1,1,0,Low,2.6842105263157894,16.92,0.3684210526315789,0.5,0.39149999999999996
14,76,2,1,1,5.0,71,1,1,1,0,1,0,0,3,0,0,0,0,Low,4.733333333333333,10.64,0.3333333333333333,1.0,0.4714999999999999
24,88,2,1,1,6.0,87,1,1,1,2,0,1,2,3,0,0,0,1,High,3.48,21.12,0.24,1.5,0.5355
25,82,1,1,1,7.0,99,2,1,3,0,2,0,1,2,0,0,0,1,High,3.8076923076923075,20.5,0.2692307692307692,0.75,0.8085
19,94,0,2,0,5.0,53,1,1,1,1,1,0,1,3,0,0,0,1,Medium,2.65,17.86,0.25,1.0,0.39949999999999997
20,73,2,1,1,5.0,89,1,1,2,1,2,0,2,5,1,0,1,1,Medium,4.238095238095238,14.6,0.23809523809523808,1.25,0.581
11,81,0,1,1,6.0,68,2,1,2,2,1,1,0,3,0,2,2,1,Low,5.666666666666667,8.91,0.5,1.0,0.647
18,79,0,1,1,9.0,58,1,1,3,1,2,0,0,3,0,0,0,1,Low,3.0526315789473686,14.22,0.47368421052631576,0.75,0.4945
20,74,1,2,1,9.0,60,1,0,1,0,1,0,2,3,0,0,1,1,Low,2.857142857142857,14.8,0.42857142857142855,0.75,0.4275
36,96,1,0,0,7.0,96,1,1,1,0,2,0,2,3,0,1,1,1,High,2.5945945945945947,34.56,0.1891891891891892,0.5,0.5715
13,67,0,1,1,8.0,90,1,1,2,0,1,1,0,2,0,0,0,0,Low,6.428571428571429,8.71,0.5714285714285714,0.5,0.585
29,66,2,2,0,6.0,66,1,1,0,1,1,1,0,3,0,2,0,0,Medium,2.2,19.14,0.2,1.5,0.41400000000000003
26,83,1,1,0,4.0,97,0,1,2,0,2,0,0,4,0,1,1,0,High,3.5925925925925926,21.58,0.14814814814814814,0.75,0.463
22,86,2,1,0,6.0,55,1,1,5,2,0,1,0,3,0,2,0,1,High,2.391304347826087,18.92,0.2608695652173913,1.5,0.5575
31,68,0,2,1,7.0,66,0,1,0,0,1,0,2,3,0,0,0,0,Low,2.0625,21.08,0.21875,0.75,0.264
22,76,2,0,1,7.0,83,0,1,0,0,1,0,2,1,0,1,0,0,Low,3.608695652173913,16.72,0.30434782608695654,0.75,0.332
22,98,1,1,1,7.0,100,0,1,0,0,1,0,1,3,0,0,2,0,High,4.3478260869565215,21.56,0.30434782608695654,0.75,0.4
20,70,0,1,0,7.0,73,1,1,0,0,1,0,0,5,0,0,0,1,Low,3.4761904761904763,14.0,0.3333333333333333,0.5,0.44199999999999995
27,87,2,0,1,6.0,91,0,1,4,2,1,0,1,4,0,0,1,0,High,3.25,23.49,0.21428571428571427,1.25,0.514
27,90,2,1,0,8.0,96,2,1,0,1,1,0,0,4,0,0,1,0,High,3.4285714285714284,24.3,0.2857142857142857,1.25,0.6839999999999999
16,78,0,1,1,5.0,50,1,1,2,0,1,1,2,2,0,1,1,0,Low,2.9411764705882355,12.48,0.29411764705882354,0.5,0.425
12,98,2,0,1,8.0,64,1,0,5,0,1,0,1,5,0,1,0,1,Medium,4.923076923076923,11.76,0.6153846153846154,0.5,0.5935
19,89,1,1,1,6.0,55,1,1,0,1,2,0,2,2,0,2,1,0,Medium,2.75,16.91,0.3,1.0,0.37
15,78,2,2,1,10.0,89,0,1,0,1,1,0,1,3,0,0,0,0,Medium,5.5625,11.7,0.625,1.5,0.35600000000000004
20,83,2,2,1,7.0,78,2,1,3,0,1,1,1,2,0,1,0,1,High,3.7142857142857144,16.6,0.3333333333333333,1.25,0.7245000000000001
27,88,0,1,1,6.0,55,0,0,2,0,1,0,2,5,0,0,2,0,Medium,1.9642857142857142,23.76,0.21428571428571427,0.25,0.29500000000000004
17,84,0,0,1,6.0,71,0,1,0,1,1,1,0,4,1,0,0,0,Low,3.9444444444444446,14.28,0.3333333333333333,0.5,0.284
20,95,1,1,0,6.0,76,1,1,0,0,2,1,2,4,0,0,1,1,Medium,3.619047619047619,19.0,0.2857142857142857,0.75,0.45400000000000007
20,74,2,1,1,8.0,85,1,1,2,0,1,0,2,0,0,0,0,0,Medium,4.0476190476190474,14.8,0.38095238095238093,1.0,0.565
25,72,1,2,1,7.0,89,1,1,2,0,2,0,2,3,0,2,0,1,High,3.423076923076923,18.0,0.2692307692307692,1.0,0.581
7,69,1,2,1,8.0,54,2,1,1,1,2,0,2,2,0,0,2,0,High,6.75,4.83,1.0,1.25,0.5535
16,62,0,1,0,8.0,74,1,1,2,2,2,1,1,3,0,0,1,0,Low,4.352941176470588,9.92,0.47058823529411764,1.0,0.5209999999999999
21,62,2,0,1,7.0,58,1,1,2,0,2,0,2,1,0,1,0,1,Low,2.6363636363636362,13.02,0.3181818181818182,0.75,0.457
27,95,1,2,0,8.0,88,2,1,3,1,1,1,2,2,0,0,2,1,High,3.142857142857143,25.65,0.2857142857142857,1.25,0.7645
17,87,2,2,1,9.0,83,1,1,0,0,2,0,1,2,0,1,1,0,Medium,4.611111111111111,14.79,0.5,1.25,0.482
9,86,2,1,0,8.0,86,1,1,1,0,2,0,1,1,0,0,0,0,Low,8.6,7.74,0.8,1.0,0.5315
24,85,0,1,1,7.0,54,1,0,2,1,0,0,1,3,0,1,1,1,Low,2.16,20.4,0.28,0.5,0.441
16,94,1,1,1,8.0,76,0,1,3,1,1,0,0,4,0,2,0,1,High,4.470588235294118,15.04,0.47058823529411764,1.0,0.41650000000000004
13,79,2,2,0,5.0,92,1,1,3,1,1,0,1,3,0,0,0,0,Medium,6.571428571428571,10.27,0.35714285714285715,1.5,0.6305000000000001
16,95,0,0,0,10.0,86,1,1,4,2,1,0,2,2,0,1,0,1,High,5.0588235294117645,15.2,0.5882352941176471,0.75,0.644
19,74,2,2,0,8.0,93,2,1,1,1,1,0,0,3,0,0,0,0,Medium,4.65,14.06,0.4,1.5,0.7095
16,97,2,0,1,8.0,60,1,1,0,0,2,0,2,3,0,0,0,0,Medium,3.5294117647058822,15.52,0.47058823529411764,0.75,0.39
7,88,1,2,1,7.0,64,0,1,2,1,2,0,1,4,0,2,1,0,Low,8.0,6.16,0.875,1.25,0.331
25,70,1,1,1,4.0,72,1,1,0,0,0,0,1,4,0,1,1,0,Low,2.769230769230769,17.5,0.15384615384615385,0.75,0.43799999999999994
28,83,1,1,1,7.0,76,1,1,1,1,1,0,2,3,0,1,0,0,High,2.6206896551724137,23.24,0.2413793103448276,1.0,0.49150000000000005
24,81,1,0,1,7.0,63,1,1,1,0,1,0,2,3,0,0,1,0,Low,2.52,19.44,0.28,0.5,0.4395
13,66,0,1,1,6.0,69,0,1,2,0,1,1,2,4,0,0,0,0,Low,4.928571428571429,8.58,0.42857142857142855,0.5,0.351
19,84,1,1,1,6.0,84,1,1,3,1,2,0,1,2,0,2,1,0,Medium,4.2,15.96,0.3,1.0,0.5985
20,73,1,1,0,6.0,82,0,1,1,1,2,1,0,3,0,1,0,0,Low,3.9047619047619047,14.6,0.2857142857142857,1.0,0.3655
24,62,1,1,1,8.0,56,1,1,0,1,1,1,2,2,0,1,1,0,Low,2.24,14.88,0.32,1.0,0.374
24,98,1,0,1,9.0,99,2,1,2,0,2,0,1,2,0,2,2,1,High,3.96,23.52,0.36,0.5,0.7709999999999999
16,86,2,1,1,7.0,78,0,1,1,0,1,1,2,4,0,2,1,0,Medium,4.588235294117647,13.76,0.4117647058823529,1.0,0.34950000000000003
20,95,1,1,1,6.0,74,1,1,1,2,0,0,2,4,0,0,2,1,High,3.5238095238095237,19.0,0.2857142857142857,1.25,0.48349999999999993
23,87,1,1,1,6.0,98,1,1,3,1,1,0,1,3,0,1,0,0,High,4.083333333333333,20.01,0.25,1.0,0.6545000000000001
29,74,2,1,1,7.0,57,1,0,3,1,1,1,2,2,0,0,1,0,Medium,1.9,21.46,0.23333333333333334,1.0,0.4905
24,81,1,1,0,7.0,77,1,1,0,2,1,1,2,3,0,0,0,0,Medium,3.08,19.44,0.28,1.25,0.4580000000000001
25,87,2,1,1,8.0,90,1,1,1,0,1,0,0,4,0,0,0,1,High,3.4615384615384617,21.75,0.3076923076923077,1.0,0.5475
21,98,0,0,1,6.0,70,1,1,1,1,1,0,2,3,0,0,1,0,Medium,3.1818181818181817,20.58,0.2727272727272727,0.5,0.4674999999999999
28,70,2,0,1,8.0,87,2,1,3,0,1,0,1,3,0,2,1,0,High,3.0,19.6,0.27586206896551724,0.75,0.7605
22,95,1,0,1,8.0,95,1,0,2,0,2,1,1,4,0,0,0,1,High,4.130434782608695,20.9,0.34782608695652173,0.25,0.605
15,97,2,1,1,6.0,63,0,1,2,1,1,0,1,3,0,0,0,1,Medium,3.9375,14.55,0.375,1.25,0.327
28,87,2,1,1,4.0,62,2,1,2,0,2,0,2,4,0,0,0,1,High,2.1379310344827585,24.36,0.13793103448275862,1.0,0.623
24,97,1,1,1,6.0,68,0,1,1,1,2,0,1,4,0,1,0,0,High,2.72,23.28,0.24,1.0,0.3095
17,76,1,2,0,9.0,71,1,1,0,1,2,0,1,3,0,2,0,0,Medium,3.9444444444444446,12.92,0.5,1.25,0.43399999999999994
17,98,2,1,0,4.0,56,1,1,2,0,0,1,2,3,0,0,0,1,Medium,3.111111111111111,16.66,0.2222222222222222,1.0,0.449
22,88,0,1,1,9.0,62,1,1,1,2,1,1,0,3,0,1,0,0,Medium,2.6956521739130435,19.36,0.391304347826087,1.0,0.4355
23,62,2,0,0,4.0,94,1,1,0,1,0,1,2,3,0,2,2,1,Low,3.9166666666666665,14.26,0.16666666666666666,1.0,0.526
21,96,0,2,1,6.0,78,0,1,2,1,2,1,1,3,0,0,1,1,High,3.5454545454545454,20.16,0.2727272727272727,1.0,0.38700000000000007
22,79,2,1,1,6.0,63,1,1,1,1,2,0,1,4,0,0,0,1,Medium,2.739130434782609,17.38,0.2608695652173913,1.25,0.4395
30,78,1,2,1,10.0,97,1,1,1,0,0,1,2,2,0,0,2,0,High,3.129032258064516,23.4,0.3225806451612903,1.0,0.5755
26,83,1,2,1,7.0,89,1,1,3,0,1,1,2,3,0,0,1,0,High,3.2962962962962963,21.58,0.25925925925925924,1.0,0.6185
21,66,0,2,1,7.0,68,2,1,2,0,1,0,2,1,0,0,0,1,Low,3.090909090909091,13.86,0.3181818181818182,0.75,0.647
26,79,1,2,0,6.0,88,1,1,1,0,2,0,2,3,1,1,0,0,High,3.259259259259259,20.54,0.2222222222222222,1.0,0.5395
14,93,1,1,0,8.0,80,0,1,2,0,1,1,2,4,0,2,0,0,Medium,5.333333333333333,13.02,0.5333333333333333,0.75,0.3950000000000001
22,61,1,1,0,6.0,84,0,1,0,1,1,0,2,2,0,2,0,0,Low,3.652173913043478,13.42,0.2608695652173913,1.0,0.336
31,71,0,2,1,7.0,66,1,1,3,0,1,1,0,1,0,0,0,0,Medium,2.0625,22.01,0.21875,0.75,0.5265
19,60,2,2,1,6.0,60,2,1,1,0,1,0,2,2,0,1,0,0,Low,3.0,11.4,0.3,1.25,0.5775
15,77,0,1,1,8.0,63,1,1,0,1,1,0,1,1,0,0,0,1,Low,3.9375,11.55,0.5,0.75,0.402
16,89,2,1,0,8.0,54,1,1,2,0,2,1,2,2,0,1,1,0,Medium,3.176470588235294,14.24,0.47058823529411764,1.0,0.441
13,92,1,2,0,6.0,74,2,1,2,0,1,1,1,2,0,1,0,0,Medium,5.285714285714286,11.96,0.42857142857142855,1.0,0.6709999999999999
15,98,1,1,0,6.0,70,0,1,1,1,2,1,2,3,0,0,1,0,Medium,4.375,14.7,0.375,1.0,0.31749999999999995
18,84,1,0,1,6.0,50,1,1,4,2,2,1,0,3,0,2,0,0,Medium,2.6315789473684212,15.12,0.3157894736842105,1.0,0.5
12,70,1,1,1,7.0,93,1,1,1,0,2,0,1,4,0,0,2,1,Low,7.153846153846154,8.4,0.5384615384615384,0.75,0.5595
20,97,1,0,1,8.0,84,0,1,4,1,1,0,2,5,0,0,0,1,High,4.0,19.4,0.38095238095238093,0.75,0.486
25,91,0,1,0,7.0,72,1,1,1,1,2,1,1,3,0,1,2,0,Medium,2.769230769230769,22.75,0.2692307692307692,0.75,0.4754999999999999
15,83,1,2,0,4.0,98,0,1,3,0,2,0,2,3,0,0,1,1,Medium,6.125,12.45,0.25,1.0,0.5045
29,88,0,1,1,8.0,97,1,1,4,0,2,0,0,3,1,1,1,0,High,3.2333333333333334,25.52,0.26666666666666666,0.5,0.6880000000000001
23,97,0,2,1,5.0,55,1,1,0,1,0,0,1,3,0,0,1,1,Medium,2.2916666666666665,22.31,0.20833333333333334,1.0,0.37
26,88,0,2,0,6.0,81,1,1,1,2,1,0,2,2,0,0,0,0,High,3.0,22.88,0.2222222222222222,1.25,0.5115000000000001
16,75,1,2,1,7.0,91,0,1,2,0,0,0,2,5,0,0,2,0,Low,5.352941176470588,12.0,0.4117647058823529,1.0,0.43900000000000006
25,89,1,2,0,7.0,59,1,1,1,0,1,0,1,4,1,0,0,0,Medium,2.269230769230769,22.25,0.2692307692307692,1.0,0.4235
13,62,1,1,1,8.0,56,0,1,1,0,2,0,2,4,1,0,0,1,Low,4.0,8.06,0.5714285714285714,0.75,0.2615
25,75,1,1,1,6.0,63,0,1,3,2,1,1,1,4,0,0,0,0,Medium,2.423076923076923,18.75,0.23076923076923078,1.25,0.3645
21,76,0,2,0,6.0,64,1,1,1,1,1,0,1,4,0,0,0,1,Low,2.909090909090909,15.96,0.2727272727272727,1.0,0.4435
23,67,1,1,0,7.0,98,0,1,4,0,1,1,1,3,0,0,1,0,Low,4.083333333333333,15.41,0.2916666666666667,0.75,0.542
13,61,1,1,1,8.0,89,0,1,4,0,1,1,1,4,0,0,2,1,Low,6.357142857142857,7.93,0.5714285714285714,0.75,0.506
15,65,1,1,0,8.0,53,1,1,2,0,1,0,0,3,0,1,0,0,Low,3.3125,9.75,0.5,0.75,0.437
24,86,2,1,0,7.0,89,0,1,2,0,1,0,0,3,0,2,2,1,Medium,3.56,20.64,0.28,1.0,0.43100000000000005
14,92,1,2,1,9.0,58,2,1,1,2,0,0,2,2,0,0,0,0,Medium,3.8666666666666667,12.88,0.6,1.5,0.5695
23,100,1,1,1,9.0,68,1,1,4,2,2,1,0,3,0,2,0,0,High,2.8333333333333335,23.0,0.375,1.25,0.5720000000000001
12,74,1,2,1,8.0,66,0,1,1,0,1,0,0,4,0,0,0,1,Low,5.076923076923077,8.88,0.6153846153846154,1.0,0.3015
25,84,1,1,1,5.0,64,1,1,0,0,1,0,0,3,0,1,1,1,Medium,2.4615384615384617,21.0,0.19230769230769232,0.75,0.406
13,97,2,1,0,8.0,65,2,1,1,0,1,1,2,2,0,0,0,1,Medium,4.642857142857143,12.61,0.5714285714285714,1.0,0.5975
23,67,2,0,1,7.0,88,1,1,1,0,1,1,2,4,0,0,0,0,Low,3.6666666666666665,15.41,0.2916666666666667,0.75,0.5395
24,89,1,2,1,6.0,63,1,1,2,2,1,1,2,3,0,1,0,0,High,2.52,21.36,0.24,1.5,0.47700000000000004
16,90,2,0,0,6.0,90,1,1,2,2,1,0,1,3,0,0,0,0,Medium,5.294117647058823,14.4,0.35294117647058826,1.25,0.585
23,64,1,2,1,7.0,55,1,1,0,1,1,0,2,4,0,0,1,0,Low,2.2916666666666665,14.72,0.2916666666666667,1.25,0.37
22,94,1,2,0,6.0,80,0,1,0,2,1,1,2,2,0,2,0,0,High,3.4782608695652173,20.68,0.2608695652173913,1.5,0.32000000000000006
17,93,0,1,1,7.0,93,0,1,2,1,1,1,2,4,0,0,0,0,Medium,5.166666666666667,15.81,0.3888888888888889,0.75,0.44700000000000006
14,61,1,2,0,7.0,54,1,1,3,0,1,0,2,2,1,0,0,1,Low,3.6,8.54,0.4666666666666667,1.0,0.4785
8,64,2,1,0,7.0,82,2,1,0,2,1,0,1,1,1,2,0,1,Low,9.11111111111111,5.12,0.7777777777777778,1.5,0.628
22,62,2,0,0,8.0,76,1,1,1,1,0,0,1,3,0,0,0,0,Low,3.3043478260869565,13.64,0.34782608695652173,1.0,0.49150000000000005
11,73,1,1,0,7.0,67,1,0,3,1,2,1,2,5,1,2,0,0,Low,5.583333333333333,8.03,0.5833333333333334,0.75,0.5305
21,80,1,1,1,6.0,55,2,1,1,2,2,0,0,3,0,2,1,0,Medium,2.5,16.8,0.2727272727272727,1.25,0.5575
18,81,1,1,1,4.0,84,0,1,1,1,1,1,2,4,0,1,0,1,Medium,4.421052631578948,14.58,0.21052631578947367,1.0,0.3735
24,71,2,1,0,8.0,65,1,1,1,0,1,1,0,2,0,0,0,0,Low,2.6,17.04,0.32,1.0,0.4475
18,96,1,2,0,7.0,67,1,1,1,2,1,0,2,2,0,0,0,1,High,3.526315789473684,17.28,0.3684210526315789,1.5,0.4555
18,75,1,1,1,7.0,86,0,1,1,0,1,1,0,3,0,0,0,0,Low,4.526315789473684,13.5,0.3684210526315789,0.75,0.3815
24,62,1,1,0,9.0,97,1,1,1,1,1,1,0,2,0,2,0,0,Low,3.88,14.88,0.36,1.0,0.5755
22,72,2,1,1,5.0,67,0,1,2,1,1,0,1,4,0,1,0,1,Medium,2.9130434782608696,15.84,0.21739130434782608,1.25,0.343
22,81,2,1,0,7.0,87,0,1,0,0,1,0,1,2,0,0,0,1,Medium,3.782608695652174,17.82,0.30434782608695654,1.0,0.34800000000000003
23,76,0,1,1,6.0,98,1,1,1,0,2,0,1,3,0,1,1,0,Medium,4.083333333333333,17.48,0.25,0.5,0.5795
11,71,0,1,1,8.0,55,1,1,1,0,1,0,0,3,0,1,0,1,High,4.583333333333333,7.81,0.6666666666666666,0.5,0.4075
25,65,2,2,1,4.0,76,2,1,1,2,1,1,1,1,0,0,1,1,Medium,2.923076923076923,16.25,0.15384615384615385,1.75,0.6415000000000001
24,93,2,1,1,8.0,51,2,1,4,1,1,1,2,2,1,0,0,0,High,2.04,22.32,0.32,1.25,0.654
14,100,1,0,1,8.0,91,2,1,0,0,2,0,1,3,0,0,0,1,Medium,6.066666666666666,14.0,0.5333333333333333,0.5,0.664
19,73,1,1,1,6.0,64,0,1,1,2,1,0,2,3,0,1,1,1,Low,3.2,13.87,0.3,1.25,0.2935
20,75,2,1,1,7.0,67,0,1,1,0,1,1,2,4,0,0,0,1,Low,3.1904761904761907,15.0,0.3333333333333333,1.0,0.3055
19,85,2,2,0,6.0,84,0,1,3,1,1,1,0,3,0,2,0,0,High,4.2,16.15,0.3,1.5,0.4485
22,89,2,2,1,8.0,89,1,1,0,1,1,1,1,3,0,0,1,0,High,3.869565217391304,19.58,0.34782608695652173,1.5,0.506
29,76,1,2,1,8.0,70,0,0,1,0,0,0,1,4,0,1,1,1,Medium,2.3333333333333335,22.04,0.26666666666666666,0.75,0.31749999999999995
26,96,2,1,0,5.0,83,1,1,0,1,2,0,2,2,0,0,2,0,High,3.074074074074074,24.96,0.18518518518518517,1.25,0.482
12,82,0,1,0,5.0,98,1,1,0,0,2,0,1,1,0,0,1,0,Low,7.538461538461538,9.84,0.38461538461538464,0.5,0.542
24,78,2,0,1,9.0,94,0,1,0,0,2,0,1,4,0,0,1,1,Medium,3.76,18.72,0.36,0.75,0.376
28,86,0,1,0,10.0,85,1,1,6,0,2,0,1,2,0,0,0,0,High,2.9310344827586206,24.08,0.3448275862068966,0.5,0.715
22,98,1,1,0,8.0,97,0,1,1,2,1,1,2,1,1,2,0,1,High,4.217391304347826,21.56,0.34782608695652173,1.25,0.4255
27,92,1,1,0,8.0,94,1,0,1,0,1,1,0,4,0,1,0,1,High,3.357142857142857,24.84,0.2857142857142857,0.5,0.5635
32,62,2,1,0,7.0,86,0,1,0,0,1,0,2,2,0,0,0,1,Medium,2.606060606060606,19.84,0.21212121212121213,1.0,0.34400000000000003
26,73,1,1,0,7.0,96,2,1,0,1,2,1,1,3,0,0,0,1,Medium,3.5555555555555554,18.98,0.25925925925925924,1.0,0.6839999999999999
21,79,0,1,1,8.0,91,2,1,1,0,1,0,2,3,0,0,1,0,Medium,4.136363636363637,16.59,0.36363636363636365,0.5,0.7015
26,73,2,2,0,7.0,75,0,1,3,0,1,0,2,5,0,1,0,0,High,2.7777777777777777,18.98,0.25925925925925924,1.25,0.41250000000000003
21,88,1,0,0,9.0,75,2,0,1,1,2,1,1,2,0,2,1,1,Medium,3.409090909090909,18.48,0.4090909090909091,0.5,0.6375000000000001
20,93,1,1,1,7.0,50,1,1,1,2,2,0,2,4,0,1,0,0,High,2.380952380952381,18.6,0.3333333333333333,1.25,0.38749999999999996
18,89,2,0,1,7.0,52,1,1,1,2,2,0,2,3,0,2,0,1,Medium,2.736842105263158,16.02,0.3684210526315789,1.25,0.39549999999999996
29,100,1,1,1,7.0,87,1,0,3,0,1,0,0,5,0,1,0,1,High,2.9,29.0,0.23333333333333334,0.5,0.6105
15,71,2,0,0,7.0,78,1,1,0,1,1,1,2,3,0,0,0,0,Low,4.875,10.65,0.4375,1.0,0.4620000000000001
29,95,1,0,1,9.0,88,1,1,0,1,2,0,1,2,0,0,0,1,High,2.933333333333333,27.55,0.3,0.75,0.502
23,91,2,0,1,7.0,97,0,1,2,0,1,0,1,3,0,1,1,0,High,4.041666666666667,20.93,0.2916666666666667,0.75,0.463
12,74,2,1,0,7.0,73,1,1,1,0,1,0,1,5,0,0,0,0,Low,5.615384615384615,8.88,0.5384615384615384,1.0,0.4794999999999999
22,89,1,1,1,7.0,54,1,1,1,2,1,0,2,3,0,0,0,1,Medium,2.347826086956522,19.58,0.30434782608695654,1.25,0.40349999999999997
7,64,2,2,0,6.0,81,1,1,2,0,0,1,2,3,0,2,1,1,Low,10.125,4.48,0.75,1.25,0.549
24,92,1,1,1,5.0,55,1,0,1,1,1,0,1,4,0,1,0,0,Medium,2.2,22.08,0.2,0.75,0.4075
25,81,2,0,1,9.0,81,0,1,2,0,1,0,1,3,0,0,0,0,Medium,3.1153846153846154,20.25,0.34615384615384615,0.75,0.3990000000000001
16,72,2,1,1,9.0,76,2,1,6,0,0,0,0,3,0,0,0,0,Medium,4.470588235294118,11.52,0.5294117647058824,1.0,0.8290000000000001
21,86,1,1,1,9.0,86,2,1,2,1,1,0,1,3,0,2,0,0,High,3.909090909090909,18.06,0.4090909090909091,1.0,0.719
32,86,1,1,1,5.0,68,0,1,1,1,1,0,0,4,0,0,1,0,High,2.0606060606060606,27.52,0.15151515151515152,1.0,0.3095
17,68,2,1,0,9.0,57,1,1,2,1,0,0,1,3,0,0,1,0,Low,3.1666666666666665,11.56,0.5,1.25,0.453
14,61,0,2,0,10.0,62,1,1,0,2,1,0,0,4,0,1,1,1,Low,4.133333333333334,8.54,0.6666666666666666,1.25,0.398
29,77,1,1,0,9.0,84,1,1,0,0,2,0,1,3,0,1,0,1,Medium,2.8,22.33,0.3,0.75,0.486
32,83,1,1,1,9.0,74,1,1,3,0,1,0,1,3,0,1,1,0,High,2.242424242424242,26.56,0.2727272727272727,0.75,0.5585
20,95,0,0,1,8.0,77,1,1,1,2,2,0,2,2,0,0,0,0,Medium,3.6666666666666665,19.0,0.38095238095238093,0.75,0.49550000000000005
26,97,2,0,1,6.0,66,1,1,2,1,1,0,2,1,0,1,0,1,High,2.4444444444444446,25.22,0.2222222222222222,1.0,0.48900000000000005
28,81,1,2,1,8.0,92,1,1,1,2,1,0,2,3,0,1,0,1,High,3.1724137931034484,22.68,0.27586206896551724,1.5,0.5555
16,90,1,1,0,5.0,100,1,1,1,0,1,0,2,3,0,0,1,1,Medium,5.882352941176471,14.4,0.29411764705882354,0.75,0.5875
17,78,2,1,1,6.0,66,1,1,2,0,1,0,2,4,0,1,1,0,Medium,3.6666666666666665,13.26,0.3333333333333333,1.0,0.48900000000000005
27,90,1,2,0,7.0,86,2,1,2,1,1,0,2,3,0,1,1,0,High,3.0714285714285716,24.3,0.25,1.25,0.719
30,68,1,2,0,7.0,59,1,1,3,0,1,0,2,3,0,1,1,0,Medium,1.903225806451613,20.4,0.22580645161290322,1.0,0.4985
23,75,2,1,0,8.0,87,0,1,1,1,2,0,2,2,0,1,0,1,Medium,3.625,17.25,0.3333333333333333,1.25,0.3855
15,85,2,1,0,4.0,72,1,1,4,0,2,1,1,4,0,1,0,0,Medium,4.5,12.75,0.25,1.0,0.588
32,61,2,2,1,7.0,80,1,1,0,0,1,0,2,4,1,1,1,1,Medium,2.4242424242424243,19.52,0.21212121212121213,1.25,0.4700000000000001
17,89,0,2,0,8.0,62,1,1,1,0,2,0,2,1,0,0,1,0,Low,3.4444444444444446,15.13,0.4444444444444444,0.75,0.4355
18,93,0,0,1,8.0,93,1,1,3,0,2,0,0,3,0,2,1,0,Medium,4.894736842105263,16.74,0.42105263157894735,0.25,0.6345000000000001
22,76,1,1,1,8.0,59,1,1,1,0,1,0,2,2,0,1,0,1,Low,2.5652173913043477,16.72,0.34782608695652173,0.75,0.4235
29,78,0,1,1,7.0,96,2,1,5,0,1,0,2,4,0,1,1,0,High,3.2,22.62,0.23333333333333334,0.5,0.8714999999999999
25,94,1,0,1,6.0,53,0,1,1,1,1,0,0,3,0,0,0,1,Medium,2.0384615384615383,23.5,0.23076923076923078,0.75,0.24950000000000003
22,91,1,1,1,8.0,64,1,1,1,0,2,0,2,3,1,0,1,0,Medium,2.782608695652174,20.02,0.34782608695652173,0.75,0.4435
23,72,1,1,1,7.0,78,1,1,1,0,1,1,1,3,0,0,0,0,Low,3.25,16.56,0.2916666666666667,0.75,0.49950000000000006
20,73,1,0,1,8.0,93,2,1,1,0,2,0,0,4,0,0,2,0,Low,4.428571428571429,14.6,0.38095238095238093,0.5,0.7095
23,87,1,1,0,8.0,79,2,1,2,0,2,0,1,2,0,2,0,0,High,3.2916666666666665,20.01,0.3333333333333333,0.75,0.6910000000000001
5,83,1,1,1,7.0,61,1,1,2,0,1,0,0,4,0,0,1,0,Low,10.166666666666666,4.15,1.1666666666666667,0.75,0.46900000000000003
18,66,0,1,1,6.0,93,1,1,1,0,1,0,1,3,1,1,0,1,Low,4.894736842105263,11.88,0.3157894736842105,0.5,0.5595
21,72,1,2,1,9.0,80,0,1,1,1,1,0,1,3,0,0,0,1,Low,3.6363636363636362,15.12,0.4090909090909091,1.25,0.35750000000000004
13,96,1,2,0,8.0,62,1,1,0,2,1,1,1,2,0,2,0,0,Medium,4.428571428571429,12.48,0.5714285714285714,1.5,0.398
22,88,2,2,1,10.0,78,1,1,0,1,2,1,2,2,0,0,1,0,High,3.391304347826087,19.36,0.43478260869565216,1.5,0.4620000000000001
19,99,2,1,1,8.0,84,2,1,0,2,1,0,2,4,0,0,0,1,High,4.2,18.81,0.4,1.5,0.636
31,91,2,1,1,8.0,84,0,1,2,0,1,0,0,2,0,0,0,0,High,2.625,28.21,0.25,1.0,0.41100000000000003
29,98,1,2,0,5.0,86,0,1,2,1,1,1,0,4,0,0,2,0,High,2.8666666666666667,28.42,0.16666666666666666,1.25,0.41900000000000004
17,69,0,2,1,7.0,95,1,1,1,0,2,1,2,2,0,0,1,0,Low,5.277777777777778,11.73,0.3888888888888889,0.75,0.5675
19,91,0,2,1,7.0,91,1,1,1,2,2,0,1,3,0,0,0,1,High,4.55,17.29,0.35,1.25,0.5515
20,61,2,1,1,8.0,80,1,1,1,0,2,0,2,3,0,0,0,0,Low,3.8095238095238093,12.2,0.38095238095238093,1.0,0.5075000000000001
17,87,1,1,0,8.0,52,0,1,1,1,1,0,2,5,0,1,0,0,Medium,2.888888888888889,14.79,0.4444444444444444,1.0,0.24550000000000002
21,79,1,2,1,8.0,87,1,1,1,0,2,0,1,2,0,2,1,0,Medium,3.9545454545454546,16.59,0.36363636363636365,1.0,0.5355
15,74,0,2,0,10.0,99,0,0,0,0,1,1,1,3,0,1,1,0,Low,6.1875,11.1,0.625,0.5,0.396
13,94,0,2,1,6.0,65,2,1,2,1,1,0,1,2,0,2,1,0,Medium,4.642857142857143,12.22,0.42857142857142855,1.0,0.635
24,94,2,0,1,8.0,80,2,0,1,0,1,0,1,4,0,0,0,1,High,3.2,22.56,0.32,0.5,0.6575000000000001
24,61,1,1,1,8.0,88,0,1,1,0,1,1,2,4,0,0,1,1,Low,3.52,14.64,0.32,0.75,0.3895
15,84,1,1,0,10.0,82,1,1,1,2,0,1,0,2,1,0,0,0,Low,5.125,12.6,0.625,1.25,0.5155
25,75,0,2,1,8.0,96,2,1,1,0,1,1,1,0,0,1,0,0,Medium,3.6923076923076925,18.75,0.3076923076923077,0.75,0.7214999999999999
16,77,1,2,1,8.0,74,1,1,0,2,0,1,1,2,0,1,1,1,Low,4.352941176470588,12.32,0.47058823529411764,1.5,0.44599999999999995
22,93,2,1,0,8.0,77,1,1,0,2,1,0,1,1,0,0,0,1,High,3.347826086956522,20.46,0.34782608695652173,1.5,0.4580000000000001
25,72,1,1,1,8.0,52,0,1,0,1,1,1,2,2,0,2,0,0,Low,2.0,18.0,0.3076923076923077,1.0,0.20800000000000002
20,98,2,0,1,9.0,95,0,1,1,0,1,0,2,2,0,0,1,1,High,4.523809523809524,19.6,0.42857142857142855,0.75,0.4175
23,67,1,1,1,6.0,63,2,1,3,0,2,1,1,3,0,0,0,0,Low,2.625,15.41,0.25,0.75,0.6645000000000001
17,87,1,1,0,6.0,99,1,1,2,0,1,1,1,2,0,2,0,0,Medium,5.5,14.79,0.3333333333333333,0.75,0.621
19,87,2,2,0,10.0,60,2,1,2,1,0,1,2,3,0,0,1,0,Medium,3.0,16.53,0.5,1.5,0.615
19,70,2,2,0,4.0,63,1,1,1,0,1,1,1,3,0,1,2,1,Low,3.15,13.3,0.2,1.25,0.4395
16,73,1,1,1,7.0,74,0,1,1,0,2,0,2,3,0,0,1,0,Low,4.352941176470588,11.68,0.4117647058823529,0.75,0.33349999999999996
19,93,0,1,1,7.0,83,1,1,1,1,1,0,2,3,0,0,0,1,Medium,4.15,17.67,0.35,0.75,0.5195
11,90,1,1,1,7.0,72,2,1,3,1,1,0,0,3,0,0,0,1,Medium,6.0,9.9,0.5833333333333334,1.0,0.7004999999999999
17,73,0,1,1,9.0,68,0,1,2,1,1,0,2,3,1,1,0,1,Low,3.7777777777777777,12.41,0.5,0.75,0.34700000000000003
18,81,0,2,1,8.0,77,0,1,1,1,2,0,2,3,0,1,1,0,Medium,4.052631578947368,14.58,0.42105263157894735,1.0,0.34550000000000003
18,62,1,2,0,6.0,98,0,1,3,1,1,1,1,1,0,1,0,0,Low,5.157894736842105,11.16,0.3157894736842105,1.25,0.5045
19,68,1,1,1,6.0,98,0,1,2,0,1,0,2,1,0,0,1,1,Low,4.9,12.92,0.3,0.75,0.467
20,79,2,1,0,7.0,66,0,1,3,2,1,0,0,3,0,1,0,1,Medium,3.142857142857143,15.8,0.3333333333333333,1.5,0.3765
23,63,0,1,1,9.0,84,2,1,0,2,1,0,1,3,0,0,0,1,Low,3.5,14.49,0.375,1.0,0.636
25,94,2,1,0,7.0,86,0,0,2,0,1,1,0,4,0,1,1,0,High,3.3076923076923075,23.5,0.2692307692307692,0.75,0.41900000000000004
16,89,2,1,1,7.0,83,2,1,0,0,2,0,2,4,0,2,1,0,High,4.882352941176471,14.24,0.4117647058823529,1.0,0.632
13,98,2,0,1,6.0,56,1,1,1,2,0,0,0,3,0,1,1,1,Medium,4.0,12.74,0.42857142857142855,1.25,0.4115
14,88,2,2,1,8.0,77,1,1,2,1,1,0,2,3,0,1,2,0,Medium,5.133333333333334,12.32,0.5333333333333333,1.5,0.533
17,98,2,1,0,7.0,88,1,1,2,0,2,1,0,4,0,0,2,0,High,4.888888888888889,16.66,0.3888888888888889,1.0,0.577
18,82,2,2,0,6.0,60,1,1,5,1,2,0,0,3,0,1,0,0,Medium,3.1578947368421053,14.76,0.3157894736842105,1.5,0.5775
15,84,1,0,1,9.0,67,1,1,1,1,2,1,0,3,0,1,1,0,Low,4.1875,12.6,0.5625,0.75,0.4555
12,99,1,2,1,10.0,60,1,1,0,0,0,0,0,1,0,0,1,0,Low,4.615384615384615,11.88,0.7692307692307693,1.0,0.39
17,86,2,2,1,7.0,94,1,1,2,1,1,0,1,3,0,0,1,0,High,5.222222222222222,14.62,0.3888888888888889,1.5,0.601
21,61,1,0,1,7.0,93,0,1,1,0,2,1,0,5,0,0,0,0,Low,4.2272727272727275,12.81,0.3181818181818182,0.5,0.40950000000000003
24,89,0,1,0,5.0,58,1,1,3,2,1,0,2,3,0,0,0,1,Medium,2.32,21.36,0.2,1.0,0.4945
17,96,2,2,1,8.0,88,1,1,4,0,0,1,2,4,0,2,0,0,High,4.888888888888889,16.32,0.4444444444444444,1.25,0.652
18,92,1,1,1,8.0,68,0,1,2,2,2,1,2,3,0,0,0,0,High,3.5789473684210527,16.56,0.42105263157894735,1.25,0.34700000000000003
14,83,2,1,0,7.0,84,1,1,1,0,1,0,1,3,0,0,0,1,Low,5.6,11.62,0.4666666666666667,1.0,0.5235
20,87,0,2,1,6.0,75,1,1,0,0,1,0,2,3,1,2,0,0,Medium,3.5714285714285716,17.4,0.2857142857142857,0.75,0.45000000000000007
15,100,1,0,0,10.0,74,1,1,2,1,1,0,0,5,0,0,2,0,Medium,4.625,15.0,0.625,0.75,0.5209999999999999
23,64,1,1,1,8.0,94,0,1,2,1,1,1,2,5,0,0,1,1,Low,3.9166666666666665,14.72,0.3333333333333333,1.0,0.451
9,87,2,1,0,6.0,82,1,1,0,0,1,0,0,3,0,1,0,1,Low,8.2,7.83,0.6,1.0,0.478
18,71,0,1,1,8.0,62,1,1,3,2,2,0,2,2,0,1,0,0,Low,3.263157894736842,12.78,0.42105263157894735,1.0,0.5105
22,86,2,1,1,7.0,56,1,1,1,2,1,1,2,4,0,0,1,0,Medium,2.4347826086956523,18.92,0.30434782608695654,1.5,0.4115
21,84,0,1,0,7.0,97,1,1,2,0,0,0,1,4,0,0,1,1,Medium,4.409090909090909,17.64,0.3181818181818182,0.5,0.613
36,66,0,2,1,8.0,58,2,1,1,1,1,0,2,3,0,1,2,0,Medium,1.5675675675675675,23.76,0.21621621621621623,1.0,0.5695
22,68,1,1,0,4.0,87,2,1,2,1,1,0,1,3,0,2,2,1,Low,3.782608695652174,14.96,0.17391304347826086,1.0,0.723
14,85,1,1,0,4.0,75,2,1,2,2,1,0,0,1,1,0,2,1,Low,5.0,11.9,0.26666666666666666,1.25,0.675
19,65,1,1,0,9.0,57,0,1,1,1,1,0,2,2,1,0,0,1,Low,2.85,12.35,0.45,1.0,0.26549999999999996
9,71,0,2,1,7.0,89,1,1,0,0,1,0,0,2,0,0,0,0,Low,8.9,6.39,0.7,0.75,0.506
20,93,1,1,1,6.0,95,0,1,1,1,2,0,0,4,0,1,1,0,High,4.523809523809524,18.6,0.2857142857142857,1.0,0.4175
15,73,1,2,0,5.0,56,1,1,1,1,1,0,2,2,0,2,0,1,Low,3.5,10.95,0.3125,1.25,0.4115
25,80,2,0,0,7.0,53,1,1,1,1,1,1,1,3,0,1,1,0,Medium,2.0384615384615383,20.0,0.2692307692307692,1.0,0.39949999999999997
17,98,0,1,0,7.0,92,1,1,0,2,1,1,2,0,0,1,0,0,Medium,5.111111111111111,16.66,0.3888888888888889,1.0,0.518
19,69,1,0,1,9.0,75,1,1,2,1,0,0,0,5,0,0,1,1,Low,3.75,13.11,0.45,0.75,0.525
16,76,1,1,0,8.0,84,2,1,1,2,2,0,1,4,0,0,0,0,Low,4.9411764705882355,12.16,0.47058823529411764,1.25,0.6735
30,84,2,1,1,7.0,72,1,1,3,1,1,0,2,2,0,0,0,0,High,2.3225806451612905,25.2,0.22580645161290322,1.25,0.5505
18,90,2,2,0,8.0,71,2,0,0,0,1,0,1,3,0,0,0,1,Medium,3.736842105263158,16.2,0.42105263157894735,1.0,0.584
31,96,2,2,1,9.0,65,2,1,0,0,1,1,2,2,0,0,2,0,High,2.03125,29.76,0.28125,1.25,0.56
25,97,0,1,1,8.0,78,1,1,0,1,1,0,1,3,0,0,0,0,High,3.0,24.25,0.3076923076923077,0.75,0.4620000000000001
23,91,2,0,1,8.0,58,1,1,0,1,1,0,2,2,0,0,2,0,Medium,2.4166666666666665,20.93,0.3333333333333333,1.0,0.382
22,69,2,2,0,7.0,86,0,1,1,2,1,0,2,4,1,0,1,1,Medium,3.739130434782609,15.18,0.30434782608695654,1.75,0.3815
22,61,2,1,0,6.0,77,0,1,1,1,1,0,2,4,0,2,1,0,Low,3.347826086956522,13.42,0.2608695652173913,1.25,0.34550000000000003
8,75,1,1,0,5.0,92,1,1,5,2,2,0,2,4,0,0,1,0,Low,10.222222222222221,6.0,0.5555555555555556,1.25,0.7055
18,66,2,1,1,5.0,96,1,1,0,0,1,0,1,5,0,0,1,1,Low,5.052631578947368,11.88,0.2631578947368421,1.0,0.534
25,88,1,1,1,8.0,95,0,1,1,2,2,0,1,4,0,0,0,1,High,3.6538461538461537,22.0,0.3076923076923077,1.25,0.4175
20,86,1,1,1,8.0,80,2,1,2,1,1,0,1,2,0,1,0,0,High,3.8095238095238093,17.2,0.38095238095238093,1.0,0.6950000000000001
12,62,1,1,1,9.0,66,1,1,1,0,1,1,1,2,0,1,1,1,Low,5.076923076923077,7.44,0.6923076923076923,0.75,0.4515
20,93,1,1,1,8.0,68,1,1,1,0,0,0,1,3,0,0,1,0,Medium,3.238095238095238,18.6,0.38095238095238093,0.75,0.4595
30,70,1,2,1,9.0,83,1,1,1,2,1,1,1,2,0,2,0,1,High,2.6774193548387095,21.0,0.2903225806451613,1.5,0.5195
27,77,1,1,1,7.0,86,0,1,1,2,1,0,1,3,0,0,1,0,Medium,3.0714285714285716,20.79,0.25,1.25,0.3815
20,87,2,1,1,8.0,58,0,1,2,0,1,0,0,2,1,2,0,0,Medium,2.761904761904762,17.4,0.38095238095238093,1.0,0.307
26,77,1,1,1,5.0,100,0,1,1,0,2,1,2,5,0,0,0,1,High,3.7037037037037037,20.02,0.18518518518518517,0.75,0.4375
18,78,1,2,0,7.0,55,2,1,0,2,1,0,0,3,0,0,0,0,Low,2.8947368421052633,14.04,0.3684210526315789,1.5,0.52
10,63,1,1,0,4.0,80,1,1,0,0,1,0,2,3,0,1,0,0,Low,7.2727272727272725,6.3,0.36363636363636365,0.75,0.4700000000000001
14,76,2,0,0,7.0,77,0,0,2,2,1,0,2,4,0,1,0,0,Low,5.133333333333334,10.64,0.4666666666666667,1.0,0.38300000000000006
29,91,1,1,0,9.0,80,0,1,0,0,2,0,0,4,0,0,0,1,High,2.6666666666666665,26.39,0.3,0.75,0.32000000000000006
18,97,0,0,1,7.0,77,1,1,4,0,0,1,1,4,0,2,0,0,Medium,4.052631578947368,17.46,0.3684210526315789,0.25,0.6080000000000001
19,77,2,0,0,8.0,53,1,1,1,0,1,1,2,3,0,0,0,0,Low,2.65,14.63,0.4,0.75,0.39949999999999997
18,77,0,1,0,7.0,100,1,1,2,2,2,1,2,3,1,0,0,0,Medium,5.2631578947368425,13.86,0.3684210526315789,1.0,0.625
31,88,0,1,1,6.0,99,0,1,2,2,0,0,0,3,0,2,0,0,High,3.09375,27.28,0.1875,1.0,0.47100000000000003
30,98,1,2,0,7.0,76,2,1,1,0,1,0,1,3,0,1,0,0,High,2.4516129032258065,29.4,0.22580645161290322,1.0,0.6415000000000001
33,71,1,0,1,9.0,60,1,1,0,1,1,0,2,4,1,0,0,0,Medium,1.7647058823529411,23.43,0.2647058823529412,0.75,0.39
19,78,0,2,1,8.0,59,1,1,2,2,1,0,2,1,0,0,0,0,Low,2.95,14.82,0.4,1.25,0.461
22,92,1,1,0,6.0,53,1,1,4,2,1,0,1,4,1,0,0,0,Medium,2.3043478260869565,20.24,0.2608695652173913,1.25,0.512
11,84,2,1,0,5.0,81,0,1,1,0,1,1,0,3,0,0,1,1,Low,6.75,9.24,0.4166666666666667,1.0,0.36150000000000004
29,64,1,2,1,7.0,74,1,1,0,2,1,0,2,2,0,2,0,1,Medium,2.466666666666667,18.56,0.23333333333333334,1.5,0.44599999999999995
13,85,0,2,1,6.0,71,1,1,1,0,1,0,2,3,0,0,0,1,Low,5.071428571428571,11.05,0.42857142857142855,0.75,0.4714999999999999
21,67,2,1,1,7.0,76,1,1,1,1,2,1,1,2,1,0,0,0,Low,3.4545454545454546,14.07,0.3181818181818182,1.25,0.49150000000000005
13,80,1,1,1,5.0,94,2,1,1,1,1,1,2,3,0,0,0,1,Medium,6.714285714285714,10.4,0.35714285714285715,1.0,0.7134999999999999
16,81,1,2,0,9.0,54,1,1,3,1,2,0,0,3,0,2,1,0,Medium,3.176470588235294,12.96,0.5294117647058824,1.25,0.4785
15,95,1,1,0,7.0,77,2,1,0,0,1,1,1,3,0,0,0,1,Medium,4.8125,14.25,0.4375,0.75,0.6080000000000001
16,78,1,0,0,7.0,85,1,1,4,1,1,0,1,2,1,0,0,0,Low,5.0,12.48,0.4117647058823529,0.75,0.64
17,71,1,0,1,6.0,99,0,1,4,1,1,0,2,3,1,2,0,0,Low,5.5,12.07,0.3333333333333333,0.75,0.546
17,69,2,1,1,7.0,87,0,1,2,0,1,0,1,3,0,1,0,0,Low,4.833333333333333,11.73,0.3888888888888889,1.0,0.42300000000000004
25,95,1,1,1,7.0,77,2,0,0,0,2,0,1,3,0,2,0,0,High,2.9615384615384617,23.75,0.2692307692307692,0.5,0.6080000000000001
13,67,1,2,1,6.0,88,1,1,0,0,1,0,1,3,0,1,1,1,Low,6.285714285714286,8.71,0.42857142857142855,1.0,0.502
21,77,2,0,1,7.0,100,0,1,2,2,2,0,2,4,0,1,0,1,High,4.545454545454546,16.17,0.3181818181818182,1.25,0.47500000000000003
27,67,2,2,1,9.0,94,2,1,0,2,0,0,2,2,0,1,0,1,High,3.357142857142857,18.09,0.32142857142857145,1.75,0.6759999999999999
17,91,0,1,1,4.0,54,2,1,3,0,1,0,1,4,0,1,1,1,Medium,3.0,15.47,0.2222222222222222,0.5,0.6285000000000001
16,79,2,1,1,7.0,79,2,1,2,2,2,0,2,2,0,0,1,0,Medium,4.647058823529412,12.64,0.4117647058823529,1.5,0.6910000000000001
19,74,1,0,1,6.0,89,1,0,0,2,1,0,1,2,0,0,1,0,Low,4.45,14.06,0.3,0.75,0.506
27,74,1,2,1,9.0,84,0,1,3,2,1,1,0,3,0,1,0,1,High,3.0,19.98,0.32142857142857145,1.5,0.4485
21,94,1,1,0,7.0,71,0,0,1,0,2,1,1,2,0,2,0,0,Medium,3.227272727272727,19.74,0.3181818181818182,0.5,0.32149999999999995
17,82,1,1,1,5.0,66,1,1,1,1,0,0,2,3,0,0,0,1,Low,3.6666666666666665,13.94,0.2777777777777778,1.0,0.4515
23,89,0,2,0,7.0,81,1,1,2,0,2,0,1,2,0,2,1,0,High,3.375,20.47,0.2916666666666667,0.75,0.549
13,96,1,2,0,8.0,71,0,1,1,1,0,0,2,3,0,0,0,0,Medium,5.071428571428571,12.48,0.5714285714285714,1.25,0.32149999999999995
24,96,1,1,0,10.0,70,1,1,0,2,1,0,0,4,0,0,0,1,High,2.8,23.04,0.4,1.25,0.42999999999999994
22,73,0,2,1,4.0,92,1,1,0,0,1,0,2,4,0,2,1,0,Medium,4.0,16.06,0.17391304347826086,0.75,0.518
18,98,1,2,1,5.0,66,1,1,0,1,1,1,0,0,0,2,0,0,Medium,3.473684210526316,17.64,0.2631578947368421,1.25,0.41400000000000003
15,61,2,0,1,9.0,82,1,1,2,1,2,0,2,2,0,2,0,0,Low,5.125,9.15,0.5625,1.0,0.5529999999999999
15,75,2,1,0,5.0,94,0,0,1,0,1,0,0,3,1,0,1,1,Low,5.875,11.25,0.3125,0.75,0.4135
23,96,1,1,0,7.0,81,1,1,1,0,1,1,2,2,0,2,1,0,High,3.375,22.08,0.2916666666666667,0.75,0.5115000000000001
27,71,2,1,1,6.0,75,1,1,2,1,2,1,1,4,0,0,0,0,Medium,2.6785714285714284,19.17,0.21428571428571427,1.25,0.525
16,71,1,2,1,6.0,52,0,1,0,2,2,0,1,1,0,0,2,0,Low,3.0588235294117645,11.36,0.35294117647058826,1.5,0.20800000000000002
23,72,0,1,1,7.0,84,2,1,0,1,1,0,2,4,0,0,0,0,Low,3.5,16.56,0.2916666666666667,0.75,0.636
7,84,1,2,1,7.0,100,0,1,3,0,1,1,0,4,1,0,1,0,Low,12.5,5.88,0.875,1.0,0.5125
16,78,0,2,0,9.0,90,1,1,3,0,1,0,0,3,0,2,1,0,Low,5.294117647058823,12.48,0.5294117647058824,0.75,0.6225
20,89,2,1,1,9.0,82,1,1,2,2,2,0,1,3,0,1,0,1,High,3.9047619047619047,17.8,0.42857142857142855,1.5,0.5529999999999999
15,96,2,2,1,8.0,73,1,1,3,1,1,1,0,3,0,1,0,1,High,4.5625,14.4,0.5,1.5,0.5545
14,87,1,2,1,7.0,61,1,1,0,0,1,0,1,3,0,0,2,0,Low,4.066666666666666,12.18,0.4666666666666667,1.0,0.394
16,68,1,1,1,7.0,85,1,1,1,1,1,0,2,2,0,1,0,1,Low,5.0,10.88,0.4117647058823529,1.0,0.5275
22,97,1,2,1,8.0,59,1,1,1,0,1,0,0,3,0,0,0,0,High,2.5652173913043477,21.34,0.34782608695652173,1.0,0.4235
19,71,1,2,1,9.0,94,2,1,1,2,1,1,2,4,0,0,0,0,Medium,4.7,13.49,0.45,1.5,0.7134999999999999
7,66,2,0,1,8.0,68,2,1,0,0,1,0,0,2,1,1,1,0,Low,8.5,4.62,1.0,0.75,0.5720000000000001
7,64,1,2,0,9.0,70,2,1,4,0,0,0,1,4,1,0,2,0,Low,8.75,4.48,1.125,1.0,0.73
16,83,0,0,1,6.0,61,1,1,0,1,2,0,1,4,0,1,0,0,Low,3.588235294117647,13.28,0.35294117647058826,0.5,0.394
23,65,2,1,1,9.0,74,1,1,2,1,2,1,1,3,0,1,1,0,Medium,3.0833333333333335,14.95,0.375,1.25,0.5209999999999999
4,66,0,2,0,8.0,84,0,1,2,0,2,0,1,3,0,2,0,1,Low,16.8,2.64,1.6,0.75,0.41100000000000003
17,72,2,2,1,6.0,65,0,1,3,0,2,0,2,2,0,2,2,0,Medium,3.611111111111111,12.24,0.3333333333333333,1.25,0.3725
17,71,1,2,1,7.0,85,0,1,2,0,0,1,0,2,0,1,0,1,Low,4.722222222222222,12.07,0.3888888888888889,1.0,0.41500000000000004
28,84,1,1,1,7.0,81,1,1,1,1,2,0,0,3,0,1,0,0,High,2.793103448275862,23.52,0.2413793103448276,1.0,0.5115000000000001
18,93,0,1,1,7.0,69,1,1,0,0,1,0,1,2,0,1,0,0,Medium,3.6315789473684212,16.74,0.3684210526315789,0.5,0.42599999999999993
22,90,1,1,1,7.0,66,0,1,0,0,1,0,2,1,0,2,0,0,Medium,2.869565217391304,19.8,0.30434782608695654,0.75,0.264
21,70,2,1,1,5.0,93,2,1,1,0,1,0,1,3,0,1,0,0,Medium,4.2272727272727275,14.7,0.22727272727272727,1.0,0.7095
7,70,1,1,1,6.0,51,1,1,0,2,1,1,1,1,0,0,1,1,Low,6.375,4.9,0.75,1.25,0.354
25,99,2,2,0,7.0,86,0,0,3,1,1,0,2,3,0,1,0,1,High,3.3076923076923075,24.75,0.2692307692307692,1.25,0.4565
21,60,1,1,1,6.0,71,0,1,0,1,0,0,0,4,1,0,2,0,Low,3.227272727272727,12.6,0.2727272727272727,1.0,0.284
23,95,2,1,0,6.0,86,0,1,0,1,2,0,1,3,0,0,1,1,High,3.5833333333333335,21.85,0.25,1.25,0.34400000000000003
44,68,2,0,0,9.0,75,0,1,3,1,2,1,0,2,0,0,1,1,High,1.6666666666666667,29.92,0.2,1.0,0.41250000000000003
7,98,1,1,0,7.0,54,2,1,0,1,2,1,1,2,0,0,0,1,Low,6.75,6.86,0.875,1.0,0.516
30,74,1,0,0,10.0,99,1,1,1,2,1,1,2,2,0,0,1,0,Medium,3.193548387096774,22.2,0.3225806451612903,1.0,0.5835
18,78,2,1,1,7.0,54,0,0,4,0,2,0,1,4,1,1,1,1,Low,2.8421052631578947,14.04,0.3684210526315789,0.75,0.366
22,88,1,1,1,9.0,58,0,1,3,0,1,1,0,2,0,1,1,0,Medium,2.5217391304347827,19.36,0.391304347826087,0.75,0.3445
20,84,2,0,0,7.0,71,1,1,5,0,2,1,2,2,0,0,2,1,Medium,3.380952380952381,16.8,0.3333333333333333,0.75,0.6214999999999999
17,73,1,1,1,6.0,97,2,1,1,1,2,0,2,3,0,0,0,0,Medium,5.388888888888889,12.41,0.3333333333333333,1.0,0.7254999999999999
17,82,2,1,1,7.0,65,1,1,1,1,1,0,2,5,0,0,0,0,Medium,3.611111111111111,13.94,0.3888888888888889,1.25,0.4475
22,89,0,1,1,9.0,78,1,1,0,1,1,0,2,3,0,0,1,0,Medium,3.391304347826087,19.58,0.391304347826087,0.75,0.4620000000000001
11,62,2,1,1,7.0,76,2,1,3,2,1,1,1,3,1,0,1,0,High,6.333333333333333,6.82,0.5833333333333334,1.5,0.7165000000000001
25,60,1,2,1,8.0,67,1,1,1,1,2,0,1,2,0,1,0,1,Low,2.576923076923077,15.0,0.3076923076923077,1.25,0.4555
18,78,2,0,1,7.0,85,2,1,3,0,0,0,0,2,0,1,0,0,Medium,4.473684210526316,14.04,0.3684210526315789,0.75,0.7525
13,65,1,2,0,7.0,75,0,1,2,1,2,1,1,4,0,0,1,0,Low,5.357142857142857,8.45,0.5,1.25,0.37500000000000006
17,87,1,2,1,7.0,79,1,1,3,0,1,0,1,4,1,0,0,1,Medium,4.388888888888889,14.79,0.3888888888888889,1.0,0.5785
28,69,2,0,0,6.0,61,0,1,2,1,2,0,2,1,1,0,0,0,Low,2.103448275862069,19.32,0.20689655172413793,1.0,0.319
17,77,2,1,1,7.0,96,1,1,1,0,0,1,2,3,0,1,0,0,Medium,5.333333333333333,13.09,0.3888888888888889,1.0,0.5715
22,68,2,2,1,8.0,56,1,0,3,1,1,1,2,1,0,2,0,0,Medium,2.4347826086956523,14.96,0.34782608695652173,1.25,0.4865
16,82,1,1,1,7.0,85,1,1,1,2,1,0,1,4,0,0,0,0,Medium,5.0,13.12,0.4117647058823529,1.25,0.5275
25,65,1,0,0,7.0,94,0,1,1,0,2,0,2,3,0,0,2,0,Low,3.6153846153846154,16.25,0.2692307692307692,0.5,0.4135
24,61,1,1,0,8.0,54,1,1,1,0,1,0,1,2,1,0,1,0,Low,2.16,14.64,0.32,0.75,0.40349999999999997
31,62,1,1,1,7.0,51,1,1,2,1,1,0,1,1,0,1,2,1,Low,1.59375,19.22,0.21875,1.0,0.429
19,98,0,2,1,7.0,67,2,1,1,1,1,1,0,4,0,0,1,1,High,3.35,18.62,0.35,1.0,0.6055
24,66,1,2,0,8.0,89,1,1,0,1,2,0,2,2,0,1,0,0,Medium,3.56,15.84,0.32,1.25,0.506
21,88,2,0,0,7.0,86,1,1,1,0,1,1,2,2,0,0,1,0,Medium,3.909090909090909,18.48,0.3181818181818182,0.75,0.5315
28,63,1,1,1,7.0,91,1,1,1,0,1,1,2,1,0,0,2,0,Low,3.1379310344827585,17.64,0.2413793103448276,0.75,0.5515
16,64,2,1,1,8.0,70,0,1,3,2,2,1,0,3,0,0,2,1,Low,4.117647058823529,10.24,0.47058823529411764,1.5,0.39249999999999996
24,80,1,2,0,7.0,100,1,1,1,2,2,0,1,3,0,2,1,0,High,4.0,19.2,0.28,1.5,0.5875
19,79,2,1,1,7.0,68,1,1,2,2,2,0,0,1,0,1,0,1,Medium,3.4,15.01,0.35,1.5,0.49700000000000005
20,98,1,2,1,7.0,90,1,1,2,1,1,0,2,4,0,0,0,0,High,4.285714285714286,19.6,0.3333333333333333,1.25,0.585
21,98,2,1,1,7.0,68,2,1,0,1,1,0,2,3,1,1,0,1,High,3.090909090909091,20.58,0.3181818181818182,1.25,0.5720000000000001
22,91,1,2,0,5.0,61,1,1,3,0,2,0,1,2,0,2,2,0,High,2.652173913043478,20.02,0.21739130434782608,1.0,0.5065
19,84,2,1,1,7.0,67,0,1,0,1,0,0,2,3,0,2,0,1,Medium,3.35,15.96,0.35,1.25,0.268
21,78,1,2,0,10.0,60,1,1,3,2,1,0,0,5,0,0,1,0,Medium,2.727272727272727,16.38,0.45454545454545453,1.5,0.5025
29,74,1,1,0,6.0,56,0,1,2,0,2,0,1,3,0,2,0,1,Medium,1.8666666666666667,21.46,0.2,0.75,0.29900000000000004
26,98,0,2,1,6.0,68,1,1,1,0,1,1,1,1,0,2,1,0,High,2.5185185185185186,25.48,0.2222222222222222,0.75,0.4595
25,84,1,1,1,10.0,57,0,1,4,1,1,0,2,2,0,1,0,0,High,2.1923076923076925,21.0,0.38461538461538464,1.0,0.378
17,83,2,1,0,6.0,75,1,1,2,1,1,0,2,3,1,0,0,0,Medium,4.166666666666667,14.11,0.3333333333333333,1.25,0.525
15,69,0,1,1,9.0,52,1,1,0,2,1,0,1,3,0,1,0,1,Low,3.25,10.35,0.5625,1.0,0.358
26,62,2,0,1,7.0,72,0,1,1,1,1,0,1,3,0,1,1,1,Low,2.6666666666666665,16.12,0.25925925925925924,1.0,0.32549999999999996
25,98,0,1,0,7.0,98,1,1,1,1,1,0,0,4,0,2,0,0,High,3.769230769230769,24.5,0.2692307692307692,0.75,0.5795
29,73,2,1,0,7.0,68,0,1,1,0,2,1,2,4,1,0,1,0,Medium,2.2666666666666666,21.17,0.23333333333333334,1.0,0.3095
16,78,2,0,1,8.0,57,2,1,1,1,1,0,0,3,0,1,0,0,Low,3.3529411764705883,12.48,0.47058823529411764,1.0,0.5655
19,65,1,0,1,5.0,65,2,1,1,2,1,0,2,6,0,1,1,1,Low,3.25,12.35,0.25,1.0,0.5975
10,93,0,1,1,7.0,90,1,1,0,0,1,1,2,2,0,0,0,1,Low,8.181818181818182,9.3,0.6363636363636364,0.5,0.51
18,61,1,1,0,6.0,66,1,1,1,1,2,0,2,2,0,0,1,1,Low,3.473684210526316,10.98,0.3157894736842105,1.0,0.4515
26,93,0,1,0,4.0,69,1,1,2,0,1,0,1,3,0,0,0,0,High,2.5555555555555554,24.18,0.14814814814814814,0.5,0.5009999999999999
17,66,1,1,1,9.0,89,1,0,1,1,2,0,2,4,0,0,1,1,Low,4.944444444444445,11.22,0.5,0.75,0.5435
24,95,1,0,0,4.0,63,0,1,3,0,1,0,2,3,0,0,0,1,High,2.52,22.8,0.16,0.5,0.3645
19,89,1,0,0,10.0,74,1,1,1,0,1,0,2,2,0,0,1,1,Low,3.7,16.91,0.5,0.5,0.48349999999999993
22,67,0,2,1,8.0,53,1,1,0,1,2,0,0,3,0,0,2,0,Low,2.3043478260869565,14.74,0.34782608695652173,1.0,0.362
13,83,0,0,0,5.0,59,2,1,4,0,1,1,1,2,0,0,0,1,Low,4.214285714285714,10.79,0.35714285714285715,0.25,0.686
21,73,0,1,1,9.0,60,2,1,2,1,1,0,2,3,0,1,0,0,Low,2.727272727272727,15.33,0.4090909090909091,0.75,0.615
2,67,1,1,0,6.0,73,0,1,1,0,1,1,2,2,0,1,1,0,Low,24.333333333333332,1.34,2.0,0.75,0.32949999999999996
19,94,1,2,1,6.0,91,1,1,1,0,1,0,0,3,0,0,1,0,High,4.55,17.86,0.3,1.0,0.5515
10,76,1,0,0,4.0,68,1,1,1,2,0,1,1,6,0,1,0,0,Low,6.181818181818182,7.6,0.36363636363636365,1.0,0.4595
27,76,1,2,1,6.0,69,2,1,0,1,2,0,1,1,0,0,0,0,High,2.4642857142857144,20.52,0.21428571428571427,1.25,0.576
25,67,2,1,1,6.0,65,1,1,1,0,1,0,0,3,0,0,0,0,Low,2.5,16.75,0.23076923076923078,1.0,0.4475
23,75,1,0,1,8.0,66,1,1,5,1,0,0,1,3,0,0,0,0,Medium,2.75,17.25,0.3333333333333333,0.75,0.6015
29,95,2,1,0,9.0,70,1,0,1,0,1,1,2,2,0,2,0,1,High,2.3333333333333335,27.55,0.3,0.75,0.4674999999999999
14,75,1,1,1,5.0,95,1,1,0,1,1,0,2,3,0,1,1,0,High,6.333333333333333,10.5,0.3333333333333333,1.0,0.53
30,98,0,1,0,7.0,51,2,1,0,0,1,0,2,2,0,0,0,0,High,1.6451612903225807,29.4,0.22580645161290322,0.5,0.504
26,98,1,1,1,4.0,81,0,1,1,0,1,0,2,4,0,2,0,0,High,3.0,25.48,0.14814814814814814,0.75,0.36150000000000004
19,66,1,2,0,7.0,94,0,1,1,2,1,0,2,4,0,0,1,1,Low,4.7,12.54,0.35,1.5,0.4135
27,67,2,1,1,10.0,71,1,1,1,0,2,0,1,3,0,0,0,1,Medium,2.5357142857142856,18.09,0.35714285714285715,1.0,0.4714999999999999
13,95,1,1,1,4.0,83,0,0,1,0,2,0,1,4,0,1,1,0,Medium,5.928571428571429,12.35,0.2857142857142857,0.5,0.3695
15,76,2,2,1,5.0,79,1,1,4,1,1,0,1,4,0,2,1,1,Medium,4.9375,11.4,0.3125,1.5,0.6160000000000001
16,60,1,2,1,8.0,67,0,1,0,0,1,0,1,3,0,0,0,0,Low,3.9411764705882355,9.6,0.47058823529411764,1.0,0.268
17,71,1,0,0,8.0,57,1,1,3,1,2,1,2,4,0,0,0,1,Low,3.1666666666666665,12.07,0.4444444444444444,0.75,0.4905
14,84,0,2,0,6.0,61,0,1,1,2,1,0,2,2,0,1,2,0,Low,4.066666666666666,11.76,0.4,1.25,0.2815
27,92,0,1,1,9.0,53,0,1,2,0,1,0,0,2,0,1,2,0,Medium,1.8928571428571428,24.84,0.32142857142857145,0.5,0.28700000000000003
9,90,2,1,1,9.0,65,0,1,3,1,1,0,2,3,0,0,0,1,Medium,6.5,8.1,0.9,1.25,0.3725
21,89,2,2,1,7.0,76,1,1,1,1,1,0,2,2,0,0,0,0,High,3.4545454545454546,18.69,0.3181818181818182,1.5,0.49150000000000005
28,77,2,2,1,6.0,73,0,1,3,1,2,1,0,3,0,1,0,1,High,2.5172413793103448,21.56,0.20689655172413793,1.5,0.40449999999999997
15,99,1,2,1,6.0,73,2,1,1,2,2,0,0,5,0,2,0,0,High,4.5625,14.85,0.375,1.5,0.6295
23,74,0,0,0,9.0,61,0,1,0,1,0,0,2,4,0,2,0,0,Low,2.5416666666666665,17.02,0.375,0.5,0.244
21,97,1,1,0,8.0,71,2,1,2,2,2,0,1,1,0,1,1,0,High,3.227272727272727,20.37,0.36363636363636365,1.25,0.6589999999999999
22,97,0,1,0,8.0,75,1,1,1,1,1,1,2,4,0,2,0,0,High,3.260869565217391,21.34,0.34782608695652173,0.75,0.48750000000000004
28,70,1,1,1,9.0,87,0,1,0,0,1,0,1,3,0,0,1,0,Low,3.0,19.6,0.3103448275862069,0.75,0.34800000000000003
24,92,2,0,0,8.0,57,1,1,3,1,1,1,2,3,0,1,0,1,High,2.28,22.08,0.32,1.0,0.4905
22,77,1,1,1,10.0,79,2,1,2,1,0,0,1,2,0,0,0,0,Medium,3.4347826086956523,16.94,0.43478260869565216,1.0,0.6910000000000001
10,97,2,2,0,4.0,83,0,1,1,0,2,0,1,2,0,2,0,0,Medium,7.545454545454546,9.7,0.36363636363636365,1.25,0.3695
14,78,2,1,1,6.0,69,2,1,0,1,1,0,2,5,0,1,1,1,Medium,4.6,10.92,0.4,1.25,0.576
19,90,2,1,1,6.0,77,1,1,0,2,1,0,1,4,0,2,0,0,High,3.85,17.1,0.3,1.5,0.4580000000000001
21,79,1,0,0,5.0,86,0,1,1,2,1,1,2,2,0,0,1,1,Low,3.909090909090909,16.59,0.22727272727272727,1.0,0.3815
13,69,2,2,0,7.0,73,0,1,1,1,0,1,2,2,0,0,2,0,Low,5.214285714285714,8.97,0.5,1.5,0.32949999999999996
34,68,1,1,0,7.0,67,2,1,0,1,1,1,1,2,0,0,1,0,Medium,1.9142857142857144,23.12,0.2,1.0,0.5680000000000001
29,77,1,0,1,10.0,91,2,1,2,0,1,0,0,4,0,2,0,1,High,3.033333333333333,22.33,0.3333333333333333,0.5,0.739
24,90,2,2,0,8.0,99,2,1,0,0,1,0,1,3,0,1,1,1,High,3.96,21.6,0.32,1.25,0.696
20,84,2,2,0,6.0,61,1,1,3,1,1,1,1,2,0,0,0,0,Medium,2.9047619047619047,16.8,0.2857142857142857,1.5,0.5065
19,88,1,2,0,8.0,94,2,1,1,1,1,0,1,3,0,0,1,0,High,4.7,16.72,0.4,1.25,0.7134999999999999
14,71,2,2,0,4.0,77,1,1,0,1,1,0,0,3,0,0,0,1,Low,5.133333333333334,9.94,0.26666666666666666,1.5,0.4580000000000001
20,79,1,1,1,7.0,72,0,0,1,1,1,0,0,3,0,0,0,0,Low,3.4285714285714284,15.8,0.3333333333333333,0.75,0.32549999999999996
22,62,1,2,1,7.0,95,1,1,2,1,1,0,0,2,0,0,0,0,Low,4.130434782608695,13.64,0.30434782608695654,1.25,0.605
13,93,0,1,0,6.0,96,2,1,2,2,1,1,0,3,0,0,0,1,Medium,6.857142857142857,12.09,0.42857142857142855,1.0,0.7589999999999999
22,100,1,1,1,7.0,64,1,1,2,0,1,1,2,3,0,1,0,1,High,2.782608695652174,22.0,0.30434782608695654,0.75,0.48100000000000004
19,76,1,0,1,6.0,68,1,1,2,2,1,0,2,3,0,0,1,1,Low,3.4,14.44,0.3,1.0,0.49700000000000005
9,60,1,0,1,6.0,93,1,1,3,0,2,1,1,2,0,0,1,1,Low,9.3,5.4,0.6,0.5,0.6345000000000001
15,67,1,1,0,8.0,75,1,1,0,2,2,0,0,4,0,2,0,1,Low,4.6875,10.05,0.5,1.25,0.45000000000000007
18,86,0,0,1,9.0,64,0,1,3,0,2,0,2,3,0,0,0,1,Low,3.3684210526315788,15.48,0.47368421052631576,0.25,0.3685
31,84,0,1,1,8.0,98,0,1,1,1,1,0,2,4,0,2,0,1,High,3.0625,26.04,0.25,0.75,0.4295
23,92,1,1,1,6.0,61,0,1,4,0,1,0,2,4,0,1,0,0,High,2.5416666666666665,21.16,0.25,0.75,0.394
12,70,1,1,1,6.0,81,0,1,1,0,1,0,0,2,1,0,2,0,Low,6.230769230769231,8.4,0.46153846153846156,0.75,0.36150000000000004
23,91,1,0,1,6.0,71,1,1,5,0,2,0,1,3,0,0,1,1,High,2.9583333333333335,20.93,0.25,0.5,0.6214999999999999
11,88,1,0,1,7.0,73,0,1,1,1,0,1,1,3,1,1,0,1,Low,6.083333333333333,9.68,0.5833333333333334,0.75,0.32949999999999996
26,73,1,1,0,6.0,55,1,1,1,1,0,0,2,4,0,2,0,0,Medium,2.037037037037037,18.98,0.2222222222222222,1.0,0.4075
17,82,0,1,1,9.0,63,1,1,2,0,1,1,1,2,0,1,1,0,Low,3.5,13.94,0.5,0.5,0.47700000000000004
19,66,1,0,0,7.0,58,1,1,5,1,0,0,2,4,0,1,1,1,Low,2.9,12.54,0.35,0.75,0.5695
28,78,2,1,0,8.0,87,0,1,2,0,1,0,2,2,0,2,0,0,High,3.0,21.84,0.27586206896551724,1.0,0.42300000000000004
12,95,1,2,1,5.0,85,1,1,2,2,1,0,0,2,0,1,0,0,High,6.538461538461538,11.4,0.38461538461538464,1.5,0.565
12,77,1,0,1,6.0,90,1,1,2,1,0,0,1,2,0,0,0,1,Low,6.923076923076923,9.24,0.46153846153846156,0.75,0.585
16,94,0,1,0,8.0,85,1,1,3,0,2,0,1,2,0,0,0,1,Medium,5.0,15.04,0.47058823529411764,0.5,0.6025
26,84,1,1,1,8.0,56,1,0,1,1,1,0,0,2,0,1,0,1,Medium,2.074074074074074,21.84,0.2962962962962963,0.75,0.4115
11,68,1,2,1,5.0,99,1,1,1,2,1,0,1,4,0,2,0,1,Low,8.25,7.48,0.4166666666666667,1.5,0.5835
3,83,2,0,1,7.0,59,0,1,2,1,2,0,2,5,0,0,1,0,Low,14.75,2.49,1.75,1.0,0.311
17,80,1,1,1,7.0,68,1,1,0,1,1,1,0,5,1,1,0,1,Low,3.7777777777777777,13.6,0.3888888888888889,1.0,0.42200000000000004
23,76,1,2,1,6.0,85,0,1,2,0,1,0,2,3,1,0,2,0,Low,3.5416666666666665,17.48,0.25,1.0,0.41500000000000004
27,65,1,1,1,8.0,57,1,1,2,0,0,0,0,4,0,2,0,1,Low,2.0357142857142856,17.55,0.2857142857142857,0.75,0.453
17,77,0,1,1,5.0,59,1,1,2,1,2,1,1,4,0,0,0,0,Low,3.2777777777777777,13.09,0.2777777777777778,0.75,0.461
18,63,2,0,0,6.0,94,1,1,2,1,2,0,1,2,1,0,0,0,Low,4.947368421052632,11.34,0.3157894736842105,1.0,0.601
27,64,1,2,0,8.0,67,1,1,0,0,1,0,2,3,0,0,0,0,Low,2.392857142857143,17.28,0.2857142857142857,1.0,0.41800000000000004
9,77,0,2,1,7.0,83,1,1,1,0,2,1,1,4,1,0,2,0,Low,8.3,6.93,0.7,0.75,0.5195
18,72,1,1,1,7.0,93,1,1,1,1,1,0,2,3,0,1,0,1,Low,4.894736842105263,12.96,0.3684210526315789,1.0,0.5595
21,97,1,0,0,7.0,99,1,1,1,2,1,0,0,3,0,2,0,1,High,4.5,20.37,0.3181818181818182,1.0,0.5835
23,75,0,0,1,8.0,61,2,1,2,0,1,0,2,2,0,0,2,1,Low,2.5416666666666665,17.25,0.3333333333333333,0.25,0.619
17,90,1,1,1,8.0,56,0,1,0,1,1,1,1,4,0,1,0,1,Medium,3.111111111111111,15.3,0.4444444444444444,1.0,0.22400000000000003
20,81,1,1,0,8.0,87,1,1,1,2,1,1,1,3,0,0,0,0,Medium,4.142857142857143,16.2,0.38095238095238093,1.25,0.5355
5,88,1,1,0,7.0,59,1,1,3,0,1,0,0,3,0,1,0,1,Low,9.833333333333334,4.4,1.1666666666666667,0.75,0.4985
16,70,0,1,1,6.0,79,2,1,0,2,2,0,0,3,0,1,0,1,Low,4.647058823529412,11.2,0.35294117647058826,1.0,0.6160000000000001
23,98,2,2,1,6.0,77,1,1,1,0,2,0,1,1,0,2,0,1,High,3.2083333333333335,22.54,0.25,1.25,0.49550000000000005
14,81,0,1,1,5.0,78,1,1,2,2,2,0,2,4,0,2,0,0,Medium,5.2,11.34,0.3333333333333333,1.0,0.537
20,93,1,1,1,6.0,82,0,0,1,1,2,0,2,3,1,0,1,1,Medium,3.9047619047619047,18.6,0.2857142857142857,0.75,0.3655
23,75,2,2,1,6.0,93,1,0,2,1,0,0,1,3,0,2,1,1,Medium,3.875,17.25,0.25,1.25,0.597
18,64,0,1,1,9.0,64,1,1,4,0,1,0,0,4,1,0,0,0,Low,3.3684210526315788,11.52,0.47368421052631576,0.5,0.556
21,87,0,2,1,5.0,78,2,1,1,0,1,1,2,2,0,0,0,1,Medium,3.5454545454545454,18.27,0.22727272727272727,0.75,0.6495000000000001
14,60,0,0,1,9.0,67,0,1,3,2,2,0,2,3,0,0,0,1,Low,4.466666666666667,8.4,0.6,0.75,0.3805
19,79,1,2,1,7.0,66,0,1,3,2,1,0,2,3,1,0,0,0,Medium,3.3,15.01,0.35,1.5,0.3765
24,68,0,2,0,7.0,51,1,1,0,0,0,1,1,4,0,0,0,1,Low,2.04,16.32,0.28,0.75,0.354
21,85,1,1,0,8.0,80,1,1,3,0,2,0,2,3,1,1,1,1,Medium,3.6363636363636362,17.85,0.36363636363636365,0.75,0.5825
16,99,1,1,0,5.0,99,0,0,0,0,1,1,1,5,0,1,1,1,Medium,5.823529411764706,15.84,0.29411764705882354,0.5,0.396
21,79,1,0,1,6.0,88,0,1,2,2,1,0,1,1,0,0,0,0,Medium,4.0,16.59,0.2727272727272727,1.0,0.42700000000000005
24,93,0,1,1,5.0,62,2,1,1,2,1,1,0,3,0,1,1,1,Medium,2.48,22.32,0.2,1.0,0.5855
8,80,2,1,0,6.0,86,1,1,2,0,1,0,1,3,0,0,0,0,Low,9.555555555555555,6.4,0.6666666666666666,1.0,0.569
27,80,0,0,0,6.0,65,0,1,1,0,1,0,2,4,0,2,0,0,Medium,2.3214285714285716,21.6,0.21428571428571427,0.25,0.2975
18,97,1,2,0,9.0,88,0,1,1,2,1,0,1,3,1,0,0,1,High,4.631578947368421,17.46,0.47368421052631576,1.5,0.3895
23,96,0,2,1,6.0,93,0,1,5,0,1,0,0,4,0,0,0,1,High,3.875,22.08,0.25,0.75,0.5595000000000001
27,91,0,2,0,4.0,67,1,1,1,2,2,1,1,2,0,0,1,1,High,2.392857142857143,24.57,0.14285714285714285,1.25,0.4555
12,72,1,1,0,6.0,50,2,1,1,0,1,0,2,3,0,1,0,0,Low,3.8461538461538463,8.64,0.46153846153846156,0.75,0.5375
16,82,1,1,1,8.0,65,2,1,2,0,1,1,2,5,1,2,0,0,Medium,3.823529411764706,13.12,0.47058823529411764,0.75,0.635
18,69,1,2,1,9.0,60,1,1,3,0,1,0,0,2,0,1,2,1,Low,3.1578947368421053,12.42,0.47368421052631576,1.0,0.5025
15,78,1,1,1,7.0,81,1,1,0,1,0,0,1,2,0,0,0,0,Low,5.0625,11.7,0.4375,1.0,0.4740000000000001
30,79,2,1,0,6.0,65,1,1,1,0,1,0,0,4,0,2,0,1,High,2.096774193548387,23.7,0.1935483870967742,1.0,0.4475
15,93,1,1,1,7.0,52,1,1,3,0,1,0,0,5,0,1,0,1,Medium,3.25,13.95,0.4375,0.75,0.4705
17,96,1,1,0,8.0,77,1,1,1,1,1,0,1,3,0,2,0,1,High,4.277777777777778,16.32,0.4444444444444444,1.0,0.49550000000000005
21,77,1,0,1,5.0,94,0,1,1,1,2,0,0,3,0,0,2,0,Low,4.2727272727272725,16.17,0.22727272727272727,0.75,0.4135
13,61,0,0,0,7.0,73,0,1,2,2,1,0,2,2,0,0,0,1,Low,5.214285714285714,7.93,0.5,0.75,0.367
18,94,1,1,1,7.0,69,1,1,1,1,2,0,2,2,0,0,2,1,Medium,3.6315789473684212,16.92,0.3684210526315789,1.0,0.4634999999999999
22,67,1,1,1,7.0,59,2,1,2,0,2,0,2,3,0,2,0,0,Medium,2.5652173913043477,14.74,0.30434782608695654,0.75,0.611
18,85,1,2,0,7.0,69,1,1,2,0,1,1,2,4,0,0,0,0,Medium,3.6315789473684212,15.3,0.3684210526315789,1.0,0.5009999999999999
19,61,1,1,0,6.0,67,0,1,1,1,1,0,2,1,0,1,0,0,Low,3.35,11.59,0.3,1.0,0.3055
17,76,2,1,0,8.0,100,0,0,0,2,1,1,1,4,0,0,1,0,Low,5.555555555555555,12.92,0.4444444444444444,1.25,0.4
11,99,2,1,1,7.0,52,1,1,0,2,2,1,1,5,0,1,0,1,Medium,4.333333333333333,10.89,0.5833333333333334,1.5,0.358
22,64,1,1,1,7.0,62,1,1,3,0,1,1,1,4,0,2,1,1,Low,2.6956521739130435,14.08,0.30434782608695654,0.75,0.5105
31,77,2,0,1,5.0,53,2,1,1,1,1,0,1,2,0,0,0,1,Medium,1.65625,23.87,0.15625,1.0,0.5495
20,72,2,0,1,8.0,93,1,1,4,0,2,0,2,2,0,0,0,0,Medium,4.428571428571429,14.4,0.38095238095238093,0.75,0.672
21,96,2,1,1,6.0,71,2,0,3,1,1,0,0,3,0,0,0,1,High,3.227272727272727,20.16,0.2727272727272727,1.0,0.6964999999999999
24,95,1,0,1,9.0,90,1,1,3,0,0,0,2,4,0,0,1,0,High,3.6,22.8,0.36,0.5,0.6225
12,70,2,1,0,5.0,85,2,1,1,2,1,0,2,3,0,2,0,1,Low,6.538461538461538,8.4,0.38461538461538464,1.5,0.6775
30,63,1,2,1,8.0,96,1,1,4,0,1,1,2,3,0,2,0,1,High,3.096774193548387,18.9,0.25806451612903225,1.0,0.684
21,85,1,1,0,4.0,51,0,1,2,0,1,0,1,3,0,1,0,1,Low,2.3181818181818183,17.85,0.18181818181818182,0.75,0.279
30,73,2,0,0,4.0,60,1,1,0,0,0,1,2,4,0,0,1,1,Low,1.935483870967742,21.9,0.12903225806451613,0.75,0.39
16,87,2,2,1,6.0,85,1,1,2,1,2,0,1,1,0,0,0,1,Medium,5.0,13.92,0.35294117647058826,1.5,0.565
31,61,1,1,0,4.0,79,1,1,0,0,0,0,2,3,0,0,1,1,Low,2.46875,18.91,0.125,0.75,0.4660000000000001
25,65,2,0,1,8.0,85,1,1,2,0,1,0,0,3,0,2,0,1,Low,3.269230769230769,16.25,0.3076923076923077,0.75,0.565
23,87,1,0,0,7.0,79,1,1,2,1,1,0,1,2,0,0,2,0,Medium,3.2916666666666665,20.01,0.2916666666666667,0.75,0.541
21,68,1,1,0,9.0,79,0,1,1,2,2,1,0,4,0,2,1,1,Low,3.590909090909091,14.28,0.4090909090909091,1.25,0.35350000000000004
19,94,1,1,0,7.0,97,1,1,0,1,1,0,1,3,0,0,0,1,Medium,4.85,17.86,0.35,1.0,0.538
27,62,2,0,0,7.0,96,1,1,2,0,1,0,1,4,0,0,0,0,Low,3.4285714285714284,16.74,0.25,0.75,0.609
21,69,2,1,1,7.0,52,0,1,0,0,1,0,0,3,0,2,0,0,Low,2.3636363636363638,14.49,0.3181818181818182,1.0,0.20800000000000002
8,100,2,2,1,6.0,71,1,1,0,0,2,0,2,2,0,2,0,1,High,7.888888888888889,8.0,0.6666666666666666,1.25,0.43399999999999994
13,77,0,1,1,6.0,76,0,0,1,1,0,1,1,4,0,1,1,0,Low,5.428571428571429,10.01,0.42857142857142855,0.5,0.3415
19,88,0,1,1,5.0,68,2,1,1,0,0,0,2,5,0,0,1,0,Medium,3.4,16.72,0.25,0.5,0.6095
22,67,0,1,0,8.0,52,1,1,1,1,0,0,0,2,1,1,1,1,Low,2.260869565217391,14.74,0.34782608695652173,0.75,0.39549999999999996
20,84,0,0,0,7.0,74,0,1,1,2,1,0,1,3,0,2,0,1,Low,3.5238095238095237,16.8,0.3333333333333333,0.75,0.33349999999999996
27,89,1,1,1,7.0,99,1,1,0,1,2,0,2,2,0,0,0,1,High,3.5357142857142856,24.03,0.25,1.0,0.546
8,73,1,2,1,10.0,54,1,1,2,1,1,0,2,3,0,0,0,0,Low,6.0,5.84,1.1111111111111112,1.25,0.441
21,93,0,0,1,6.0,91,0,1,1,2,1,0,0,3,0,2,0,0,Medium,4.136363636363637,19.53,0.2727272727272727,0.75,0.4015
9,84,2,2,1,7.0,60,2,1,1,0,1,1,2,3,0,1,1,0,Low,6.0,7.56,0.7,1.25,0.5775
25,76,1,1,1,7.0,79,1,1,2,1,1,0,2,2,0,1,0,0,Medium,3.0384615384615383,19.0,0.2692307692307692,1.0,0.541
19,82,2,1,0,9.0,69,0,1,2,1,1,1,1,3,0,1,1,0,Medium,3.45,15.58,0.45,1.25,0.351
23,83,1,0,0,7.0,67,1,1,3,0,0,0,0,4,0,0,1,1,Low,2.7916666666666665,19.09,0.2916666666666667,0.5,0.5305
15,67,1,1,1,7.0,94,0,1,0,2,0,1,2,2,0,2,1,0,Low,5.875,10.05,0.4375,1.25,0.376
28,76,1,1,1,10.0,99,2,1,1,1,1,0,1,3,0,0,0,0,High,3.413793103448276,21.28,0.3448275862068966,1.0,0.7334999999999999
26,74,1,1,0,6.0,69,1,1,2,0,2,0,2,4,0,2,1,0,Medium,2.5555555555555554,19.24,0.2222222222222222,0.75,0.5009999999999999
24,76,1,1,1,7.0,82,1,1,2,1,1,0,2,4,0,1,2,0,Medium,3.28,18.24,0.28,1.0,0.5529999999999999
19,90,1,1,0,8.0,78,1,1,1,0,1,1,1,3,0,0,1,0,Medium,3.9,17.1,0.4,0.75,0.49950000000000006
23,79,2,2,1,6.0,54,0,1,1,0,1,0,1,1,0,0,1,0,Medium,2.25,18.17,0.25,1.25,0.2535
16,98,2,0,1,8.0,52,1,1,3,0,2,0,1,3,0,1,1,1,Medium,3.0588235294117645,15.68,0.47058823529411764,0.75,0.4705
25,72,1,1,0,6.0,89,0,1,3,0,2,0,1,5,0,0,0,0,Medium,3.423076923076923,18.0,0.23076923076923078,0.75,0.4685
30,77,1,0,1,9.0,70,1,1,0,1,2,0,1,1,0,0,1,0,Medium,2.2580645161290325,23.1,0.2903225806451613,0.75,0.42999999999999994
26,91,2,1,1,8.0,65,0,1,0,1,2,0,1,2,0,0,1,0,High,2.4074074074074074,23.66,0.2962962962962963,1.25,0.26
16,82,2,2,0,7.0,99,0,1,3,1,1,0,2,3,0,2,1,0,High,5.823529411764706,13.12,0.4117647058823529,1.5,0.5085
22,82,1,0,0,5.0,54,1,1,2,1,1,0,1,2,0,1,1,0,Low,2.347826086956522,18.04,0.21739130434782608,0.75,0.441
12,62,2,2,1,6.0,63,2,1,0,0,1,1,0,2,0,0,0,0,Low,4.846153846153846,7.44,0.46153846153846156,1.25,0.552
23,76,0,2,1,7.0,93,1,1,2,0,1,0,0,2,0,1,0,0,Medium,3.875,17.48,0.2916666666666667,0.75,0.597
23,71,0,1,1,8.0,71,0,1,1,0,0,0,1,2,0,2,0,1,Low,2.9583333333333335,16.33,0.3333333333333333,0.5,0.32149999999999995
9,100,0,0,0,7.0,79,1,1,1,0,1,0,2,2,0,2,0,0,Low,7.9,9.0,0.7,0.25,0.5035000000000001
13,72,0,2,1,8.0,52,1,1,3,2,2,1,2,4,0,0,0,0,Low,3.7142857142857144,9.36,0.5714285714285714,1.25,0.4705
18,95,1,2,0,8.0,96,1,1,3,1,0,0,0,6,0,2,0,0,High,5.052631578947368,17.1,0.42105263157894735,1.25,0.6465000000000001
18,87,0,0,0,8.0,57,1,0,3,2,2,0,2,4,0,0,0,0,Low,3.0,15.66,0.42105263157894735,0.5,0.4905
13,74,2,2,1,7.0,61,1,1,2,0,1,0,2,3,0,0,1,0,Low,4.357142857142857,9.62,0.5,1.25,0.46900000000000003
22,82,1,2,1,7.0,58,1,1,0,1,1,0,0,4,0,1,0,0,Medium,2.5217391304347827,18.04,0.30434782608695654,1.25,0.382
22,94,1,1,1,7.0,75,0,1,0,0,2,0,1,3,0,0,0,0,Medium,3.260869565217391,20.68,0.30434782608695654,0.75,0.30000000000000004
19,95,0,2,1,6.0,91,2,1,1,1,2,0,1,4,0,1,0,0,High,4.55,18.05,0.3,1.0,0.7015
15,66,1,1,0,9.0,63,1,1,3,1,1,1,1,3,0,0,0,0,Low,3.9375,9.9,0.5625,1.0,0.5145
26,74,0,1,0,8.0,57,1,1,0,1,1,1,2,1,0,0,0,0,Low,2.111111111111111,19.24,0.2962962962962963,0.75,0.378
30,73,2,1,1,9.0,70,0,1,0,1,1,0,0,4,0,1,0,0,Medium,2.2580645161290325,21.9,0.2903225806451613,1.25,0.27999999999999997
17,62,2,0,0,6.0,99,1,1,2,1,1,1,0,3,0,0,2,1,Low,5.5,10.54,0.3333333333333333,1.0,0.621
16,84,1,2,1,8.0,51,0,1,0,1,1,0,0,3,0,2,0,1,Low,3.0,13.44,0.47058823529411764,1.25,0.20400000000000001
23,94,0,0,1,9.0,75,1,1,3,0,1,0,1,2,0,2,1,1,Medium,3.125,21.62,0.375,0.25,0.5625
18,75,2,1,1,9.0,83,1,1,2,0,1,0,2,4,1,2,1,1,Medium,4.368421052631579,13.5,0.47368421052631576,1.0,0.5569999999999999
19,90,1,2,1,5.0,90,0,1,0,0,1,0,1,2,0,1,2,1,High,4.5,17.1,0.25,1.0,0.36000000000000004
24,85,1,1,1,7.0,87,2,1,2,1,1,0,1,2,0,0,0,1,High,3.48,20.4,0.28,1.0,0.723
9,75,1,1,0,7.0,54,0,1,2,0,1,0,2,4,0,0,0,1,Low,5.4,6.75,0.7,0.75,0.29100000000000004
28,66,2,1,1,9.0,73,1,1,2,0,1,0,2,2,0,1,0,0,Medium,2.5172413793103448,18.48,0.3103448275862069,1.0,0.5169999999999999
20,88,1,1,0,4.0,54,0,1,0,2,0,0,0,4,0,0,0,0,Low,2.5714285714285716,17.6,0.19047619047619047,1.25,0.21600000000000003
18,94,2,2,1,5.0,81,1,1,0,2,0,0,0,5,0,0,0,1,High,4.2631578947368425,16.92,0.2631578947368421,1.75,0.4740000000000001
19,87,0,1,0,9.0,54,0,1,3,0,2,0,2,4,0,0,1,1,Low,2.7,16.53,0.45,0.5,0.3285
20,61,0,1,0,6.0,52,1,1,2,0,0,0,0,2,0,2,0,0,Low,2.4761904761904763,12.2,0.2857142857142857,0.5,0.433
10,69,1,1,1,5.0,65,0,1,0,1,1,0,2,3,0,0,0,1,Low,5.909090909090909,6.9,0.45454545454545453,1.0,0.26
29,63,0,0,1,9.0,97,2,0,3,1,2,0,0,3,0,0,0,0,Low,3.2333333333333334,18.27,0.3,0.25,0.8005
20,83,1,0,1,5.0,85,1,1,1,2,2,0,1,2,0,1,2,0,Medium,4.0476190476190474,16.6,0.23809523809523808,1.0,0.5275
23,90,0,0,0,9.0,50,0,1,4,1,1,0,1,3,0,0,1,0,Medium,2.0833333333333335,20.7,0.375,0.5,0.35
26,64,1,1,0,5.0,64,1,1,2,2,1,0,0,1,0,0,0,0,Low,2.3703703703703702,16.64,0.18518518518518517,1.25,0.48100000000000004
14,94,1,1,0,5.0,51,1,1,0,1,2,0,1,3,0,1,0,0,Low,3.4,13.16,0.3333333333333333,1.0,0.354
23,82,2,0,0,7.0,65,2,1,1,1,2,0,0,3,0,0,0,1,Medium,2.7083333333333335,18.86,0.2916666666666667,1.0,0.5975
18,88,2,0,1,6.0,84,1,1,1,1,2,0,2,3,0,2,1,1,High,4.421052631578948,15.84,0.3157894736842105,1.0,0.5235
25,99,2,1,1,7.0,88,1,1,3,0,1,0,2,4,0,1,1,1,High,3.3846153846153846,24.75,0.2692307692307692,1.0,0.6145
7,63,2,2,1,10.0,90,1,1,0,0,1,0,2,2,1,0,1,0,High,11.25,4.41,1.25,1.25,0.51
19,96,1,1,1,7.0,95,2,1,3,1,2,0,0,3,0,1,0,1,High,4.75,18.24,0.35,1.0,0.7925
16,65,1,0,0,9.0,68,1,1,1,2,1,0,1,3,0,0,1,0,Low,4.0,10.4,0.5294117647058824,1.0,0.4595
23,76,2,2,0,7.0,93,1,1,0,1,1,0,0,6,0,0,1,0,Medium,3.875,17.48,0.2916666666666667,1.5,0.522
23,94,1,2,0,8.0,86,1,1,1,0,2,0,1,0,0,1,2,1,High,3.5833333333333335,21.62,0.3333333333333333,1.0,0.5315
16,96,1,1,1,4.0,77,2,1,1,2,2,0,2,2,0,0,0,0,High,4.529411764705882,15.36,0.23529411764705882,1.25,0.6455000000000001
16,80,2,1,1,8.0,98,2,1,2,1,2,0,2,4,0,2,0,0,High,5.764705882352941,12.8,0.47058823529411764,1.25,0.7669999999999999
19,84,1,1,0,8.0,97,2,1,2,1,1,0,1,1,1,1,0,0,Medium,4.85,15.96,0.4,1.0,0.7629999999999999
15,88,2,2,1,6.0,95,1,1,2,0,1,0,0,4,0,0,0,1,High,5.9375,13.2,0.375,1.25,0.605
25,93,1,1,1,10.0,60,0,1,1,1,1,0,2,3,0,1,1,0,High,2.3076923076923075,23.25,0.38461538461538464,1.0,0.27749999999999997
18,65,1,2,1,6.0,60,0,1,0,1,2,0,1,3,0,0,1,1,Low,3.1578947368421053,11.7,0.3157894736842105,1.25,0.24
3,92,2,0,1,5.0,95,2,1,3,1,1,0,1,1,0,2,0,1,Medium,23.75,2.76,1.25,1.0,0.7925
18,79,1,1,0,8.0,70,2,1,3,1,1,0,2,3,0,1,0,1,Medium,3.6842105263157894,14.22,0.42105263157894735,1.0,0.6924999999999999
14,78,2,2,1,5.0,90,1,1,1,1,1,0,1,3,0,2,0,1,Medium,6.0,10.92,0.3333333333333333,1.5,0.5475
10,77,2,2,0,7.0,84,0,1,2,0,2,0,1,1,0,0,2,0,Low,7.636363636363637,7.7,0.6363636363636364,1.25,0.41100000000000003
13,80,1,2,0,9.0,88,1,1,1,2,2,0,2,3,0,2,0,0,Medium,6.285714285714286,10.4,0.6428571428571429,1.5,0.5395
21,98,0,2,1,8.0,51,1,1,0,1,1,0,1,3,0,0,0,0,Medium,2.3181818181818183,20.58,0.36363636363636365,1.0,0.354
28,82,1,2,0,7.0,71,0,1,1,1,2,0,1,3,0,0,0,0,High,2.4482758620689653,22.96,0.2413793103448276,1.25,0.32149999999999995
22,98,1,1,1,6.0,93,1,1,4,0,1,0,1,4,0,0,0,1,High,4.043478260869565,21.56,0.2608695652173913,0.75,0.672
16,67,2,1,1,9.0,74,1,1,1,2,2,0,2,3,0,2,1,0,Low,4.352941176470588,10.72,0.5294117647058824,1.5,0.48349999999999993
23,89,0,1,0,5.0,85,0,1,0,0,1,0,2,3,0,2,1,0,Medium,3.5416666666666665,20.47,0.20833333333333334,0.5,0.34
17,92,0,1,1,8.0,88,2,0,1,2,1,0,1,3,0,0,0,1,Medium,4.888888888888889,15.64,0.4444444444444444,0.75,0.6895
16,87,0,1,1,10.0,56,0,1,2,1,2,0,1,0,0,2,1,1,Low,3.2941176470588234,13.92,0.5882352941176471,0.75,0.29900000000000004
13,84,1,1,1,8.0,58,2,1,2,0,0,0,1,3,0,2,0,1,Low,4.142857142857143,10.92,0.5714285714285714,0.75,0.607
9,83,2,0,1,7.0,86,1,1,0,0,1,0,0,1,0,1,2,1,Low,8.6,7.47,0.7,0.75,0.494
18,94,0,0,1,7.0,53,0,1,3,1,2,0,1,2,0,0,0,1,Medium,2.789473684210526,16.92,0.3684210526315789,0.5,0.3245
21,93,1,2,1,6.0,67,2,1,1,1,2,0,2,3,0,2,0,1,High,3.0454545454545454,19.53,0.2727272727272727,1.25,0.6055
19,65,1,0,1,6.0,96,1,1,2,1,2,0,1,2,0,2,0,0,Low,4.8,12.35,0.3,0.75,0.609
18,94,2,0,0,7.0,79,2,1,2,2,1,0,1,4,0,0,0,1,High,4.157894736842105,16.92,0.3684210526315789,1.25,0.6910000000000001
14,77,2,1,1,8.0,96,1,1,3,1,1,0,1,2,0,2,0,0,Medium,6.4,10.78,0.5333333333333333,1.25,0.6465000000000001
24,70,1,1,1,9.0,65,1,1,3,1,0,0,2,3,0,0,1,0,Medium,2.6,16.8,0.36,1.0,0.5225
12,95,0,1,1,4.0,82,2,1,2,0,1,0,0,3,0,0,1,0,Low,6.3076923076923075,11.4,0.3076923076923077,0.5,0.703
25,77,1,0,0,4.0,64,0,1,3,0,1,0,1,4,1,1,0,1,Low,2.4615384615384617,19.25,0.15384615384615385,0.5,0.3685
14,92,2,0,1,9.0,56,0,1,1,1,1,0,1,4,0,0,1,1,Low,3.7333333333333334,12.88,0.6,1.0,0.2615
15,71,2,2,0,7.0,100,0,1,2,0,0,0,1,4,0,0,0,0,Low,6.25,10.65,0.4375,1.25,0.47500000000000003
11,60,1,2,0,7.0,59,2,1,2,0,1,0,2,1,0,1,1,0,Low,4.916666666666667,6.6,0.5833333333333334,1.0,0.611
17,80,2,0,1,8.0,59,1,1,0,2,2,0,0,4,0,1,0,1,Low,3.2777777777777777,13.6,0.4444444444444444,1.25,0.386
26,64,2,1,1,7.0,92,0,1,2,0,2,0,2,4,0,1,1,1,Medium,3.4074074074074074,16.64,0.25925925925925924,1.0,0.44300000000000006
23,90,1,1,1,10.0,90,0,1,3,0,1,0,2,5,0,0,0,0,High,3.75,20.7,0.4166666666666667,0.75,0.47250000000000003
26,71,0,2,0,8.0,99,1,0,1,1,1,0,2,3,0,1,0,0,Medium,3.6666666666666665,18.46,0.2962962962962963,0.75,0.5835
23,78,1,1,1,6.0,54,2,1,0,0,1,0,1,3,0,2,0,1,Medium,2.25,17.94,0.25,0.75,0.516
13,63,2,1,0,6.0,55,2,1,0,1,0,0,2,4,0,2,0,0,Low,3.9285714285714284,8.19,0.42857142857142855,1.25,0.52
18,71,1,1,0,7.0,72,2,1,0,2,2,0,2,5,0,1,1,1,Low,3.789473684210526,12.78,0.3684210526315789,1.25,0.588
15,91,2,1,0,6.0,80,1,1,0,0,1,0,2,3,0,2,0,0,Medium,5.0,13.65,0.375,1.0,0.4700000000000001
28,66,1,1,0,10.0,52,0,1,0,0,2,0,2,3,0,0,0,0,Low,1.793103448275862,18.48,0.3448275862068966,0.75,0.20800000000000002
13,86,0,1,0,7.0,58,1,0,0,1,1,0,2,3,0,0,0,0,Low,4.142857142857143,11.18,0.5,0.5,0.382
25,97,0,2,1,5.0,85,1,1,2,2,1,0,2,2,0,0,0,0,High,3.269230769230769,24.25,0.19230769230769232,1.25,0.565
25,87,2,1,1,8.0,83,1,1,0,1,2,0,2,4,0,1,1,0,High,3.1923076923076925,21.75,0.3076923076923077,1.25,0.482
31,92,1,1,1,9.0,54,1,0,1,0,1,0,2,3,0,1,0,0,High,1.6875,28.52,0.28125,0.5,0.40349999999999997
18,64,0,2,1,9.0,97,1,1,2,1,1,0,0,3,0,0,1,1,Low,5.105263157894737,11.52,0.47368421052631576,1.0,0.613
24,70,2,2,0,6.0,63,0,0,0,0,1,0,1,3,0,0,0,0,Low,2.52,16.8,0.24,1.0,0.252
34,96,1,1,1,5.0,94,2,1,1,1,2,0,0,5,1,0,1,1,High,2.6857142857142855,32.64,0.14285714285714285,1.0,0.7134999999999999
16,89,2,1,0,9.0,96,1,1,2,1,0,0,2,3,0,1,2,0,Medium,5.647058823529412,14.24,0.5294117647058824,1.25,0.609
11,86,1,1,0,5.0,75,1,1,1,1,0,0,1,4,0,2,1,1,Low,6.25,9.46,0.4166666666666667,1.0,0.48750000000000004
9,87,0,0,0,8.0,71,0,0,0,0,2,0,1,1,0,1,1,0,Low,7.1,7.83,0.8,0.0,0.284
24,77,1,1,1,6.0,64,1,1,2,2,1,0,2,4,0,0,0,0,Medium,2.56,18.48,0.24,1.25,0.48100000000000004
9,62,2,2,1,9.0,90,2,1,4,2,1,0,1,4,0,1,2,0,Low,9.0,5.58,0.9,1.75,0.81
18,91,0,1,1,5.0,60,0,1,0,2,2,0,2,4,0,0,1,0,Medium,3.1578947368421053,16.38,0.2631578947368421,1.0,0.24
23,87,2,0,0,6.0,81,0,1,5,1,2,0,1,2,0,0,2,1,High,3.375,20.01,0.25,1.0,0.5115000000000001
21,79,1,0,1,8.0,78,0,1,1,0,2,0,2,4,0,1,1,1,Low,3.5454545454545454,16.59,0.36363636363636365,0.5,0.34950000000000003
23,96,1,1,1,8.0,62,1,1,0,0,2,0,1,4,0,0,1,1,Medium,2.5833333333333335,22.08,0.3333333333333333,0.75,0.398
21,73,1,1,1,9.0,99,1,1,2,1,2,0,1,3,0,2,0,0,Medium,4.5,15.33,0.4090909090909091,1.0,0.621
28,72,2,1,1,8.0,92,0,1,1,1,1,0,0,2,0,0,0,1,Medium,3.1724137931034484,20.16,0.27586206896551724,1.25,0.4055
14,95,1,1,1,8.0,51,1,1,5,1,1,0,2,4,0,1,0,1,High,3.4,13.3,0.5333333333333333,1.0,0.5415
16,92,1,0,0,9.0,71,2,1,2,0,1,0,1,2,0,0,1,1,Low,4.176470588235294,14.72,0.5294117647058824,0.5,0.6589999999999999
15,81,2,1,0,5.0,68,0,0,0,1,2,0,2,3,0,0,0,1,Low,4.25,12.15,0.3125,1.0,0.272
25,65,0,1,0,6.0,94,1,1,1,0,2,0,0,4,0,1,0,0,Low,3.6153846153846154,16.25,0.23076923076923078,0.5,0.5635
25,69,0,1,1,5.0,63,1,1,1,2,1,0,1,2,0,0,0,0,Low,2.423076923076923,17.25,0.19230769230769232,1.0,0.4395
23,86,0,1,1,4.0,100,1,1,0,0,2,0,0,3,0,2,0,0,Medium,4.166666666666667,19.78,0.16666666666666666,0.5,0.55
27,75,1,1,0,8.0,60,1,1,4,1,1,0,2,2,0,2,1,1,Medium,2.142857142857143,20.25,0.2857142857142857,1.0,0.54
13,93,1,2,0,9.0,62,0,1,0,0,1,0,1,3,0,0,1,0,Low,4.428571428571429,12.09,0.6428571428571429,1.0,0.248
30,98,2,2,1,8.0,83,2,0,1,0,2,0,1,3,0,0,0,1,High,2.6774193548387095,29.4,0.25806451612903225,1.0,0.6695
29,92,1,2,0,8.0,58,0,1,2,1,0,0,1,3,0,1,0,0,High,1.9333333333333333,26.68,0.26666666666666666,1.25,0.307
24,75,1,0,0,7.0,94,1,1,2,1,2,0,0,4,0,0,0,0,Medium,3.76,18.0,0.28,0.75,0.601
31,92,2,1,1,7.0,55,1,1,3,0,2,0,2,3,0,0,0,0,High,1.71875,28.52,0.21875,1.0,0.4825
10,74,1,1,1,10.0,99,2,1,2,1,2,0,1,3,0,1,0,0,Low,9.0,7.4,0.9090909090909091,1.0,0.7709999999999999
17,67,2,2,1,9.0,94,1,1,2,0,0,0,2,3,0,0,0,1,Low,5.222222222222222,11.39,0.5,1.25,0.601
16,61,1,2,0,6.0,92,2,1,4,2,2,0,1,3,0,0,0,0,Low,5.411764705882353,9.76,0.35294117647058826,1.5,0.8180000000000001
24,75,0,2,1,9.0,70,2,1,5,2,2,0,0,5,0,1,0,1,High,2.8,18.0,0.36,1.25,0.7675
14,96,1,0,0,9.0,76,1,1,0,0,2,0,1,3,0,0,1,0,Low,5.066666666666666,13.44,0.6,0.5,0.45400000000000007
25,70,0,2,0,8.0,73,2,1,1,0,0,0,0,2,0,2,0,0,Low,2.8076923076923075,17.5,0.3076923076923077,0.75,0.6295
28,68,0,2,1,8.0,99,1,1,1,2,1,0,1,3,0,0,0,1,Medium,3.413793103448276,19.04,0.27586206896551724,1.25,0.5835
24,99,1,0,1,8.0,52,0,1,1,0,2,0,0,2,0,0,0,0,Medium,2.08,23.76,0.32,0.5,0.24550000000000002
22,61,1,1,1,5.0,69,0,1,2,0,2,0,1,2,0,0,2,1,Low,3.0,13.42,0.21739130434782608,0.75,0.351
14,91,0,1,0,5.0,98,2,1,0,2,2,0,1,3,0,0,0,1,Medium,6.533333333333333,12.74,0.3333333333333333,1.0,0.692
15,73,1,1,0,8.0,68,1,1,1,2,1,0,1,3,0,0,0,1,Low,4.25,10.95,0.5,1.25,0.4595
27,61,1,1,0,5.0,70,1,1,2,0,0,0,1,2,0,1,0,0,Low,2.5,16.47,0.17857142857142858,0.75,0.5049999999999999
25,97,1,2,1,5.0,82,2,1,1,0,2,0,0,5,0,1,1,0,High,3.1538461538461537,24.25,0.19230769230769232,1.0,0.6655
20,66,0,2,1,4.0,95,2,1,2,2,1,0,1,2,0,0,1,1,Low,4.523809523809524,13.2,0.19047619047619047,1.25,0.7549999999999999
17,82,1,2,0,6.0,65,0,1,4,0,1,0,2,3,0,0,1,1,Medium,3.611111111111111,13.94,0.3333333333333333,1.0,0.41000000000000003
8,71,2,1,1,8.0,97,1,1,3,1,1,0,1,1,1,0,0,1,Low,10.777777777777779,5.68,0.8888888888888888,1.25,0.6505000000000001
14,63,1,1,1,8.0,64,2,1,1,0,1,0,1,3,0,0,1,0,Low,4.266666666666667,8.82,0.5333333333333333,0.75,0.5935
31,62,1,1,1,8.0,91,2,1,4,2,2,0,2,4,0,0,1,0,High,2.84375,19.22,0.25,1.25,0.8140000000000001
12,65,0,1,1,6.0,64,1,1,1,1,1,0,2,3,0,1,0,1,Low,4.923076923076923,7.8,0.46153846153846156,0.75,0.4435
21,63,1,0,1,7.0,54,0,1,1,1,1,0,2,3,0,1,1,1,Low,2.4545454545454546,13.23,0.3181818181818182,0.75,0.2535
26,90,2,2,1,8.0,91,1,1,1,2,2,0,1,4,1,0,0,0,High,3.3703703703703702,23.4,0.2962962962962963,1.75,0.5515
12,79,1,1,0,8.0,73,1,1,2,1,1,0,1,4,0,0,0,0,Low,5.615384615384615,9.48,0.6153846153846154,1.0,0.5169999999999999
21,74,0,0,1,6.0,70,0,1,2,0,2,0,2,3,0,0,1,1,Low,3.1818181818181817,15.54,0.2727272727272727,0.25,0.355
26,77,0,0,0,7.0,71,1,1,1,1,2,0,1,4,0,2,1,0,Low,2.6296296296296298,20.02,0.25925925925925924,0.5,0.4714999999999999
20,97,2,2,1,4.0,81,1,1,1,1,1,0,2,2,1,0,0,0,High,3.857142857142857,19.4,0.19047619047619047,1.5,0.5115000000000001
37,96,2,1,1,7.0,63,1,1,0,1,2,0,2,4,0,0,0,0,High,1.6578947368421053,35.52,0.18421052631578946,1.25,0.402
10,89,1,1,1,6.0,62,1,1,4,0,1,0,2,3,0,2,1,0,Medium,5.636363636363637,8.9,0.5454545454545454,0.75,0.548
26,95,1,2,0,9.0,74,0,1,3,0,1,0,1,3,1,0,0,1,High,2.740740740740741,24.7,0.3333333333333333,1.0,0.4085
19,73,2,1,0,6.0,52,1,1,1,1,1,0,2,3,0,0,0,0,Low,2.6,13.87,0.3,1.25,0.39549999999999996
25,75,0,0,1,7.0,82,1,1,3,1,2,0,0,4,0,2,0,0,Medium,3.1538461538461537,18.75,0.2692307692307692,0.5,0.5905
23,85,1,1,1,6.0,91,0,1,1,0,2,0,1,3,0,0,2,0,Medium,3.7916666666666665,19.55,0.25,0.75,0.4015
16,85,2,0,1,6.0,86,0,1,3,2,2,0,1,2,0,0,2,0,Medium,5.0588235294117645,13.6,0.35294117647058826,1.25,0.4565
21,79,1,0,0,8.0,73,1,1,1,0,0,0,1,2,0,0,0,1,Low,3.3181818181818183,16.59,0.36363636363636365,0.5,0.4794999999999999
9,76,0,2,0,6.0,78,0,0,0,1,1,0,0,4,1,2,0,0,Low,7.8,6.84,0.6,0.75,0.31200000000000006
24,99,1,1,0,10.0,51,0,1,1,0,1,0,1,3,0,0,0,0,High,2.04,23.76,0.4,0.75,0.24150000000000002
22,93,2,1,1,4.0,96,2,1,1,2,0,0,2,2,0,1,0,0,High,4.173913043478261,20.46,0.17391304347826086,1.5,0.7214999999999999
24,77,1,1,1,8.0,78,0,1,2,2,2,0,2,3,0,0,1,0,Medium,3.12,18.48,0.32,1.25,0.38700000000000007
26,89,2,1,0,7.0,66,1,1,0,0,1,0,1,5,1,1,0,0,High,2.4444444444444446,23.14,0.25925925925925924,1.0,0.41400000000000003
22,71,1,1,0,7.0,65,0,1,1,0,1,0,1,3,0,1,0,0,Low,2.8260869565217392,15.62,0.30434782608695654,0.75,0.2975
21,64,2,0,1,7.0,83,2,1,2,0,0,0,1,3,0,0,1,1,Low,3.772727272727273,13.44,0.3181818181818182,0.75,0.707
15,74,2,1,1,8.0,79,1,1,0,2,1,0,0,3,0,1,0,0,Low,4.9375,11.1,0.5,1.5,0.4660000000000001
16,76,1,1,0,7.0,59,0,1,0,0,1,0,1,2,0,1,0,1,Low,3.4705882352941178,12.16,0.4117647058823529,0.75,0.236
27,61,1,1,1,9.0,70,1,1,0,1,1,0,1,2,0,0,0,0,Low,2.5,16.47,0.32142857142857145,1.0,0.42999999999999994
29,93,1,1,1,7.0,84,1,1,0,2,1,0,1,3,0,1,1,0,High,2.8,26.97,0.23333333333333334,1.25,0.486
19,74,1,0,1,5.0,65,2,0,1,0,2,0,2,3,0,0,0,0,Low,3.25,14.06,0.25,0.25,0.5975
20,83,1,1,1,7.0,75,1,1,0,1,1,0,1,4,0,0,0,1,Medium,3.5714285714285716,16.6,0.3333333333333333,1.0,0.45000000000000007
15,63,2,2,1,9.0,63,0,0,4,2,2,0,0,3,0,1,0,0,Low,3.9375,9.45,0.5625,1.5,0.402
27,67,0,1,0,6.0,54,1,1,0,1,0,0,0,2,0,0,2,0,Low,1.9285714285714286,18.09,0.21428571428571427,0.75,0.366
24,96,1,2,1,5.0,69,1,1,1,0,1,0,2,4,0,0,0,0,High,2.76,23.04,0.2,1.0,0.4634999999999999
32,84,1,1,1,8.0,87,1,0,2,1,1,0,2,1,0,0,2,0,High,2.6363636363636362,26.88,0.24242424242424243,0.75,0.573
15,98,1,2,0,8.0,61,1,1,4,0,1,0,2,2,0,0,1,1,High,3.8125,14.7,0.5,1.0,0.544
18,100,1,1,0,6.0,88,1,1,2,1,1,0,1,2,0,1,1,0,High,4.631578947368421,18.0,0.3157894736842105,1.0,0.577
21,75,2,2,0,7.0,83,0,1,1,1,1,0,2,2,0,1,0,1,Medium,3.772727272727273,15.75,0.3181818181818182,1.5,0.3695
24,72,1,1,0,7.0,75,1,1,3,2,1,0,1,2,0,1,0,1,Medium,3.0,17.28,0.28,1.25,0.5625
19,94,2,2,0,7.0,99,1,1,0,0,1,0,1,1,1,0,0,0,High,4.95,17.86,0.35,1.25,0.546
15,100,2,2,0,8.0,94,2,1,2,1,2,0,0,3,0,1,0,0,High,5.875,15.0,0.5,1.5,0.7509999999999999
25,85,2,1,0,6.0,78,0,1,2,1,2,0,1,1,0,0,2,1,Medium,3.0,21.25,0.23076923076923078,1.25,0.38700000000000007
24,92,1,2,0,8.0,78,2,1,0,1,1,0,1,3,0,0,0,0,High,3.12,22.08,0.32,1.25,0.6120000000000001
15,91,0,1,0,6.0,64,0,1,1,0,2,0,2,3,1,0,0,0,Low,4.0,13.65,0.375,0.5,0.2935
28,74,1,1,0,9.0,96,0,1,0,1,1,0,1,3,0,0,0,1,Medium,3.310344827586207,20.72,0.3103448275862069,1.0,0.384
27,83,1,1,0,10.0,95,1,1,0,2,0,0,1,4,0,0,1,1,Medium,3.392857142857143,22.41,0.35714285714285715,1.25,0.53
21,93,2,0,0,6.0,87,1,1,1,0,2,0,2,2,0,0,0,1,High,3.9545454545454546,19.53,0.2727272727272727,0.75,0.5355
20,88,1,1,0,5.0,56,1,1,1,0,1,0,1,4,0,0,0,1,Medium,2.6666666666666665,17.6,0.23809523809523808,0.75,0.4115
23,61,1,2,1,8.0,85,1,1,1,1,2,0,2,0,0,0,0,0,Low,3.5416666666666665,14.03,0.3333333333333333,1.25,0.5275
15,73,1,2,0,7.0,63,1,1,2,1,1,0,1,5,0,2,1,0,Low,3.9375,10.95,0.4375,1.25,0.47700000000000004
20,66,1,2,1,8.0,59,0,1,4,1,1,0,2,3,0,1,0,0,Low,2.8095238095238093,13.2,0.38095238095238093,1.25,0.386
7,69,0,1,1,6.0,88,1,1,0,0,2,0,0,4,0,2,0,1,Low,11.0,4.83,0.75,0.5,0.502
25,96,0,1,0,7.0,98,1,1,0,0,1,0,2,2,0,0,0,1,High,3.769230769230769,24.0,0.2692307692307692,0.5,0.542
11,61,2,0,1,6.0,55,1,1,5,2,0,0,1,3,0,0,2,0,Low,4.583333333333333,6.71,0.5,1.25,0.5575
29,69,1,1,1,7.0,58,1,1,1,0,0,0,2,2,0,1,0,0,Low,1.9333333333333333,20.01,0.23333333333333334,0.75,0.4195
18,72,0,0,1,5.0,61,0,1,1,1,1,0,0,4,0,1,1,0,Low,3.210526315789474,12.96,0.2631578947368421,0.5,0.2815
19,85,1,1,1,7.0,98,2,1,2,1,1,0,0,3,1,0,1,1,Medium,4.9,16.15,0.35,1.0,0.7669999999999999
16,81,1,2,1,5.0,85,2,0,2,0,1,0,2,3,0,1,0,0,Medium,5.0,12.96,0.29411764705882354,0.75,0.715
18,69,1,1,1,6.0,84,1,1,2,0,1,0,2,4,0,0,0,0,Low,4.421052631578948,12.42,0.3157894736842105,0.75,0.5609999999999999
29,67,2,0,0,7.0,75,1,0,3,0,1,0,1,1,0,0,0,1,Low,2.5,19.43,0.23333333333333334,0.5,0.5625
5,69,1,1,1,8.0,77,1,0,2,0,2,0,0,2,0,1,0,1,Low,12.833333333333334,3.45,1.3333333333333333,0.5,0.533
28,80,0,1,0,8.0,65,0,1,2,0,1,0,1,2,0,1,0,0,Medium,2.2413793103448274,22.4,0.27586206896551724,0.5,0.335
22,71,2,1,0,8.0,58,1,0,2,0,1,0,0,4,0,1,0,1,Low,2.5217391304347827,15.62,0.34782608695652173,0.75,0.457
13,98,2,1,1,5.0,89,2,1,1,2,1,0,0,3,0,0,0,0,High,6.357142857142857,12.74,0.35714285714285715,1.5,0.6935
14,79,1,1,0,9.0,74,1,1,1,1,1,0,1,4,0,0,0,0,Low,4.933333333333334,11.06,0.6,1.0,0.48349999999999993
30,62,1,2,1,6.0,63,1,1,2,0,2,0,2,4,0,0,1,0,Medium,2.032258064516129,18.6,0.1935483870967742,1.0,0.47700000000000004
14,89,2,1,0,6.0,82,2,1,2,1,1,0,0,4,0,1,1,1,Medium,5.466666666666667,12.46,0.4,1.25,0.703
13,73,1,2,1,7.0,60,2,1,0,2,2,0,1,3,0,1,0,1,Low,4.285714285714286,9.49,0.5,1.5,0.54
27,86,1,1,0,6.0,74,1,1,2,2,2,0,1,3,0,0,0,0,High,2.642857142857143,23.22,0.21428571428571427,1.25,0.5209999999999999
22,71,1,1,1,8.0,60,0,1,1,1,2,0,1,4,0,0,1,1,Low,2.608695652173913,15.62,0.34782608695652173,1.0,0.27749999999999997
14,83,1,2,1,8.0,88,0,1,0,2,1,0,0,2,1,0,1,0,Low,5.866666666666666,11.62,0.5333333333333333,1.5,0.35200000000000004
21,91,1,1,1,6.0,66,2,1,0,1,1,0,2,2,1,1,2,1,Medium,3.0,19.11,0.2727272727272727,1.0,0.5640000000000001
14,97,1,0,0,7.0,72,2,1,1,0,0,0,1,3,0,0,0,1,Low,4.8,13.58,0.4666666666666667,0.5,0.6255
27,70,0,0,1,7.0,88,1,0,1,2,1,0,1,3,0,0,0,0,Low,3.142857142857143,18.9,0.25,0.5,0.5395
26,73,1,2,1,8.0,83,0,1,2,1,1,0,2,4,0,1,0,0,High,3.074074074074074,18.98,0.2962962962962963,1.25,0.40700000000000003
23,79,0,1,1,6.0,70,1,1,3,1,2,0,0,4,0,2,1,1,Medium,2.9166666666666665,18.17,0.25,0.75,0.5425
22,97,1,1,1,6.0,54,1,0,2,2,1,0,1,2,0,1,0,0,High,2.347826086956522,21.34,0.2608695652173913,1.0,0.441
31,96,1,0,0,5.0,96,0,1,3,0,2,0,1,2,0,1,0,1,High,3.0,29.76,0.15625,0.5,0.4965
20,64,2,0,1,6.0,50,2,1,0,0,1,0,1,2,0,0,0,0,Low,2.380952380952381,12.8,0.2857142857142857,0.75,0.5
13,65,1,2,0,5.0,87,0,1,1,1,1,0,2,2,1,0,1,1,Low,6.214285714285714,8.45,0.35714285714285715,1.25,0.3855
23,80,2,2,1,6.0,97,1,1,0,1,1,0,1,3,0,0,0,0,High,4.041666666666667,18.4,0.25,1.5,0.538
33,64,0,1,1,9.0,65,1,1,0,1,1,0,0,2,0,1,1,0,Low,1.911764705882353,21.12,0.2647058823529412,0.75,0.41000000000000003
14,74,1,1,1,8.0,54,2,1,2,0,0,0,1,2,0,0,1,0,Low,3.6,10.36,0.5333333333333333,0.75,0.591
18,66,2,2,0,9.0,62,1,1,2,2,1,0,1,4,0,0,1,1,Low,3.263157894736842,11.88,0.47368421052631576,1.75,0.47300000000000003
22,85,2,1,0,6.0,66,0,1,0,0,1,0,2,4,0,1,0,0,Medium,2.869565217391304,18.7,0.2608695652173913,1.0,0.264
20,98,1,2,1,4.0,73,1,1,2,1,0,0,2,1,0,0,2,0,High,3.4761904761904763,19.6,0.19047619047619047,1.25,0.5169999999999999
14,100,1,0,0,7.0,76,0,1,1,1,1,0,1,3,0,2,0,1,Medium,5.066666666666666,14.0,0.4666666666666667,0.75,0.3415
27,75,0,1,0,10.0,86,1,0,3,1,1,0,2,6,0,2,0,1,Medium,3.0714285714285716,20.25,0.35714285714285715,0.5,0.6065
34,84,1,2,1,6.0,95,1,1,1,0,1,0,1,3,0,2,2,0,High,2.7142857142857144,28.56,0.17142857142857143,1.0,0.5675
21,94,1,1,1,7.0,73,1,1,1,1,1,0,2,5,0,1,0,1,High,3.3181818181818183,19.74,0.3181818181818182,1.0,0.4794999999999999
15,65,0,2,1,5.0,87,1,1,0,0,2,0,1,4,0,0,0,1,Low,5.4375,9.75,0.3125,0.75,0.498
11,88,2,1,1,7.0,56,0,1,2,1,1,0,1,2,0,1,0,0,Low,4.666666666666667,9.68,0.5833333333333334,1.25,0.29900000000000004
22,76,2,0,1,7.0,66,0,1,1,0,2,0,2,4,0,2,0,0,Medium,2.869565217391304,16.72,0.30434782608695654,0.75,0.3015
27,68,0,2,0,4.0,56,1,1,0,0,2,0,1,1,0,0,0,1,Low,2.0,18.36,0.14285714285714285,0.75,0.374
23,76,1,0,1,5.0,85,1,1,1,1,0,0,1,3,0,0,0,1,Low,3.5416666666666665,17.48,0.20833333333333334,0.75,0.5275
20,63,2,2,1,5.0,95,1,1,2,2,2,0,2,3,0,1,0,0,Medium,4.523809523809524,12.6,0.23809523809523808,1.75,0.605
16,88,1,2,1,5.0,94,2,1,4,1,1,0,2,6,0,1,1,0,High,5.529411764705882,14.08,0.29411764705882354,1.25,0.826
13,70,1,2,1,6.0,66,1,1,1,1,1,0,0,4,0,0,0,0,Low,4.714285714285714,9.1,0.42857142857142855,1.25,0.4515
25,72,1,2,1,8.0,62,1,1,2,0,1,0,2,2,0,0,0,1,Medium,2.3846153846153846,18.0,0.3076923076923077,1.0,0.47300000000000003
25,65,0,1,0,6.0,64,1,1,1,1,1,0,0,4,0,1,0,0,Low,2.4615384615384617,16.25,0.23076923076923078,0.75,0.4435
11,95,1,1,1,9.0,64,2,1,4,0,1,0,2,4,0,0,1,0,Medium,5.333333333333333,10.45,0.75,0.75,0.7060000000000001
30,80,2,2,0,6.0,54,2,1,1,2,1,0,2,3,0,0,1,1,High,1.7419354838709677,24.0,0.1935483870967742,1.75,0.5535
23,83,1,0,1,7.0,57,1,0,2,1,2,0,2,4,0,0,1,1,Medium,2.375,19.09,0.2916666666666667,0.5,0.453
28,83,1,0,0,8.0,61,1,1,1,0,1,0,0,5,1,2,0,0,Medium,2.103448275862069,23.24,0.27586206896551724,0.5,0.4315
12,76,1,1,1,9.0,50,1,1,2,1,2,0,0,3,0,1,0,0,Low,3.8461538461538463,9.12,0.6923076923076923,1.0,0.425
12,68,2,0,0,6.0,52,0,1,5,2,2,0,1,3,0,1,0,0,Low,4.0,8.16,0.46153846153846156,1.25,0.3955
19,90,2,2,0,8.0,85,1,1,2,1,1,0,1,4,0,1,0,0,High,4.25,17.1,0.4,1.5,0.565
23,65,0,1,1,6.0,81,0,1,2,0,1,0,1,2,0,0,0,1,Low,3.375,14.95,0.25,0.5,0.3990000000000001
31,64,2,1,0,10.0,97,0,1,2,1,1,0,0,4,0,0,2,1,Medium,3.03125,19.84,0.3125,1.25,0.463
24,88,0,1,1,5.0,70,1,0,1,0,1,0,2,2,0,2,0,0,Medium,2.8,21.12,0.2,0.25,0.4674999999999999
19,68,0,2,1,8.0,72,2,1,2,0,2,0,1,3,0,1,2,0,Low,3.6,12.92,0.4,0.75,0.6629999999999999
14,72,1,2,0,9.0,53,1,1,4,1,1,0,0,3,0,2,0,0,Low,3.533333333333333,10.08,0.6,1.25,0.512
27,79,1,0,1,5.0,58,2,1,2,1,1,0,1,1,0,2,2,1,Medium,2.0714285714285716,21.33,0.17857142857142858,0.75,0.607
14,78,1,2,1,8.0,85,1,1,2,0,1,0,0,4,0,0,0,0,Low,5.666666666666667,10.92,0.5333333333333333,1.0,0.565
30,88,1,1,1,6.0,62,2,1,4,0,1,0,2,5,0,1,2,1,High,2.0,26.4,0.1935483870967742,0.75,0.6980000000000001
18,85,0,1,1,10.0,89,1,1,1,2,1,0,2,3,0,0,0,1,Medium,4.684210526315789,15.3,0.5263157894736842,1.0,0.5435
30,86,1,2,0,4.0,85,2,1,2,1,1,0,1,5,1,2,2,0,High,2.7419354838709675,25.8,0.12903225806451613,1.25,0.715
24,89,1,1,1,5.0,87,1,0,3,2,1,0,1,0,0,0,0,1,High,3.48,21.36,0.2,1.0,0.6105
19,72,1,1,1,5.0,85,2,1,1,0,1,0,1,4,0,1,0,1,Low,4.25,13.68,0.25,0.75,0.6775
17,73,0,1,1,5.0,85,2,1,3,1,1,0,2,1,0,1,0,1,Low,4.722222222222222,12.41,0.2777777777777778,0.75,0.7525
18,78,0,0,1,8.0,77,1,1,2,1,2,0,1,4,0,1,0,1,Low,4.052631578947368,14.04,0.42105263157894735,0.5,0.533
23,72,2,0,1,10.0,84,0,1,2,0,1,0,0,2,0,0,1,0,Low,3.5,16.56,0.4166666666666667,0.75,0.41100000000000003
20,99,2,0,1,9.0,76,2,1,2,0,1,0,1,5,0,1,2,0,High,3.619047619047619,19.8,0.42857142857142855,0.75,0.679
16,93,0,1,1,7.0,60,1,1,1,1,1,0,2,1,0,0,1,1,Low,3.5294117647058822,14.88,0.4117647058823529,0.75,0.4275
19,67,1,0,0,7.0,61,2,1,1,1,1,0,1,4,0,1,1,1,Low,3.05,12.73,0.35,0.75,0.5815
20,60,1,1,1,6.0,70,1,1,2,0,1,0,1,3,1,2,0,1,Low,3.3333333333333335,12.0,0.2857142857142857,0.75,0.5049999999999999
7,62,2,1,1,8.0,51,0,1,0,1,0,0,2,3,0,1,1,0,Low,6.375,4.34,1.0,1.25,0.20400000000000001
23,70,1,2,0,7.0,94,0,1,3,1,2,0,1,3,0,0,0,1,Medium,3.9166666666666665,16.1,0.2916666666666667,1.25,0.4885
14,65,2,1,0,7.0,63,1,1,2,0,1,0,1,3,0,0,1,0,Low,4.2,9.1,0.4666666666666667,1.0,0.47700000000000004
13,81,1,2,0,6.0,53,0,1,2,0,1,0,2,4,0,0,0,0,Low,3.7857142857142856,10.53,0.42857142857142855,1.0,0.28700000000000003
10,94,2,0,0,5.0,71,1,1,1,2,1,0,2,3,0,0,1,0,Medium,6.454545454545454,9.4,0.45454545454545453,1.25,0.4714999999999999
9,89,0,2,1,7.0,91,1,1,1,2,0,0,1,3,0,2,0,0,Medium,9.1,8.01,0.7,1.25,0.5515
12,69,2,0,0,7.0,70,1,1,1,1,1,1,2,4,0,0,0,0,Low,5.384615384615385,8.28,0.5384615384615384,1.0,0.4674999999999999
16,76,1,2,1,6.0,63,2,1,0,0,1,0,2,1,0,0,0,1,High,3.7058823529411766,12.16,0.35294117647058826,1.0,0.552
32,80,2,1,0,6.0,77,0,1,0,1,1,0,1,5,0,1,0,0,High,2.3333333333333335,25.6,0.18181818181818182,1.25,0.30800000000000005
17,92,1,1,1,8.0,79,1,1,1,0,1,0,2,3,0,2,0,0,High,4.388888888888889,15.64,0.4444444444444444,0.75,0.5035000000000001
21,94,1,1,0,8.0,88,1,1,1,1,1,0,2,3,0,1,0,0,High,4.0,19.74,0.36363636363636365,1.0,0.5395
22,96,2,0,0,10.0,90,2,1,2,0,1,0,1,3,1,1,1,0,High,3.9130434782608696,21.12,0.43478260869565216,0.75,0.735
21,80,2,2,1,9.0,85,0,1,1,2,1,0,0,3,0,1,0,1,High,3.8636363636363638,16.8,0.4090909090909091,1.75,0.3775
20,88,1,2,1,5.0,50,1,0,2,0,1,0,1,5,0,0,1,0,Medium,2.380952380952381,17.6,0.23809523809523808,0.75,0.425
13,64,1,0,1,7.0,50,2,1,0,1,0,0,2,4,0,0,0,0,Low,3.5714285714285716,8.32,0.5,0.75,0.5
29,83,2,2,0,5.0,99,1,1,0,1,2,0,1,4,0,1,0,1,High,3.3,24.07,0.16666666666666666,1.5,0.546
31,70,2,0,1,4.0,63,2,1,1,1,1,0,1,2,1,0,0,1,Medium,1.96875,21.7,0.125,1.0,0.5895
10,77,0,2,1,10.0,64,2,1,1,0,1,1,0,3,1,1,0,1,Low,5.818181818181818,7.7,0.9090909090909091,0.75,0.5935
14,85,1,2,0,9.0,87,2,1,0,1,1,0,0,3,0,1,0,1,Medium,5.8,11.9,0.6,1.25,0.648
18,70,2,0,0,6.0,79,1,1,1,1,2,0,2,2,0,1,0,1,Low,4.157894736842105,12.6,0.3157894736842105,1.0,0.5035000000000001
14,62,1,1,0,9.0,73,1,1,1,0,1,0,1,6,0,0,0,0,Low,4.866666666666666,8.68,0.6,0.75,0.4794999999999999
23,60,2,1,1,9.0,56,0,0,0,0,1,1,0,4,0,0,1,1,Low,2.3333333333333335,13.8,0.375,0.75,0.22400000000000003
16,61,2,1,0,4.0,54,0,1,1,0,1,1,1,2,0,0,0,1,Low,3.176470588235294,9.76,0.23529411764705882,1.0,0.2535
33,60,2,2,0,8.0,85,0,1,4,0,0,0,0,3,0,0,0,0,Medium,2.5,19.8,0.23529411764705882,1.25,0.49
27,64,2,1,1,6.0,56,0,1,0,0,2,0,1,5,0,1,1,1,Low,2.0,17.28,0.21428571428571427,1.0,0.22400000000000003
21,70,2,2,1,8.0,72,0,1,3,1,0,0,1,1,0,2,1,1,Medium,3.272727272727273,14.7,0.36363636363636365,1.5,0.40049999999999997
26,69,2,0,0,10.0,87,0,1,2,1,0,0,2,2,0,2,0,0,Medium,3.2222222222222223,17.94,0.37037037037037035,1.0,0.42300000000000004
27,99,2,1,0,9.0,96,0,1,0,2,1,1,2,2,0,1,1,0,High,3.4285714285714284,26.73,0.32142857142857145,1.5,0.384
17,72,0,1,0,7.0,94,0,1,4,1,1,0,2,2,0,0,2,1,Low,5.222222222222222,12.24,0.3888888888888889,0.75,0.526
15,65,1,2,1,9.0,93,0,1,2,0,0,1,1,3,0,1,0,0,Low,5.8125,9.75,0.5625,1.0,0.44700000000000006
20,82,1,0,1,4.0,68,1,1,2,0,2,0,1,3,0,0,0,0,Medium,3.238095238095238,16.4,0.19047619047619047,0.5,0.49700000000000005
25,94,2,2,0,8.0,96,2,1,6,1,1,0,0,3,1,0,2,1,High,3.6923076923076925,23.5,0.3076923076923077,1.5,0.9089999999999999
21,87,1,1,1,8.0,84,2,1,1,0,0,1,2,2,0,1,0,0,Medium,3.8181818181818183,18.27,0.36363636363636365,0.75,0.6735
11,72,0,1,0,8.0,94,2,1,1,0,0,0,2,2,0,0,0,0,Low,7.833333333333333,7.92,0.6666666666666666,0.5,0.7134999999999999
15,82,1,1,1,6.0,54,1,1,1,1,1,0,2,2,0,1,0,1,Low,3.375,12.3,0.375,1.0,0.40349999999999997
20,89,2,2,1,8.0,52,0,1,2,1,1,0,0,3,0,1,1,1,Medium,2.4761904761904763,17.8,0.38095238095238093,1.5,0.28300000000000003
20,89,2,1,1,8.0,71,1,1,1,1,1,0,0,1,0,2,2,0,Medium,3.380952380952381,17.8,0.38095238095238093,1.25,0.4714999999999999
32,87,2,1,1,4.0,91,1,1,2,2,1,0,1,2,0,0,1,1,High,2.757575757575758,27.84,0.12121212121212122,1.5,0.589
12,95,1,1,0,7.0,70,1,1,4,1,2,0,2,3,0,0,2,0,Medium,5.384615384615385,11.4,0.5384615384615384,1.0,0.58
23,95,1,1,1,6.0,94,2,1,2,1,1,0,1,3,0,0,0,0,High,3.9166666666666665,21.85,0.25,1.0,0.7509999999999999
29,83,1,0,0,8.0,62,0,1,4,2,1,0,0,5,0,1,0,0,High,2.066666666666667,24.07,0.26666666666666666,1.0,0.398
34,77,1,2,0,9.0,52,1,1,0,1,1,1,1,4,0,0,1,1,Medium,1.4857142857142858,26.18,0.2571428571428571,1.25,0.358
18,86,1,1,1,6.0,88,1,1,2,1,2,0,1,2,0,1,2,0,Medium,4.631578947368421,15.48,0.3157894736842105,1.0,0.577
23,93,1,2,0,5.0,81,2,1,2,0,1,1,0,1,0,1,0,0,High,3.375,21.39,0.20833333333333334,1.0,0.6990000000000001
23,60,0,1,0,7.0,72,0,1,3,2,1,0,1,2,0,1,0,1,Low,3.0,13.8,0.2916666666666667,1.0,0.40049999999999997
21,100,1,1,0,5.0,92,0,1,3,0,0,0,2,3,1,2,0,0,High,4.181818181818182,21.0,0.22727272727272727,0.75,0.48050000000000004
19,67,1,1,0,7.0,91,1,1,1,0,2,0,1,3,0,0,0,1,Low,4.55,12.73,0.35,0.75,0.5515
23,79,0,1,1,7.0,66,2,1,1,2,1,1,2,3,0,2,0,0,Medium,2.75,18.17,0.2916666666666667,1.0,0.6015
5,95,1,2,1,8.0,92,0,1,1,0,2,1,1,2,0,1,0,1,Medium,15.333333333333334,4.75,1.3333333333333333,1.0,0.4055
24,69,1,2,1,7.0,67,1,1,2,1,2,0,0,4,0,2,2,0,Medium,2.68,16.56,0.28,1.25,0.49300000000000005
21,79,1,0,1,7.0,81,0,1,2,1,1,0,1,4,0,0,0,0,Medium,3.6818181818181817,16.59,0.3181818181818182,0.75,0.3990000000000001
19,65,1,2,1,9.0,60,0,1,1,0,1,0,1,3,0,2,1,0,Low,3.0,12.35,0.45,1.0,0.27749999999999997
32,76,1,1,0,7.0,63,1,1,0,1,0,0,2,3,0,0,0,1,Medium,1.9090909090909092,24.32,0.21212121212121213,1.0,0.402
16,67,2,2,1,6.0,72,1,1,1,0,2,0,2,3,0,2,0,1,Low,4.235294117647059,10.72,0.35294117647058826,1.25,0.4754999999999999
18,75,1,1,1,7.0,66,2,1,1,2,2,0,2,4,0,0,0,0,Medium,3.473684210526316,13.5,0.3684210526315789,1.25,0.6015
32,75,1,0,1,6.0,56,1,1,3,1,1,0,1,2,0,1,1,1,Medium,1.696969696969697,24.0,0.18181818181818182,0.75,0.4865
15,100,2,1,1,5.0,74,1,1,2,2,1,1,1,3,0,2,0,0,High,4.625,15.0,0.3125,1.5,0.5209999999999999
17,100,1,1,0,5.0,76,0,1,3,0,2,1,1,3,0,2,1,1,High,4.222222222222222,17.0,0.2777777777777778,0.75,0.41650000000000004
19,65,0,2,0,9.0,58,0,1,3,1,1,0,0,4,0,0,1,1,Low,2.9,12.35,0.45,1.0,0.3445
25,89,1,0,1,6.0,59,1,1,2,0,1,0,1,2,0,1,0,1,Medium,2.269230769230769,22.25,0.23076923076923078,0.5,0.461
21,62,1,0,1,7.0,51,0,1,0,0,1,1,2,4,0,0,0,1,Low,2.3181818181818183,13.02,0.3181818181818182,0.5,0.20400000000000001
12,61,1,0,1,7.0,52,0,1,2,0,1,0,2,2,0,0,1,1,Low,4.0,7.32,0.5384615384615384,0.5,0.28300000000000003
17,64,0,1,0,7.0,68,1,1,5,1,1,1,1,3,0,0,0,0,Low,3.7777777777777777,10.88,0.3888888888888889,0.75,0.6095
16,99,2,1,0,9.0,57,2,0,4,1,1,0,2,3,0,1,0,1,High,3.3529411764705883,15.84,0.5294117647058824,1.0,0.678
20,98,0,1,1,7.0,96,0,0,1,0,2,0,2,3,0,1,0,1,High,4.571428571428571,19.6,0.3333333333333333,0.25,0.4215
23,68,2,1,0,6.0,60,1,1,1,0,1,0,1,3,0,0,0,1,Low,2.5,15.64,0.25,1.0,0.4275
23,66,2,0,0,6.0,53,0,1,2,1,1,0,2,1,0,1,2,0,Low,2.2083333333333335,15.18,0.25,1.0,0.28700000000000003
9,70,2,1,1,8.0,70,0,1,1,1,1,0,2,3,0,1,0,0,Low,7.0,6.3,0.8,1.25,0.31749999999999995
26,81,2,0,0,8.0,60,2,1,2,0,2,0,2,5,0,2,0,1,High,2.2222222222222223,21.06,0.2962962962962963,0.75,0.615
22,83,0,2,1,8.0,53,1,0,0,0,0,0,0,2,0,2,0,1,Low,2.3043478260869565,18.26,0.34782608695652173,0.5,0.362
28,69,2,2,0,7.0,88,0,1,2,0,1,0,1,2,0,0,1,0,Medium,3.0344827586206895,19.32,0.2413793103448276,1.25,0.42700000000000005
23,90,1,2,1,5.0,78,2,0,1,1,1,1,1,3,0,0,1,0,High,3.25,20.7,0.20833333333333334,1.0,0.6495000000000001
27,72,2,2,1,8.0,53,1,1,3,1,0,0,1,3,0,0,2,1,Medium,1.8928571428571428,19.44,0.2857142857142857,1.5,0.4745
23,97,1,1,0,7.0,73,1,0,3,0,1,1,0,1,0,0,1,0,Medium,3.0416666666666665,22.31,0.2916666666666667,0.5,0.5545
28,86,1,1,1,7.0,52,1,1,0,1,1,0,2,5,0,1,0,0,High,1.793103448275862,24.08,0.2413793103448276,1.0,0.358
23,77,2,1,0,5.0,68,0,1,0,2,2,1,2,3,1,0,0,0,Medium,2.8333333333333335,17.71,0.20833333333333334,1.5,0.272
19,92,0,2,1,6.0,68,1,1,2,1,1,0,1,2,0,0,0,1,Medium,3.4,17.48,0.3,1.0,0.49700000000000005
34,93,0,1,0,6.0,91,0,1,2,2,1,0,1,3,0,0,1,1,High,2.6,31.62,0.17142857142857143,1.0,0.43900000000000006
25,72,1,1,1,8.0,87,0,1,3,1,0,0,2,3,0,2,1,0,Medium,3.3461538461538463,18.0,0.3076923076923077,1.0,0.4605
23,74,2,1,0,8.0,95,1,1,2,0,1,0,0,2,0,1,2,1,Medium,3.9583333333333335,17.02,0.3333333333333333,1.0,0.605
12,97,1,2,1,7.0,57,0,1,0,0,1,1,2,4,0,1,1,1,Medium,4.384615384615385,11.64,0.5384615384615384,1.0,0.22799999999999998
12,67,1,2,1,8.0,77,1,1,2,0,2,1,2,3,0,1,0,0,Low,5.923076923076923,8.04,0.6153846153846154,1.0,0.533
22,62,2,1,0,9.0,51,1,1,2,0,1,0,1,2,0,0,0,0,Low,2.217391304347826,13.64,0.391304347826087,1.0,0.429
21,78,0,2,0,8.0,91,1,0,1,1,0,1,0,5,0,2,0,1,Medium,4.136363636363637,16.38,0.36363636363636365,0.75,0.5515
16,92,1,2,1,8.0,68,1,1,1,1,2,0,2,2,0,0,0,0,High,4.0,14.72,0.47058823529411764,1.25,0.4595
21,91,2,1,1,6.0,53,2,1,1,1,1,0,2,3,0,2,0,1,High,2.409090909090909,19.11,0.2727272727272727,1.25,0.5495
30,97,1,2,1,6.0,66,2,1,1,1,1,1,1,2,0,1,0,0,High,2.129032258064516,29.1,0.1935483870967742,1.25,0.6015
24,81,1,2,1,9.0,64,2,1,2,2,0,0,2,3,0,0,0,0,High,2.56,19.44,0.36,1.5,0.631
13,64,0,0,0,6.0,88,1,1,1,1,1,0,1,2,0,1,1,1,Low,6.285714285714286,8.32,0.42857142857142855,0.5,0.5395
19,84,0,1,1,8.0,56,1,1,0,0,1,1,1,3,1,0,0,0,Low,2.8,15.96,0.4,0.5,0.374
15,91,0,1,0,10.0,78,0,1,2,1,2,0,1,3,0,0,0,1,Medium,4.875,13.65,0.625,0.75,0.38700000000000007
18,64,1,1,1,8.0,90,1,1,1,0,1,0,1,3,0,0,0,0,Low,4.7368421052631575,11.52,0.42105263157894735,0.75,0.5475
18,67,0,2,1,7.0,87,1,1,5,0,0,0,2,2,0,1,0,0,Low,4.578947368421052,12.06,0.3684210526315789,0.75,0.6855
17,60,1,1,1,5.0,97,1,1,1,1,1,1,0,4,0,1,2,0,Low,5.388888888888889,10.2,0.2777777777777778,1.0,0.5755
12,84,0,1,0,7.0,50,1,1,3,2,2,0,1,3,0,0,0,0,Low,3.8461538461538463,10.08,0.5384615384615384,1.0,0.46249999999999997
19,95,2,2,1,9.0,68,1,1,3,2,1,0,2,4,0,1,2,0,High,3.4,18.05,0.45,1.75,0.5345
17,87,2,2,1,7.0,68,2,1,1,1,2,0,2,2,0,0,0,0,High,3.7777777777777777,14.79,0.3888888888888889,1.5,0.6095
2,99,1,0,1,9.0,52,0,1,0,1,1,0,1,4,0,0,0,0,Low,17.333333333333332,1.98,3.0,0.75,0.20800000000000002
32,63,1,2,0,8.0,91,1,0,2,2,0,0,2,5,1,0,0,1,Medium,2.757575757575758,20.16,0.24242424242424243,1.25,0.589
27,96,2,0,1,7.0,84,1,1,1,2,1,0,1,3,0,1,0,0,High,3.0,25.92,0.25,1.25,0.5235
18,93,1,1,0,7.0,76,0,1,2,1,1,1,1,4,0,0,0,1,High,4.0,16.74,0.3684210526315789,1.0,0.37900000000000006
20,73,2,2,0,5.0,70,2,1,1,0,2,0,0,2,0,0,1,0,Low,3.3333333333333335,14.6,0.23809523809523808,1.25,0.6174999999999999
13,99,0,2,1,6.0,95,1,0,0,0,1,0,2,4,0,2,0,0,Medium,6.785714285714286,12.87,0.42857142857142855,0.5,0.53
30,72,2,2,1,6.0,63,1,1,1,0,1,0,1,3,0,2,0,1,High,2.032258064516129,21.6,0.1935483870967742,1.25,0.4395
31,96,1,0,1,8.0,67,1,1,2,1,1,1,1,3,0,1,0,0,High,2.09375,29.76,0.25,0.75,0.49300000000000005
21,95,0,0,0,7.0,98,0,1,1,0,2,0,2,2,0,0,0,0,Medium,4.454545454545454,19.95,0.3181818181818182,0.25,0.4295
26,90,2,2,1,9.0,53,1,1,1,0,1,1,1,4,0,0,2,0,High,1.962962962962963,23.4,0.3333333333333333,1.25,0.39949999999999997
21,83,2,0,1,7.0,89,0,0,0,0,0,0,1,2,0,1,1,1,Low,4.045454545454546,17.43,0.3181818181818182,0.5,0.35600000000000004
12,65,1,0,1,6.0,86,1,1,1,1,1,0,2,3,0,2,0,1,Low,6.615384615384615,7.8,0.46153846153846156,0.75,0.5315
18,81,2,2,0,6.0,95,0,1,1,1,1,0,2,3,0,0,0,0,Medium,5.0,14.58,0.3157894736842105,1.5,0.4175
21,74,0,1,0,6.0,55,2,1,3,0,1,0,2,2,0,1,0,0,Low,2.5,15.54,0.2727272727272727,0.5,0.6325000000000001
17,92,1,1,0,7.0,99,1,1,1,1,1,0,1,2,0,1,2,1,Medium,5.5,15.64,0.3888888888888889,1.0,0.5835
19,90,0,0,1,6.0,51,2,1,1,0,1,0,0,3,1,2,0,0,Low,2.55,17.1,0.3,0.25,0.5415
19,96,1,2,1,5.0,67,1,1,4,2,1,1,1,1,0,0,1,0,High,3.35,18.24,0.25,1.5,0.5680000000000001
20,61,2,2,1,9.0,54,1,1,2,2,1,1,2,4,0,2,0,0,Medium,2.5714285714285716,12.2,0.42857142857142855,1.75,0.441
20,92,1,0,0,7.0,53,1,1,2,1,2,1,2,2,0,1,2,0,Medium,2.5238095238095237,18.4,0.3333333333333333,0.75,0.437
14,98,0,1,0,7.0,98,1,0,0,1,2,0,2,3,0,0,0,0,Medium,6.533333333333333,13.72,0.4666666666666667,0.5,0.542
16,92,1,1,0,6.0,86,0,0,2,1,1,1,1,3,1,1,0,1,Low,5.0588235294117645,14.72,0.35294117647058826,0.75,0.41900000000000004
12,65,1,2,1,5.0,75,2,1,0,2,1,1,0,2,0,0,1,0,Low,5.769230769230769,7.8,0.38461538461538464,1.5,0.6000000000000001
26,63,1,1,1,7.0,55,1,1,2,1,2,0,1,4,0,0,2,0,Low,2.037037037037037,16.38,0.25925925925925924,1.0,0.445
7,61,0,2,1,4.0,76,2,1,1,1,1,1,2,5,0,0,2,1,Low,9.5,4.27,0.5,1.0,0.6415000000000001
27,85,2,1,1,8.0,66,1,1,2,0,2,1,1,4,1,0,1,0,High,2.357142857142857,22.95,0.2857142857142857,1.0,0.48900000000000005
28,85,1,1,1,6.0,64,0,1,1,0,1,0,1,1,0,0,1,0,Medium,2.206896551724138,23.8,0.20689655172413793,0.75,0.2935
18,99,1,2,1,7.0,81,0,1,1,1,1,0,1,3,0,2,0,0,High,4.2631578947368425,17.82,0.3684210526315789,1.25,0.36150000000000004
4,76,1,1,1,8.0,90,1,1,2,2,1,0,2,2,0,0,1,1,Low,18.0,3.04,1.6,1.25,0.585
18,73,1,2,1,7.0,72,0,1,1,1,1,1,1,1,1,0,1,0,Low,3.789473684210526,13.14,0.3684210526315789,1.25,0.32549999999999996
20,85,0,1,1,5.0,75,0,1,1,1,1,0,1,2,0,1,0,0,Medium,3.5714285714285716,17.0,0.23809523809523808,0.75,0.3375
14,93,1,0,1,9.0,83,0,1,4,1,1,0,1,2,0,2,0,1,Medium,5.533333333333333,13.02,0.6,0.75,0.482
17,97,1,1,0,5.0,56,0,1,2,2,1,0,2,3,0,0,0,1,Medium,3.111111111111111,16.49,0.2777777777777778,1.25,0.29900000000000004
29,92,2,1,1,4.0,91,0,1,1,2,2,0,1,4,0,0,0,1,High,3.033333333333333,26.68,0.13333333333333333,1.5,0.4015
24,77,0,1,0,8.0,92,2,1,0,2,1,0,1,3,0,0,1,0,Medium,3.68,18.48,0.32,1.0,0.668
14,85,2,2,1,5.0,77,1,1,2,0,2,0,2,3,0,0,0,0,Medium,5.133333333333334,11.9,0.3333333333333333,1.25,0.533
10,94,0,1,0,9.0,59,0,1,0,1,1,0,2,2,0,2,0,0,Low,5.363636363636363,9.4,0.8181818181818182,0.75,0.236
18,80,0,2,1,8.0,75,1,0,2,1,1,0,0,4,0,0,0,0,Low,3.9473684210526314,14.4,0.42105263157894735,0.75,0.525
19,69,1,1,1,7.0,55,0,1,1,0,1,0,2,4,0,1,0,1,Low,2.75,13.11,0.35,0.75,0.2575
23,67,0,1,0,6.0,88,1,1,2,1,1,1,1,4,0,0,0,0,Low,3.6666666666666665,15.41,0.25,0.75,0.577
17,60,1,0,0,6.0,66,1,1,0,0,1,0,2,2,0,0,2,1,Low,3.6666666666666665,10.2,0.3333333333333333,0.5,0.41400000000000003
23,89,2,2,1,6.0,66,0,1,0,0,2,1,2,3,0,0,1,0,High,2.75,20.47,0.25,1.25,0.264
32,64,0,0,1,6.0,97,1,1,1,1,0,0,1,5,0,1,1,0,Low,2.9393939393939394,20.48,0.18181818181818182,0.5,0.5755
25,70,1,0,0,9.0,71,1,0,2,0,1,0,0,2,0,1,0,1,Low,2.730769230769231,17.5,0.34615384615384615,0.25,0.5089999999999999
20,72,1,0,1,6.0,89,0,1,1,0,1,1,0,3,0,0,2,0,Low,4.238095238095238,14.4,0.2857142857142857,0.5,0.3935
19,82,1,1,1,8.0,82,2,1,2,1,1,1,2,3,0,1,1,1,Medium,4.1,15.58,0.4,1.0,0.703
18,76,1,1,0,9.0,66,2,1,1,2,2,0,2,3,0,0,0,1,Low,3.473684210526316,13.68,0.47368421052631576,1.25,0.6015
27,87,2,0,0,6.0,56,1,1,0,0,2,0,1,2,0,0,1,0,Medium,2.0,23.49,0.21428571428571427,0.75,0.374
16,62,0,1,1,8.0,90,0,1,2,2,1,0,1,2,0,2,2,0,Low,5.294117647058823,9.92,0.47058823529411764,1.0,0.43500000000000005
20,65,2,1,0,6.0,88,1,1,0,1,2,0,0,4,1,0,0,0,Low,4.190476190476191,13.0,0.2857142857142857,1.25,0.502
20,80,1,2,1,7.0,58,0,0,0,1,1,0,1,2,0,1,0,1,Low,2.761904761904762,16.0,0.3333333333333333,1.0,0.23199999999999998
17,73,1,2,1,6.0,62,0,1,2,0,1,1,0,3,0,1,2,0,Low,3.4444444444444446,12.41,0.3333333333333333,1.0,0.323
12,72,1,1,0,6.0,88,2,1,2,2,1,0,2,3,0,0,0,1,Low,6.769230769230769,8.64,0.46153846153846156,1.25,0.727
22,63,1,1,1,7.0,99,0,1,3,1,1,1,1,4,0,0,1,0,Low,4.304347826086956,13.86,0.30434782608695654,1.0,0.5085
20,96,0,1,1,5.0,92,1,1,0,1,1,0,1,3,0,1,0,1,High,4.380952380952381,19.2,0.23809523809523808,0.75,0.518
23,88,0,2,0,8.0,84,2,1,2,1,1,1,2,3,1,2,0,1,High,3.5,20.24,0.3333333333333333,1.0,0.711
17,65,1,1,1,5.0,96,0,1,2,1,2,0,2,3,0,1,1,0,Low,5.333333333333333,11.05,0.2777777777777778,1.0,0.459
27,63,2,1,0,5.0,64,1,0,1,2,2,0,2,4,0,2,0,0,Medium,2.2857142857142856,17.01,0.17857142857142858,1.25,0.4435
15,99,0,2,1,7.0,50,2,0,4,0,1,0,2,2,0,0,1,0,Medium,3.125,14.85,0.4375,0.5,0.65
30,87,2,2,1,6.0,66,0,1,1,1,1,0,1,4,0,0,0,0,High,2.129032258064516,26.1,0.1935483870967742,1.5,0.3015
10,77,1,2,0,8.0,99,1,1,0,1,2,0,1,4,1,0,0,0,Low,9.0,7.7,0.7272727272727273,1.25,0.546
23,88,2,2,0,7.0,94,0,0,3,0,1,1,2,1,0,0,0,0,High,3.9166666666666665,20.24,0.2916666666666667,1.0,0.4885
23,90,1,2,0,5.0,53,1,1,2,1,2,1,2,2,0,0,0,1,High,2.2083333333333335,20.7,0.20833333333333334,1.25,0.437
15,91,0,2,0,8.0,75,1,1,4,1,1,0,1,1,0,0,0,1,Medium,4.6875,13.65,0.5,1.0,0.6000000000000001
23,79,2,1,1,7.0,54,1,1,2,0,1,1,1,4,0,1,1,1,Medium,2.25,18.17,0.2916666666666667,1.0,0.441
28,77,0,2,1,7.0,89,1,1,3,0,1,0,2,3,1,0,2,0,Medium,3.0689655172413794,21.56,0.2413793103448276,0.75,0.6185
7,60,1,2,1,10.0,69,0,1,0,0,1,1,2,3,0,1,1,1,Low,8.625,4.2,1.25,1.0,0.27599999999999997
23,97,1,1,1,9.0,96,1,1,2,1,2,1,1,4,0,1,0,0,High,4.0,22.31,0.375,1.0,0.609
5,84,1,1,1,7.0,53,0,0,1,0,2,0,2,3,0,2,1,0,Low,8.833333333333334,4.2,1.1666666666666667,0.5,0.24950000000000003
14,68,2,0,1,5.0,87,2,1,2,1,1,0,2,3,0,0,2,0,Low,5.8,9.52,0.3333333333333333,1.0,0.723
30,97,2,2,0,5.0,70,1,1,0,2,1,0,2,2,0,2,0,0,High,2.2580645161290325,29.1,0.16129032258064516,1.75,0.42999999999999994
17,97,2,1,1,9.0,63,1,1,2,0,1,0,2,2,0,0,0,0,High,3.5,16.49,0.5,1.0,0.47700000000000004
13,100,2,1,0,6.0,76,1,0,0,0,0,0,2,5,0,2,0,0,Medium,5.428571428571429,13.0,0.42857142857142855,0.75,0.45400000000000007
19,95,1,1,1,7.0,74,2,0,0,0,2,0,2,2,0,0,0,1,Medium,3.7,18.05,0.35,0.5,0.596
32,100,0,2,1,5.0,67,1,0,4,1,1,0,2,3,0,0,2,0,High,2.0303030303030303,32.0,0.15151515151515152,0.75,0.5680000000000001
9,70,1,1,0,8.0,82,0,0,2,2,2,0,0,2,0,0,0,1,Low,8.2,6.3,0.8,1.0,0.403
14,94,1,1,0,9.0,83,2,1,2,0,2,0,2,3,0,2,1,0,High,5.533333333333333,13.16,0.6,0.75,0.707
29,93,0,1,1,9.0,54,1,0,4,0,2,0,2,3,0,0,0,0,High,1.8,26.97,0.3,0.25,0.516
31,69,1,0,1,6.0,80,0,1,4,1,1,0,0,2,0,1,0,0,Medium,2.5,21.39,0.1875,0.75,0.4700000000000001
19,64,2,0,1,8.0,86,0,1,3,2,1,1,1,3,0,2,0,1,Low,4.3,12.16,0.4,1.25,0.4565
13,99,0,1,0,7.0,54,2,1,3,2,1,0,0,3,0,0,2,0,Medium,3.857142857142857,12.87,0.5,1.0,0.6285000000000001
33,72,2,1,0,8.0,83,0,1,3,0,2,1,1,4,0,0,0,0,High,2.4411764705882355,23.76,0.23529411764705882,1.0,0.4445
30,95,1,1,1,7.0,90,1,1,3,1,1,0,1,1,0,0,1,0,High,2.903225806451613,28.5,0.22580645161290322,1.0,0.6225
24,60,0,1,1,6.0,92,0,1,3,1,1,0,2,2,0,1,0,0,Low,3.68,14.4,0.24,0.75,0.48050000000000004
15,61,2,0,1,9.0,52,1,1,1,1,1,1,1,3,0,0,1,1,Low,3.25,9.15,0.5625,1.0,0.39549999999999996
20,79,2,2,1,7.0,85,0,1,2,1,1,0,1,2,0,1,1,0,Medium,4.0476190476190474,15.8,0.3333333333333333,1.5,0.41500000000000004
19,70,1,1,1,6.0,90,0,1,2,0,1,1,2,3,0,0,1,0,Low,4.5,13.3,0.3,0.75,0.43500000000000005
22,88,1,0,1,7.0,70,1,1,3,0,1,0,2,2,0,0,0,1,Medium,3.0434782608695654,19.36,0.30434782608695654,0.5,0.5425
29,83,1,0,1,6.0,77,2,1,1,1,1,0,1,4,0,0,0,0,High,2.566666666666667,24.07,0.2,0.75,0.6455000000000001
25,63,2,0,1,8.0,63,1,1,0,1,2,1,2,1,1,2,0,1,Low,2.423076923076923,15.75,0.3076923076923077,1.0,0.402
14,67,0,0,1,7.0,66,0,1,0,0,1,0,1,4,0,0,2,1,Low,4.4,9.38,0.4666666666666667,0.25,0.264
28,76,1,1,1,6.0,75,0,1,0,1,2,0,2,2,0,0,0,1,Medium,2.586206896551724,21.28,0.20689655172413793,1.0,0.30000000000000004
22,67,2,2,0,10.0,58,1,1,2,2,0,0,1,3,0,2,0,0,Medium,2.5217391304347827,14.74,0.43478260869565216,1.75,0.457
24,92,1,1,0,5.0,69,1,1,2,1,1,1,0,4,0,0,0,1,High,2.76,22.08,0.2,1.0,0.5009999999999999
29,77,1,1,1,8.0,65,1,1,1,1,1,0,1,3,0,0,0,0,Medium,2.1666666666666665,22.33,0.26666666666666666,1.0,0.4475
13,64,2,2,1,7.0,62,1,1,1,0,1,0,1,1,0,1,1,1,Low,4.428571428571429,8.32,0.5,1.25,0.4355
20,79,2,1,1,5.0,74,1,1,1,0,1,0,1,5,0,0,2,0,Medium,3.5238095238095237,15.8,0.23809523809523808,1.0,0.48349999999999993
17,64,2,2,1,6.0,92,1,1,0,1,1,1,2,1,0,2,0,0,Low,5.111111111111111,10.88,0.3333333333333333,1.5,0.518
11,65,1,0,1,5.0,62,1,1,2,1,2,0,1,2,0,1,2,1,Low,5.166666666666667,7.15,0.4166666666666667,0.75,0.47300000000000003
22,70,1,0,0,10.0,83,0,1,0,1,1,0,2,2,0,1,1,0,Low,3.608695652173913,15.4,0.43478260869565216,0.75,0.332
35,94,2,1,1,7.0,63,1,1,1,0,2,0,2,2,0,1,0,1,High,1.75,32.9,0.19444444444444445,1.0,0.4395
9,97,0,1,1,7.0,57,1,1,4,1,2,0,1,5,0,0,2,1,Medium,5.7,8.73,0.7,0.75,0.528
20,93,1,2,0,10.0,97,1,1,1,0,1,0,1,2,0,2,1,0,High,4.619047619047619,18.6,0.47619047619047616,1.0,0.5755
24,73,0,0,1,6.0,82,1,1,0,1,1,0,0,2,1,0,0,0,Low,3.28,17.52,0.24,0.5,0.478
21,71,2,1,1,9.0,55,0,1,2,2,2,0,2,1,0,2,1,0,Medium,2.5,14.91,0.4090909090909091,1.5,0.29500000000000004
19,82,1,1,0,8.0,82,0,1,2,0,1,1,0,4,0,2,0,1,Medium,4.1,15.58,0.4,0.75,0.403
12,89,2,0,1,4.0,59,0,1,2,0,2,0,0,4,0,0,0,0,Low,4.538461538461538,10.68,0.3076923076923077,0.75,0.311
21,100,0,2,0,6.0,94,1,0,1,2,1,0,2,3,0,1,1,1,High,4.2727272727272725,21.0,0.2727272727272727,1.0,0.5635
15,65,1,1,0,8.0,62,1,1,1,1,1,0,1,4,0,0,1,1,Low,3.875,9.75,0.5,1.0,0.4355
7,62,0,2,0,7.0,90,1,1,1,1,0,0,1,5,0,1,1,1,Low,11.25,4.34,0.875,1.0,0.5475
27,88,2,2,1,7.0,60,1,1,2,0,1,0,2,2,0,0,0,1,High,2.142857142857143,23.76,0.25,1.25,0.465
26,93,1,1,1,6.0,78,1,1,2,1,1,0,1,3,0,2,2,1,High,2.888888888888889,24.18,0.2222222222222222,1.0,0.537
20,94,0,1,1,6.0,96,1,1,2,1,1,1,0,3,0,1,0,0,High,4.571428571428571,18.8,0.2857142857142857,0.75,0.609
21,87,0,1,0,7.0,65,2,1,2,1,1,0,0,3,1,1,0,0,Medium,2.9545454545454546,18.27,0.3181818181818182,0.75,0.635
26,98,1,1,0,10.0,54,1,1,0,0,2,1,1,1,0,2,0,0,High,2.0,25.48,0.37037037037037035,0.75,0.366
21,80,1,0,1,6.0,78,1,1,0,1,1,1,0,2,0,2,0,1,Low,3.5454545454545454,16.8,0.2727272727272727,0.75,0.4620000000000001
25,97,2,2,0,6.0,59,0,1,0,0,2,0,2,2,0,0,0,1,High,2.269230769230769,24.25,0.23076923076923078,1.25,0.236
18,99,1,1,1,7.0,86,1,0,1,2,1,0,1,4,0,0,1,1,High,4.526315789473684,17.82,0.3684210526315789,1.0,0.5315
28,94,1,0,1,5.0,80,1,1,2,2,1,0,0,2,0,0,1,1,High,2.7586206896551726,26.32,0.1724137931034483,1.0,0.545
22,72,0,0,1,8.0,67,2,1,2,1,1,0,0,4,0,1,2,0,Low,2.9130434782608696,15.84,0.34782608695652173,0.5,0.643
21,68,1,1,1,5.0,85,1,0,3,2,1,0,2,2,0,1,1,0,Low,3.8636363636363638,14.28,0.22727272727272727,1.0,0.6025
12,82,2,0,0,5.0,62,0,1,2,1,1,0,2,4,0,0,0,0,Low,4.769230769230769,9.84,0.38461538461538464,1.0,0.323
22,78,1,1,1,5.0,96,1,1,0,0,1,0,1,3,0,0,1,0,Medium,4.173913043478261,17.16,0.21739130434782608,0.75,0.534
15,95,0,0,0,5.0,67,2,1,3,1,1,0,2,3,0,0,1,1,Medium,4.1875,14.25,0.3125,0.5,0.6805000000000001
16,64,2,0,0,9.0,88,1,1,1,1,2,0,2,3,0,0,0,0,Low,5.176470588235294,10.24,0.5294117647058824,1.0,0.5395
15,70,0,1,0,8.0,63,0,1,0,1,1,1,2,4,0,0,1,1,Low,3.9375,10.5,0.5,0.75,0.252
14,90,2,2,1,8.0,86,1,1,4,1,1,1,0,2,0,0,0,1,High,5.733333333333333,12.6,0.5333333333333333,1.5,0.644
33,64,1,1,0,8.0,52,0,0,3,2,1,0,2,4,0,0,0,0,Medium,1.5294117647058822,21.12,0.23529411764705882,1.0,0.3205
28,73,1,2,1,7.0,65,2,1,3,2,2,0,2,3,0,2,0,0,High,2.2413793103448274,20.44,0.2413793103448276,1.5,0.6725000000000001
32,75,0,0,0,7.0,55,1,1,1,1,1,0,1,4,0,0,1,0,Low,1.6666666666666667,24.0,0.21212121212121213,0.5,0.4075
13,85,0,2,1,7.0,73,2,1,3,1,2,0,2,2,0,2,1,0,Medium,5.214285714285714,11.05,0.5,1.0,0.7044999999999999
20,66,2,0,0,9.0,72,0,1,1,1,2,0,2,1,0,1,0,1,Low,3.4285714285714284,13.2,0.42857142857142855,1.0,0.32549999999999996
12,94,2,2,0,5.0,68,2,1,1,2,1,0,1,2,0,0,0,0,Medium,5.230769230769231,11.28,0.38461538461538464,1.75,0.6095
16,78,1,2,0,10.0,99,0,1,0,0,1,0,2,4,0,0,2,1,Low,5.823529411764706,12.48,0.5882352941176471,1.0,0.396
14,97,0,2,0,5.0,62,1,0,1,1,1,0,1,4,1,2,2,1,Low,4.133333333333334,13.58,0.3333333333333333,0.75,0.4355
27,79,2,2,1,6.0,90,0,1,3,1,2,0,2,4,0,0,0,0,High,3.2142857142857144,21.33,0.21428571428571427,1.5,0.47250000000000003
18,71,1,1,1,7.0,72,0,1,0,0,1,0,1,4,0,0,0,1,Low,3.789473684210526,12.78,0.3684210526315789,0.75,0.288
26,66,1,1,1,7.0,67,2,1,3,1,1,0,0,4,0,0,1,1,Low,2.4814814814814814,17.16,0.25925925925925924,1.0,0.6805000000000001
24,60,1,1,1,10.0,60,0,1,3,0,2,1,1,2,0,2,0,1,Low,2.4,14.4,0.4,0.75,0.3525
34,81,1,1,1,9.0,82,0,1,1,1,2,0,0,2,0,0,0,0,High,2.342857142857143,27.54,0.2571428571428571,1.0,0.3655
11,64,1,0,1,8.0,67,2,0,1,1,1,0,1,2,1,1,0,0,Low,5.583333333333333,7.04,0.6666666666666666,0.5,0.6055
28,76,1,1,0,9.0,91,1,1,0,0,2,1,1,3,0,0,1,0,Medium,3.1379310344827585,21.28,0.3103448275862069,0.75,0.514
27,84,1,1,0,8.0,98,1,1,0,0,1,0,1,4,0,0,1,0,Medium,3.5,22.68,0.2857142857142857,0.75,0.542
14,71,2,0,1,6.0,61,0,1,0,0,1,0,2,3,0,2,0,1,Low,4.066666666666666,9.94,0.4,0.75,0.244
26,67,1,1,1,8.0,56,1,1,1,1,1,0,0,5,0,1,0,1,Low,2.074074074074074,17.42,0.2962962962962963,1.0,0.4115
22,91,1,1,1,7.0,66,1,0,0,2,2,0,0,3,0,1,0,1,Medium,2.869565217391304,20.02,0.30434782608695654,1.0,0.41400000000000003
19,98,1,0,1,6.0,73,1,1,3,0,1,1,0,3,0,1,0,0,Medium,3.65,18.62,0.3,0.5,0.5545
15,64,2,1,0,9.0,65,1,1,2,1,1,0,1,2,0,0,0,0,Low,4.0625,9.6,0.5625,1.25,0.48500000000000004
16,66,0,2,1,7.0,99,1,1,1,0,1,0,2,3,0,1,0,1,Low,5.823529411764706,10.56,0.4117647058823529,0.75,0.5835
32,98,0,2,0,5.0,89,1,1,2,2,0,1,2,3,0,1,0,0,High,2.696969696969697,31.36,0.15151515151515152,1.25,0.581
20,62,2,1,1,6.0,98,2,1,0,2,2,0,1,3,0,2,0,0,Medium,4.666666666666667,12.4,0.2857142857142857,1.5,0.692
25,99,0,1,0,8.0,69,1,0,1,0,2,0,2,3,0,2,1,0,High,2.6538461538461537,24.75,0.3076923076923077,0.25,0.4634999999999999
15,60,1,0,0,9.0,65,1,1,1,1,2,0,0,5,0,1,1,0,Low,4.0625,9.0,0.5625,0.75,0.4475
15,95,2,0,0,8.0,70,1,1,2,2,2,0,1,3,1,0,0,1,Medium,4.375,14.25,0.5,1.25,0.5049999999999999
26,72,1,1,1,8.0,76,1,1,1,1,1,0,0,3,0,2,0,0,Medium,2.814814814814815,18.72,0.2962962962962963,1.0,0.49150000000000005
12,98,0,2,1,6.0,87,1,1,2,0,1,1,1,3,0,2,0,1,High,6.6923076923076925,11.76,0.46153846153846156,0.75,0.573
18,73,1,2,1,7.0,94,2,1,1,2,1,1,1,3,0,2,1,1,Medium,4.947368421052632,13.14,0.3684210526315789,1.5,0.7134999999999999
20,86,2,2,0,7.0,73,1,1,3,0,0,0,1,3,1,0,0,0,Medium,3.4761904761904763,17.2,0.3333333333333333,1.25,0.5545
21,63,1,1,1,7.0,64,1,1,0,0,1,0,0,3,0,0,0,1,Low,2.909090909090909,13.23,0.3181818181818182,0.75,0.406
19,70,2,0,0,7.0,66,1,1,1,2,0,1,1,4,0,1,1,0,Low,3.3,13.3,0.35,1.25,0.4515
22,91,2,1,0,6.0,85,0,1,2,1,1,1,2,2,0,0,1,1,High,3.6956521739130435,20.02,0.2608695652173913,1.25,0.41500000000000004
24,81,1,1,1,8.0,78,1,1,1,0,1,0,2,2,0,0,0,0,Medium,3.12,19.44,0.32,0.75,0.49950000000000006
24,97,2,1,0,5.0,74,2,1,0,1,0,0,1,5,0,0,0,1,High,2.96,23.28,0.2,1.25,0.596
14,77,1,1,1,5.0,60,0,1,1,2,2,1,0,3,0,2,2,0,Low,4.0,10.78,0.3333333333333333,1.25,0.27749999999999997
18,95,1,2,1,6.0,94,1,1,6,0,2,0,1,3,0,0,2,1,High,4.947368421052632,17.1,0.3157894736842105,1.0,0.751
27,78,1,2,0,8.0,89,0,1,0,0,1,0,1,3,0,2,0,1,Medium,3.1785714285714284,21.06,0.2857142857142857,1.0,0.35600000000000004
25,99,0,1,0,8.0,57,1,1,1,1,0,1,2,3,0,2,1,0,High,2.1923076923076925,24.75,0.3076923076923077,0.75,0.4155
12,98,1,2,0,4.0,68,1,1,3,0,2,0,1,2,0,0,0,1,Medium,5.230769230769231,11.76,0.3076923076923077,1.0,0.5345
22,73,1,0,0,8.0,77,1,1,1,2,1,0,1,3,0,0,2,0,Low,3.347826086956522,16.06,0.34782608695652173,1.0,0.49550000000000005
8,95,1,1,0,7.0,73,0,1,2,1,1,1,1,2,0,1,0,0,Low,8.11111111111111,7.6,0.7777777777777778,1.0,0.367
20,94,1,1,1,6.0,70,2,1,1,1,1,0,1,2,0,0,1,1,Medium,3.3333333333333335,18.8,0.2857142857142857,1.0,0.6174999999999999
31,68,2,1,0,7.0,86,0,1,1,0,1,1,2,3,0,0,1,1,Medium,2.6875,21.08,0.21875,1.0,0.3815
14,85,1,1,1,5.0,53,1,1,4,1,1,0,1,3,0,0,0,0,Low,3.533333333333333,11.9,0.3333333333333333,1.0,0.512
15,63,2,0,1,7.0,74,1,1,4,0,1,0,0,2,0,0,1,0,Low,4.625,9.45,0.4375,0.75,0.596
25,93,2,2,1,5.0,63,1,1,2,2,1,0,2,2,0,2,0,1,High,2.423076923076923,23.25,0.19230769230769232,1.75,0.47700000000000004
11,67,1,1,1,6.0,54,0,1,0,0,1,0,2,3,0,0,0,1,Low,4.5,7.37,0.5,0.75,0.21600000000000003
16,63,1,2,1,6.0,73,1,1,0,1,1,0,1,4,0,1,0,0,Low,4.294117647058823,10.08,0.35294117647058826,1.25,0.44199999999999995
24,76,1,0,1,8.0,59,1,1,2,1,1,0,2,4,0,1,2,0,Low,2.36,18.24,0.32,0.75,0.461
16,83,2,1,1,7.0,63,1,1,0,1,1,0,1,3,0,2,0,1,Medium,3.7058823529411766,13.28,0.4117647058823529,1.25,0.402
19,94,0,1,1,8.0,75,1,1,1,1,1,0,0,3,0,1,1,1,Medium,3.75,17.86,0.4,0.75,0.48750000000000004
24,99,1,1,1,5.0,99,1,1,0,0,1,0,2,3,0,0,1,1,High,3.96,23.76,0.2,0.75,0.546
23,78,1,1,0,7.0,84,2,1,0,0,1,1,1,3,0,1,0,0,Low,3.5,17.94,0.2916666666666667,0.75,0.636
22,62,1,1,1,8.0,64,1,1,0,0,1,0,1,3,0,2,0,1,Low,2.782608695652174,13.64,0.34782608695652173,0.75,0.406
18,90,1,2,1,9.0,69,1,1,1,2,2,1,2,3,0,1,1,1,High,3.6315789473684212,16.2,0.47368421052631576,1.5,0.4634999999999999
22,83,0,1,1,5.0,70,2,1,2,0,1,0,2,3,0,1,2,0,Medium,3.0434782608695654,18.26,0.21739130434782608,0.5,0.6549999999999999
19,78,1,1,1,6.0,58,1,1,1,0,1,0,1,3,0,2,0,0,Low,2.9,14.82,0.3,0.75,0.4195
23,72,2,1,0,8.0,58,1,0,2,0,2,1,2,2,0,1,0,1,Low,2.4166666666666665,16.56,0.3333333333333333,0.75,0.457
17,80,2,2,0,9.0,57,1,1,4,0,1,0,2,2,0,1,0,0,Medium,3.1666666666666665,13.6,0.5,1.25,0.528
19,74,1,1,0,7.0,76,2,1,1,2,1,0,1,3,0,1,0,1,Low,3.8,14.06,0.35,1.25,0.6415000000000001
14,90,2,1,1,5.0,84,1,1,0,0,1,0,0,3,0,2,0,1,Medium,5.6,12.6,0.3333333333333333,1.0,0.486
20,82,2,1,1,5.0,80,1,1,3,0,1,0,1,1,1,1,0,1,Medium,3.8095238095238093,16.4,0.23809523809523808,1.0,0.5825
15,95,0,1,1,7.0,99,0,1,0,2,2,0,1,2,0,0,0,1,Medium,6.1875,14.25,0.4375,1.0,0.396
13,82,1,2,0,8.0,56,0,1,2,0,2,1,1,3,0,2,0,0,Low,4.0,10.66,0.5714285714285714,1.0,0.29900000000000004
22,70,2,0,0,7.0,99,1,1,1,0,2,1,2,2,0,0,1,0,Low,4.304347826086956,15.4,0.30434782608695654,0.75,0.5835
21,94,1,2,0,5.0,73,0,1,0,1,2,0,1,3,0,2,2,1,High,3.3181818181818183,19.74,0.22727272727272727,1.25,0.292
25,82,2,1,1,9.0,61,0,1,1,2,1,0,0,2,0,0,0,0,Medium,2.3461538461538463,20.5,0.34615384615384615,1.5,0.2815
17,68,1,1,1,6.0,97,2,1,2,2,0,0,0,3,0,0,1,0,Low,5.388888888888889,11.56,0.3333333333333333,1.25,0.7629999999999999
22,85,0,2,1,8.0,73,2,1,1,1,1,1,2,3,0,1,0,0,High,3.1739130434782608,18.7,0.34782608695652173,1.0,0.6295
23,74,1,1,0,4.0,67,1,1,3,2,1,1,0,5,0,0,2,0,Low,2.7916666666666665,17.02,0.16666666666666666,1.25,0.5305
23,94,1,2,1,9.0,61,1,0,0,1,1,0,0,1,1,2,1,1,Medium,2.5416666666666665,21.62,0.375,1.0,0.394
15,78,1,1,1,6.0,63,2,1,1,1,1,1,1,2,1,1,1,0,Low,3.9375,11.7,0.375,1.0,0.5895
21,89,1,1,0,9.0,99,1,1,0,1,1,1,0,3,0,0,0,0,Medium,4.5,18.69,0.4090909090909091,1.0,0.546
22,64,1,1,0,8.0,65,0,1,2,1,1,1,1,4,0,2,0,1,Low,2.8260869565217392,14.08,0.34782608695652173,1.0,0.335
20,76,1,2,1,5.0,99,0,0,3,1,2,0,0,3,0,2,0,1,Medium,4.714285714285714,15.2,0.23809523809523808,1.0,0.5085
7,99,0,2,1,7.0,67,0,0,1,2,2,1,1,4,0,0,0,1,Low,8.375,6.93,0.875,1.0,0.3055
21,92,2,0,0,9.0,62,1,1,1,1,0,0,2,2,0,0,0,1,Medium,2.8181818181818183,19.32,0.4090909090909091,1.0,0.4355
33,66,1,1,1,6.0,59,1,1,3,2,1,0,2,2,0,2,0,1,High,1.7352941176470589,21.78,0.17647058823529413,1.25,0.4985
18,71,2,1,0,9.0,71,1,1,1,1,2,0,2,3,0,0,1,1,Low,3.736842105263158,12.78,0.47368421052631576,1.25,0.4714999999999999
16,73,2,1,1,8.0,62,1,1,0,2,2,1,1,2,0,0,0,1,Low,3.6470588235294117,11.68,0.47058823529411764,1.5,0.398
22,86,1,0,0,9.0,85,1,1,1,1,1,0,0,3,0,2,0,1,Medium,3.6956521739130435,18.92,0.391304347826087,0.75,0.5275
22,90,0,1,0,7.0,62,0,1,0,1,1,0,2,3,0,1,0,0,Medium,2.6956521739130435,19.8,0.30434782608695654,0.75,0.248
27,90,2,2,0,7.0,92,1,1,0,0,1,1,1,3,0,0,0,1,High,3.2857142857142856,24.3,0.25,1.25,0.518
12,80,2,2,1,10.0,92,2,1,1,2,2,0,2,3,0,2,1,0,High,7.076923076923077,9.6,0.7692307692307693,1.75,0.7055
24,92,0,2,1,8.0,64,2,1,1,2,2,1,1,3,0,1,0,0,High,2.56,22.08,0.32,1.25,0.5935
24,77,2,2,1,7.0,88,0,1,1,2,1,0,0,5,0,1,0,0,High,3.52,18.48,0.28,1.75,0.3895
19,65,0,1,0,8.0,93,0,1,1,1,2,1,1,4,0,1,0,0,Low,4.65,12.35,0.4,0.75,0.40950000000000003
22,83,0,2,1,6.0,80,1,1,2,1,1,0,2,5,0,0,1,1,Medium,3.4782608695652173,18.26,0.2608695652173913,1.0,0.545
26,98,1,1,1,7.0,68,1,1,4,0,1,0,2,1,0,0,0,1,High,2.5185185185185186,25.48,0.25925925925925924,0.75,0.5720000000000001
25,92,0,2,1,9.0,72,1,1,1,0,1,0,0,5,0,2,2,1,High,2.769230769230769,23.0,0.34615384615384615,0.75,0.4754999999999999
13,83,2,1,0,7.0,89,1,1,1,0,1,0,1,4,0,2,0,1,Medium,6.357142857142857,10.79,0.5,1.0,0.5435
25,86,2,1,0,6.0,65,1,1,2,1,2,0,2,5,0,0,1,0,High,2.5,21.5,0.23076923076923078,1.25,0.48500000000000004
20,97,1,2,0,6.0,67,0,1,1,0,2,1,2,3,0,2,0,1,High,3.1904761904761907,19.4,0.2857142857142857,1.0,0.3055
20,77,0,2,1,7.0,58,2,1,0,2,1,0,1,3,0,0,0,0,Low,2.761904761904762,15.4,0.3333333333333333,1.25,0.532
20,73,1,2,0,6.0,70,0,1,3,2,2,0,1,4,0,0,0,1,Medium,3.3333333333333335,14.6,0.2857142857142857,1.5,0.39249999999999996
19,99,1,2,1,5.0,54,0,1,0,1,1,0,1,2,0,2,0,0,High,2.7,18.81,0.25,1.25,0.21600000000000003
27,95,1,1,0,5.0,66,0,1,3,1,1,0,1,4,0,0,0,0,High,2.357142857142857,25.65,0.17857142857142858,1.0,0.3765
19,73,0,2,1,9.0,69,2,1,1,0,0,0,2,4,0,2,0,1,Low,3.45,13.87,0.45,0.75,0.6134999999999999
13,79,1,2,1,7.0,63,0,0,3,2,1,1,1,2,0,0,0,1,Low,4.5,10.27,0.5,1.25,0.3645
18,77,1,2,1,7.0,55,2,0,3,2,1,1,1,3,1,0,0,1,Low,2.8947368421052633,13.86,0.3684210526315789,1.25,0.6325000000000001
21,66,2,1,1,6.0,76,0,1,3,0,1,1,1,1,0,0,1,1,Low,3.4545454545454546,13.86,0.2727272727272727,1.0,0.41650000000000004
27,98,2,0,1,6.0,93,0,1,0,0,1,1,1,4,0,0,1,0,High,3.3214285714285716,26.46,0.21428571428571427,0.75,0.37200000000000005
24,76,1,1,1,6.0,67,1,1,2,2,1,0,0,3,0,1,0,1,Medium,2.68,18.24,0.24,1.25,0.49300000000000005
15,95,1,1,1,7.0,62,2,1,0,2,1,0,0,3,0,1,0,1,Medium,3.875,14.25,0.4375,1.25,0.548
35,68,0,2,1,5.0,64,1,1,0,2,0,0,2,4,1,0,0,0,Medium,1.7777777777777777,23.8,0.1388888888888889,1.25,0.406
22,82,1,1,1,9.0,93,0,1,2,0,1,0,1,2,0,0,0,0,Medium,4.043478260869565,18.04,0.391304347826087,0.75,0.44700000000000006
28,61,2,1,0,7.0,76,2,1,1,1,2,0,2,4,0,0,1,0,Medium,2.6206896551724137,17.08,0.2413793103448276,1.25,0.6415000000000001
19,91,1,2,0,7.0,57,0,1,3,2,2,0,0,3,0,0,1,1,Medium,2.85,17.29,0.35,1.5,0.34049999999999997
23,83,0,0,0,8.0,85,1,1,2,0,1,1,1,2,1,0,0,0,Low,3.5416666666666665,19.09,0.3333333333333333,0.25,0.565
25,85,1,1,0,8.0,58,1,1,2,1,2,0,1,4,0,1,0,0,High,2.230769230769231,21.25,0.3076923076923077,1.0,0.457
27,62,2,1,0,6.0,53,0,1,1,1,1,0,2,2,0,0,1,0,Low,1.8928571428571428,16.74,0.21428571428571427,1.25,0.24950000000000003
26,68,1,1,0,8.0,63,1,1,2,0,2,0,2,3,0,0,0,0,Low,2.3333333333333335,17.68,0.2962962962962963,0.75,0.47700000000000004
25,63,0,1,0,8.0,58,1,1,1,2,1,0,2,1,0,1,0,1,Low,2.230769230769231,15.75,0.3076923076923077,1.0,0.4195
18,72,2,2,1,7.0,80,2,1,1,2,2,0,0,2,1,0,1,1,Low,4.2105263157894735,12.96,0.3684210526315789,1.75,0.6575000000000001
17,85,1,1,1,9.0,74,1,1,1,1,1,1,1,2,0,0,0,0,Medium,4.111111111111111,14.45,0.5,1.0,0.48349999999999993
22,83,1,0,1,8.0,86,1,1,3,1,0,0,0,4,0,0,0,0,Medium,3.739130434782609,18.26,0.34782608695652173,0.75,0.6065
26,84,1,1,0,8.0,76,1,1,5,1,2,0,1,2,0,0,1,0,High,2.814814814814815,21.84,0.2962962962962963,1.0,0.6415000000000001
19,82,2,0,0,9.0,71,1,1,1,0,2,1,1,3,0,1,0,1,Medium,3.55,15.58,0.45,0.75,0.4714999999999999
26,71,2,1,1,7.0,76,1,1,3,0,1,0,2,2,0,2,1,0,Medium,2.814814814814815,18.46,0.25925925925925924,1.0,0.5665
29,70,1,0,1,7.0,72,0,1,1,1,1,0,2,4,0,1,0,0,Medium,2.4,20.3,0.23333333333333334,0.75,0.32549999999999996
15,65,0,2,1,8.0,52,1,1,4,0,1,1,1,3,1,0,1,1,Low,3.25,9.75,0.5,0.75,0.508
15,94,1,1,0,7.0,84,1,1,0,1,2,0,2,2,0,0,1,0,Medium,5.25,14.1,0.4375,1.0,0.486
19,85,1,0,1,8.0,98,1,1,2,1,0,1,1,4,0,0,0,1,Medium,4.9,16.15,0.4,0.75,0.617
22,67,0,1,1,6.0,71,0,1,1,1,2,0,1,4,0,1,1,0,Low,3.0869565217391304,14.74,0.2608695652173913,0.75,0.32149999999999995
17,67,1,1,1,4.0,71,1,1,3,1,2,0,0,2,0,0,1,1,Low,3.9444444444444446,11.39,0.2222222222222222,1.0,0.5465
28,95,0,1,0,8.0,52,2,1,3,2,2,0,0,4,0,1,0,0,High,1.793103448275862,26.6,0.27586206896551724,1.0,0.6205
23,90,2,1,0,5.0,95,0,1,2,0,1,0,0,2,0,0,1,0,Medium,3.9583333333333335,20.7,0.20833333333333334,1.0,0.455
20,86,0,2,0,6.0,96,1,1,1,2,0,0,1,2,1,0,2,0,Low,4.571428571428571,17.2,0.2857142857142857,1.25,0.5715
11,76,1,1,1,8.0,91,0,1,1,2,2,1,1,3,1,1,0,1,Low,7.583333333333333,8.36,0.6666666666666666,1.25,0.4015
12,70,0,1,1,8.0,55,1,1,2,1,2,0,0,4,0,0,0,1,Low,4.230769230769231,8.4,0.6153846153846154,0.75,0.445
22,99,1,2,1,9.0,95,1,1,2,0,0,0,0,4,1,0,0,0,High,4.130434782608695,21.78,0.391304347826087,1.0,0.605
7,92,0,1,1,4.0,51,1,1,0,2,1,0,2,1,0,0,0,1,Low,6.375,6.44,0.5,1.0,0.354
26,72,1,0,0,7.0,72,0,1,2,1,0,0,1,4,0,0,0,1,Low,2.6666666666666665,18.72,0.25925925925925924,0.75,0.363
19,94,2,0,1,7.0,75,1,1,2,2,1,0,0,5,0,1,0,1,High,3.75,17.86,0.35,1.25,0.525
39,90,2,2,0,8.0,92,2,1,2,1,2,1,1,1,0,0,0,1,High,2.3,35.1,0.2,1.5,0.743
34,72,1,2,1,9.0,88,0,1,1,2,1,1,2,3,0,2,0,0,High,2.5142857142857142,24.48,0.2571428571428571,1.5,0.3895
19,77,0,1,0,5.0,90,0,1,1,0,2,1,1,3,0,1,0,1,Low,4.5,14.63,0.25,0.5,0.3975
19,67,0,1,1,7.0,93,2,1,0,1,1,0,2,4,0,2,0,0,Low,4.65,12.73,0.35,0.75,0.672
26,64,2,0,1,8.0,74,0,1,3,1,2,0,1,2,0,0,0,0,Low,2.740740740740741,16.64,0.2962962962962963,1.0,0.4085
30,89,1,1,0,6.0,89,1,1,3,2,1,0,1,3,0,2,1,0,High,2.870967741935484,26.7,0.1935483870967742,1.25,0.6185
10,71,1,0,0,10.0,53,0,1,4,2,1,1,2,3,0,0,0,1,Low,4.818181818181818,7.1,0.9090909090909091,1.0,0.362
9,93,2,0,1,6.0,72,0,1,1,1,1,0,2,2,0,1,0,1,Low,7.2,8.37,0.6,1.0,0.32549999999999996
16,100,2,2,0,7.0,52,1,1,4,0,1,0,0,4,0,0,0,1,High,3.0588235294117645,16.0,0.4117647058823529,1.25,0.508
23,63,2,1,1,5.0,96,1,1,2,2,1,0,1,2,0,0,0,1,Medium,4.0,14.49,0.20833333333333334,1.5,0.609
23,79,2,0,1,7.0,98,0,1,0,1,2,0,1,4,0,1,0,1,Medium,4.083333333333333,18.17,0.2916666666666667,1.0,0.392
26,92,1,2,0,4.0,54,1,1,2,2,1,0,2,4,0,0,1,0,High,2.0,23.92,0.14814814814814814,1.5,0.441
13,92,2,2,1,7.0,77,1,1,2,2,1,0,2,4,0,2,0,0,High,5.5,11.96,0.5,1.75,0.533
6,90,1,1,1,9.0,66,1,1,2,1,2,0,2,2,0,0,2,0,Low,9.428571428571429,5.4,1.2857142857142858,1.0,0.48900000000000005
25,74,2,2,0,5.0,67,2,1,1,1,1,0,2,5,0,2,0,0,High,2.576923076923077,18.5,0.19230769230769232,1.5,0.6055
15,78,1,1,0,5.0,73,1,1,0,2,2,1,2,1,1,1,0,0,Low,4.5625,11.7,0.3125,1.25,0.44199999999999995
8,84,1,0,1,9.0,56,0,1,1,0,1,0,2,2,0,0,1,0,Low,6.222222222222222,6.72,1.0,0.5,0.2615
21,99,1,0,1,9.0,59,0,1,1,2,2,0,0,2,0,1,1,1,Medium,2.6818181818181817,20.79,0.4090909090909091,1.0,0.27349999999999997
25,73,0,1,1,5.0,79,1,1,1,0,1,1,1,5,0,0,1,1,Low,3.0384615384615383,18.25,0.19230769230769232,0.5,0.5035000000000001
19,97,1,0,1,10.0,51,2,1,3,0,2,0,1,4,0,1,2,1,Medium,2.55,18.43,0.5,0.5,0.6165
17,71,1,1,0,8.0,80,0,1,2,2,0,0,1,3,0,0,0,1,Low,4.444444444444445,12.07,0.4444444444444444,1.25,0.3950000000000001
19,100,1,0,1,9.0,66,2,1,1,2,1,0,0,4,1,2,1,0,Medium,3.3,19.0,0.45,1.0,0.6015
18,87,1,1,1,6.0,92,0,1,1,0,1,1,1,4,0,0,0,1,Medium,4.842105263157895,15.66,0.3157894736842105,0.75,0.4055
12,79,1,0,0,9.0,80,0,1,1,2,1,0,2,2,0,1,1,0,Low,6.153846153846154,9.48,0.6923076923076923,1.0,0.35750000000000004
16,85,0,1,0,7.0,85,2,1,1,1,2,0,1,2,0,0,0,0,Low,5.0,13.6,0.4117647058823529,0.75,0.6775
23,71,1,1,0,7.0,56,0,1,1,1,1,1,2,4,0,0,0,1,Low,2.3333333333333335,16.33,0.2916666666666667,1.0,0.2615
22,71,2,1,1,8.0,63,1,1,2,1,2,0,0,2,0,0,1,0,Low,2.739130434782609,15.62,0.34782608695652173,1.25,0.47700000000000004
21,65,1,1,0,6.0,100,1,1,3,1,1,0,1,4,0,2,0,0,Medium,4.545454545454546,13.65,0.2727272727272727,1.0,0.6625000000000001
14,65,1,2,1,5.0,72,0,1,3,0,2,1,0,2,0,0,0,0,Low,4.8,9.1,0.3333333333333333,1.0,0.40049999999999997
19,74,1,2,1,7.0,68,1,1,2,0,2,0,0,2,0,0,0,1,Low,3.4,14.06,0.35,1.0,0.49700000000000005
7,91,2,1,0,7.0,94,2,0,3,2,1,0,1,3,0,2,1,1,Medium,11.75,6.37,0.875,1.25,0.7885
21,84,1,1,1,6.0,52,1,1,2,2,2,0,0,5,0,0,1,0,Medium,2.3636363636363638,17.64,0.2727272727272727,1.25,0.433
29,64,0,1,0,9.0,77,1,1,0,0,2,0,0,2,0,0,1,1,Low,2.566666666666667,18.56,0.3,0.5,0.4580000000000001
11,94,2,0,1,10.0,61,1,1,1,1,0,0,1,3,0,1,1,0,Low,5.083333333333333,10.34,0.8333333333333334,1.0,0.4315
16,84,2,0,0,6.0,68,0,0,3,1,1,1,1,3,0,0,0,0,Low,4.0,13.44,0.35294117647058826,0.75,0.3845
22,98,2,1,1,7.0,60,1,1,1,2,1,0,2,1,0,0,0,0,High,2.608695652173913,21.56,0.30434782608695654,1.5,0.4275
28,87,1,1,0,6.0,52,1,1,4,0,0,1,1,3,0,2,0,1,High,1.793103448275862,24.36,0.20689655172413793,0.75,0.508
17,67,2,0,0,10.0,71,1,1,1,1,1,0,2,3,0,0,0,0,Low,3.9444444444444446,11.39,0.5555555555555556,1.0,0.4714999999999999
16,79,1,1,0,8.0,89,1,1,0,0,2,1,1,4,0,0,0,0,Low,5.235294117647059,12.64,0.47058823529411764,0.75,0.506
8,86,2,0,1,8.0,98,0,1,1,0,1,1,1,1,0,1,0,0,Low,10.88888888888889,6.88,0.8888888888888888,0.75,0.4295
21,61,2,2,0,9.0,81,1,1,1,1,1,1,1,3,0,2,0,0,Low,3.6818181818181817,12.81,0.4090909090909091,1.5,0.5115000000000001
32,61,2,1,1,7.0,69,2,1,0,2,1,0,2,3,0,0,1,1,Medium,2.090909090909091,19.52,0.21212121212121213,1.5,0.576
22,65,1,0,1,7.0,88,0,0,2,1,1,0,2,4,0,1,0,0,Low,3.8260869565217392,14.3,0.30434782608695654,0.5,0.42700000000000005
20,70,2,1,0,9.0,75,0,1,3,1,1,0,1,4,0,1,1,0,Low,3.5714285714285716,14.0,0.42857142857142855,1.25,0.41250000000000003
22,77,0,1,1,8.0,68,1,1,3,2,2,0,2,4,0,0,1,0,Medium,2.9565217391304346,16.94,0.34782608695652173,1.0,0.5345
20,79,0,1,1,6.0,59,1,1,0,0,1,0,2,2,0,0,1,0,Low,2.8095238095238093,15.8,0.2857142857142857,0.5,0.386
15,66,1,1,0,6.0,90,0,1,2,1,1,0,0,3,0,1,2,1,Low,5.625,9.9,0.375,1.0,0.43500000000000005
25,87,1,1,1,6.0,75,1,0,0,0,1,1,1,2,1,0,0,0,Medium,2.8846153846153846,21.75,0.23076923076923078,0.5,0.45000000000000007
21,84,0,2,0,9.0,98,1,1,1,0,1,0,0,3,0,0,1,0,Medium,4.454545454545454,17.64,0.4090909090909091,0.75,0.5795
20,72,1,1,0,9.0,90,0,1,1,1,1,1,1,2,0,2,1,0,Low,4.285714285714286,14.4,0.42857142857142855,1.0,0.3975
14,61,0,1,1,10.0,71,1,0,2,0,1,0,1,4,0,0,0,0,Low,4.733333333333333,8.54,0.6666666666666666,0.25,0.5089999999999999
28,63,1,2,1,6.0,87,0,1,0,0,1,0,2,2,0,0,1,1,Low,3.0,17.64,0.20689655172413793,1.0,0.34800000000000003
24,76,2,0,0,7.0,73,1,1,4,1,1,0,1,2,0,0,0,1,Medium,2.92,18.24,0.28,1.0,0.592
17,66,2,1,0,6.0,54,1,1,2,2,0,0,2,3,1,0,0,1,Low,3.0,11.22,0.3333333333333333,1.5,0.441
26,75,1,0,1,7.0,76,1,1,2,1,1,0,1,3,0,1,0,0,Medium,2.814814814814815,19.5,0.25925925925925924,0.75,0.529
17,85,2,0,1,8.0,93,0,1,2,1,2,0,2,3,0,1,2,1,Medium,5.166666666666667,14.45,0.4444444444444444,1.0,0.44700000000000006
15,82,1,1,1,7.0,93,1,1,3,0,2,0,0,2,0,0,1,1,Low,5.8125,12.3,0.4375,0.75,0.6345000000000001
15,69,2,0,0,9.0,79,0,1,1,1,1,1,2,2,0,0,1,1,Low,4.9375,10.35,0.5625,1.0,0.35350000000000004
9,74,1,0,0,6.0,69,0,1,3,0,1,1,2,2,0,0,1,1,Low,6.9,6.66,0.6,0.5,0.38849999999999996
23,85,2,1,1,8.0,51,0,1,0,2,0,0,0,4,0,1,0,1,Medium,2.125,19.55,0.3333333333333333,1.5,0.20400000000000001
9,94,2,0,0,6.0,66,0,1,0,0,2,0,2,3,0,1,0,0,Low,6.6,8.46,0.6,0.75,0.264
13,90,1,2,0,4.0,99,2,1,1,2,1,0,1,4,1,1,1,0,Medium,7.071428571428571,11.7,0.2857142857142857,1.5,0.7334999999999999
8,82,1,1,1,5.0,86,1,0,0,0,1,0,0,3,0,2,0,1,Low,9.555555555555555,6.56,0.5555555555555556,0.5,0.494
19,74,1,1,0,7.0,86,2,1,1,2,1,1,2,3,0,2,0,0,Medium,4.3,14.06,0.35,1.25,0.6815
19,75,1,2,0,10.0,88,0,1,0,0,2,0,2,2,0,0,0,1,Low,4.4,14.25,0.5,1.0,0.35200000000000004
18,95,1,1,0,6.0,81,1,1,0,0,1,0,2,3,1,0,0,1,Medium,4.2631578947368425,17.1,0.3157894736842105,0.75,0.4740000000000001
14,62,1,2,1,7.0,79,0,1,2,1,1,1,2,2,0,0,1,1,Low,5.266666666666667,8.68,0.4666666666666667,1.25,0.39100000000000007
13,100,1,0,1,8.0,73,0,1,1,0,1,0,1,3,0,2,0,0,Medium,5.214285714285714,13.0,0.5714285714285714,0.5,0.32949999999999996
23,87,1,2,0,6.0,72,1,1,1,0,2,1,0,3,0,1,1,0,Medium,3.0,20.01,0.25,1.0,0.4754999999999999
17,87,2,2,1,6.0,94,1,1,2,0,1,1,1,3,0,0,1,0,High,5.222222222222222,14.79,0.3333333333333333,1.25,0.601
22,62,2,1,1,7.0,70,0,1,4,0,1,0,0,2,0,1,0,1,Low,3.0434782608695654,13.64,0.30434782608695654,1.0,0.42999999999999994
15,84,0,1,1,6.0,92,1,1,3,1,1,0,2,3,0,1,0,1,Medium,5.75,12.6,0.375,0.75,0.6305000000000001
21,79,1,2,0,4.0,92,0,1,0,0,1,0,0,2,0,2,0,1,Medium,4.181818181818182,16.59,0.18181818181818182,1.0,0.36800000000000005
28,64,0,1,1,6.0,89,1,1,0,0,0,0,1,4,0,1,2,0,Low,3.0689655172413794,17.92,0.20689655172413793,0.5,0.506
24,71,0,1,0,8.0,52,1,0,2,1,1,0,0,3,0,1,0,1,Low,2.08,17.04,0.32,0.5,0.433
18,96,1,0,1,8.0,57,1,1,1,1,1,0,0,2,0,0,0,1,Medium,3.0,17.28,0.42105263157894735,0.75,0.4155
22,82,2,0,0,9.0,66,1,1,1,0,2,1,0,3,0,0,1,0,Low,2.869565217391304,18.04,0.391304347826087,0.75,0.4515
19,77,2,0,1,9.0,92,1,1,2,0,1,0,2,4,0,0,0,1,Medium,4.6,14.63,0.45,0.75,0.593
20,63,1,1,1,6.0,94,1,0,2,1,1,0,1,3,0,0,2,1,Low,4.476190476190476,12.6,0.2857142857142857,0.75,0.601
18,89,1,1,1,6.0,52,1,1,3,2,2,0,2,3,0,0,1,1,Medium,2.736842105263158,16.02,0.3157894736842105,1.25,0.4705
19,88,2,2,0,6.0,66,1,1,3,1,1,0,2,2,0,0,0,1,High,3.3,16.72,0.3,1.5,0.5265
21,85,2,1,1,7.0,93,1,1,0,2,1,0,1,4,0,0,1,0,High,4.2272727272727275,17.85,0.3181818181818182,1.5,0.522
14,80,2,1,0,6.0,62,1,1,0,2,1,1,0,2,0,2,0,0,Low,4.133333333333334,11.2,0.4,1.5,0.398
14,77,0,0,0,7.0,99,0,1,2,1,1,0,2,2,0,2,1,1,Low,6.6,10.78,0.4666666666666667,0.5,0.47100000000000003
12,84,1,2,1,6.0,74,2,1,1,1,2,0,0,3,0,1,1,1,Medium,5.6923076923076925,10.08,0.46153846153846156,1.25,0.6335
10,69,0,1,0,8.0,97,1,1,1,1,1,1,0,3,0,0,0,1,Low,8.818181818181818,6.9,0.7272727272727273,0.75,0.5755
13,98,1,2,1,6.0,71,1,1,1,0,2,1,2,1,0,1,0,1,High,5.071428571428571,12.74,0.42857142857142855,1.0,0.4714999999999999
21,84,2,0,0,6.0,66,2,1,2,2,1,1,2,4,1,1,2,0,Medium,3.0,17.64,0.2727272727272727,1.25,0.639
15,72,1,1,1,8.0,68,2,1,0,1,1,0,2,2,0,0,0,1,Low,4.25,10.8,0.5,1.0,0.5720000000000001
23,78,2,1,0,8.0,94,1,1,1,2,1,1,1,2,1,0,1,0,Medium,3.9166666666666665,17.94,0.3333333333333333,1.5,0.5635
20,92,1,0,0,7.0,67,0,1,1,1,1,0,2,5,0,0,0,0,Medium,3.1904761904761907,18.4,0.3333333333333333,0.75,0.3055
8,66,2,2,1,8.0,83,1,1,0,0,1,1,2,4,0,1,0,0,Low,9.222222222222221,5.28,0.8888888888888888,1.25,0.482
24,72,0,1,1,8.0,73,0,1,1,0,1,0,2,2,0,1,1,1,Low,2.92,17.28,0.32,0.5,0.32949999999999996
25,87,0,1,1,10.0,97,1,1,4,0,0,1,1,3,1,0,0,1,Medium,3.730769230769231,21.75,0.38461538461538464,0.5,0.6880000000000001
14,73,1,2,0,7.0,58,1,1,2,0,2,0,0,2,0,1,1,0,Low,3.8666666666666667,10.22,0.4666666666666667,1.0,0.457
23,92,0,1,1,7.0,71,1,1,1,0,1,0,1,3,0,1,0,0,Medium,2.9583333333333335,21.16,0.2916666666666667,0.5,0.4714999999999999
15,65,2,0,1,7.0,56,1,0,3,2,1,1,2,3,1,0,0,1,Low,3.5,9.75,0.4375,1.0,0.4865
21,91,0,2,1,7.0,79,1,1,2,0,1,1,1,3,0,1,2,1,Medium,3.590909090909091,19.11,0.3181818181818182,0.75,0.541
12,63,2,1,0,7.0,70,0,1,1,2,0,0,2,3,0,1,0,1,Low,5.384615384615385,7.56,0.5384615384615384,1.5,0.31749999999999995
9,61,0,2,1,7.0,53,1,1,0,1,1,0,2,2,1,2,2,0,Low,5.3,5.49,0.7,1.0,0.362
18,96,1,2,1,7.0,92,1,1,2,1,1,0,2,3,0,0,2,0,High,4.842105263157895,17.28,0.3684210526315789,1.25,0.593
19,83,2,0,0,7.0,69,1,1,5,1,1,1,2,2,0,2,2,0,Medium,3.45,15.77,0.35,1.0,0.6134999999999999
18,74,2,1,0,7.0,75,2,1,1,2,2,0,2,3,0,2,1,0,Medium,3.9473684210526314,13.32,0.3684210526315789,1.5,0.6375000000000001
13,69,1,0,0,7.0,70,1,1,0,1,2,1,0,2,0,1,0,0,Low,5.0,8.97,0.5,0.75,0.42999999999999994
18,85,2,1,1,7.0,74,1,1,3,0,1,1,0,2,0,1,2,0,Medium,3.8947368421052633,15.3,0.3684210526315789,1.0,0.5585
22,80,1,2,1,7.0,51,1,1,2,1,1,0,0,3,0,2,0,0,Medium,2.217391304347826,17.6,0.30434782608695654,1.25,0.429
20,100,1,1,1,7.0,91,1,1,3,0,1,0,2,3,0,0,0,0,High,4.333333333333333,20.0,0.3333333333333333,0.75,0.6265000000000001
21,99,2,0,1,7.0,67,1,1,1,1,1,1,0,4,0,1,0,1,High,3.0454545454545454,20.79,0.3181818181818182,1.0,0.4555
16,85,1,1,1,7.0,86,0,0,3,1,1,0,2,2,0,0,0,0,Medium,5.0588235294117645,13.6,0.4117647058823529,0.75,0.4565
27,78,1,1,0,7.0,53,1,1,3,1,1,1,1,4,1,2,1,0,Medium,1.8928571428571428,21.06,0.25,1.0,0.4745
13,80,1,1,0,7.0,76,1,1,0,2,1,0,1,2,0,0,0,1,Low,5.428571428571429,10.4,0.5,1.25,0.45400000000000007
23,87,1,2,0,7.0,95,2,1,3,2,1,1,2,0,0,0,0,1,High,3.9583333333333335,20.01,0.2916666666666667,1.5,0.7925
27,64,0,1,1,7.0,70,1,1,0,0,2,0,2,4,0,0,0,1,Low,2.5,17.28,0.25,0.5,0.42999999999999994
23,73,0,2,0,7.0,60,2,1,1,1,1,1,2,2,0,2,0,1,Medium,2.5,16.79,0.2916666666666667,1.0,0.5775
19,63,2,1,1,7.0,55,0,1,0,1,1,1,2,4,0,1,1,1,Low,2.75,11.97,0.35,1.25,0.22000000000000003
17,63,1,1,1,7.0,93,1,1,0,0,1,0,2,2,1,2,0,1,Low,5.166666666666667,10.71,0.3888888888888889,0.75,0.522
26,68,1,1,1,7.0,62,2,1,4,1,1,0,1,2,0,2,0,1,Medium,2.2962962962962963,17.68,0.25925925925925924,1.0,0.6980000000000001
11,79,2,2,1,7.0,99,1,1,1,2,0,0,2,3,0,0,0,1,Medium,8.25,8.69,0.5833333333333334,1.75,0.5835
14,91,1,1,1,7.0,62,1,1,2,0,2,0,1,2,0,1,0,0,Medium,4.133333333333334,12.74,0.4666666666666667,0.75,0.47300000000000003
18,79,2,2,1,7.0,74,1,1,3,0,1,0,2,4,0,0,0,0,Medium,3.8947368421052633,14.22,0.3684210526315789,1.25,0.5585
27,73,2,2,1,7.0,73,2,1,5,2,2,0,0,3,0,0,0,1,High,2.607142857142857,19.71,0.25,1.75,0.7795
22,63,2,2,1,7.0,53,2,1,3,0,2,0,0,2,0,0,0,0,Low,2.3043478260869565,13.86,0.30434782608695654,1.25,0.6245
14,82,1,1,1,7.0,77,1,1,3,1,1,0,2,3,0,1,0,1,Medium,5.133333333333334,11.48,0.4666666666666667,1.0,0.5705
18,71,1,1,0,7.0,84,1,1,2,1,0,0,1,2,0,2,0,0,Low,4.421052631578948,12.78,0.3684210526315789,1.0,0.5609999999999999
16,85,1,1,0,7.0,87,2,1,4,0,1,1,0,3,0,0,2,0,Medium,5.117647058823529,13.6,0.4117647058823529,0.75,0.798
16,99,1,1,0,7.0,76,0,1,2,1,1,1,2,4,0,1,0,1,High,4.470588235294118,15.84,0.4117647058823529,1.0,0.37900000000000006
26,64,1,2,0,7.0,91,1,1,1,0,1,1,1,4,0,0,1,0,Low,3.3703703703703702,16.64,0.25925925925925924,1.0,0.5515
12,68,1,2,0,7.0,88,2,1,3,0,1,0,0,3,0,2,1,1,Low,6.769230769230769,8.16,0.5384615384615384,1.0,0.7645
30,79,1,2,0,7.0,60,1,1,1,0,1,0,1,3,0,0,0,1,Medium,1.935483870967742,23.7,0.22580645161290322,1.0,0.4275
25,99,0,1,0,7.0,70,1,1,1,1,1,0,2,5,0,1,2,1,High,2.6923076923076925,24.75,0.2692307692307692,0.75,0.4674999999999999
27,91,1,0,0,7.0,57,1,1,0,0,0,1,1,4,0,2,1,0,Medium,2.0357142857142856,24.57,0.25,0.5,0.378
17,96,2,1,0,7.0,57,0,1,2,1,1,1,0,3,0,1,1,1,Medium,3.1666666666666665,16.32,0.3888888888888889,1.25,0.303
19,73,0,1,1,7.0,86,2,1,0,1,2,0,2,3,0,1,0,1,Low,4.3,13.87,0.35,0.75,0.644
11,100,0,2,0,7.0,77,1,1,2,1,2,0,2,3,0,2,0,1,High,6.416666666666667,11.0,0.5833333333333334,1.0,0.533
17,64,1,2,0,7.0,80,1,1,0,2,2,0,2,2,0,2,0,1,Low,4.444444444444445,10.88,0.3888888888888889,1.5,0.4700000000000001
23,62,1,0,1,7.0,87,1,1,1,1,1,0,0,4,0,0,0,1,Low,3.625,14.26,0.2916666666666667,0.75,0.5355
28,94,0,1,1,7.0,64,1,1,0,1,1,0,1,3,0,0,1,1,High,2.206896551724138,26.32,0.2413793103448276,0.75,0.406
13,97,0,1,1,7.0,70,1,1,0,2,1,1,1,2,0,2,1,1,Medium,5.0,12.61,0.5,1.0,0.42999999999999994
18,64,1,1,0,7.0,80,1,1,1,1,1,0,2,5,1,0,0,0,Low,4.2105263157894735,11.52,0.3684210526315789,1.0,0.5075000000000001
19,65,2,1,0,7.0,55,1,1,1,0,2,0,2,3,0,2,1,0,Low,2.75,12.35,0.35,1.0,0.4075
12,61,0,1,1,7.0,92,1,1,2,2,1,0,1,4,1,0,1,0,Low,7.076923076923077,7.32,0.5384615384615384,1.0,0.593
24,64,1,1,1,7.0,67,0,1,0,0,1,0,1,1,0,0,0,0,Low,2.68,15.36,0.28,0.75,0.268
16,68,1,2,0,7.0,83,2,1,2,0,2,0,2,2,0,0,0,1,Low,4.882352941176471,10.88,0.4117647058823529,1.0,0.707
19,99,0,0,0,7.0,100,1,1,0,2,0,1,0,3,0,2,0,0,Medium,5.0,18.81,0.35,0.75,0.55
17,87,1,2,1,7.0,74,0,1,1,0,2,1,1,3,0,1,1,1,Medium,4.111111111111111,14.79,0.3888888888888889,1.0,0.33349999999999996
15,91,1,1,0,7.0,61,1,0,1,1,2,0,2,2,0,0,1,0,Low,3.8125,13.65,0.4375,0.75,0.4315
20,91,2,2,1,7.0,61,0,1,4,0,1,0,2,2,0,2,0,0,High,2.9047619047619047,18.2,0.3333333333333333,1.25,0.394
19,81,1,2,1,7.0,53,1,1,2,2,1,0,2,3,0,0,0,0,Medium,2.65,15.39,0.35,1.5,0.437
18,92,1,1,0,7.0,88,1,1,3,2,1,0,1,2,0,0,1,0,Medium,4.631578947368421,16.56,0.3684210526315789,1.25,0.6145
16,84,1,1,0,7.0,65,0,1,1,2,2,0,0,3,0,0,1,0,Low,3.823529411764706,13.44,0.4117647058823529,1.25,0.2975
22,73,2,1,1,7.0,59,0,1,0,0,1,0,2,1,0,0,0,0,Low,2.5652173913043477,16.06,0.30434782608695654,1.0,0.236
30,82,0,1,1,7.0,86,0,1,2,0,2,0,1,4,0,0,0,1,High,2.774193548387097,24.6,0.22580645161290322,0.5,0.41900000000000004
21,81,1,1,1,7.0,65,2,1,1,1,1,0,2,2,0,1,1,0,Medium,2.9545454545454546,17.01,0.3181818181818182,1.0,0.5975
26,93,2,1,0,7.0,80,1,1,4,0,1,1,2,3,1,1,0,0,High,2.962962962962963,24.18,0.25925925925925924,1.0,0.6200000000000001
12,99,2,2,0,7.0,71,1,1,2,1,0,0,1,2,0,1,0,1,High,5.461538461538462,11.88,0.5384615384615384,1.5,0.5089999999999999
21,76,1,1,1,7.0,67,1,1,1,2,0,1,2,3,0,0,1,0,Low,3.0454545454545454,15.96,0.3181818181818182,1.25,0.4555
13,91,1,1,1,7.0,74,1,1,1,0,1,1,2,1,0,2,0,0,Medium,5.285714285714286,11.83,0.5,0.75,0.48349999999999993
11,64,1,1,1,7.0,66,1,1,2,0,1,0,2,2,0,1,1,0,Low,5.5,7.04,0.5833333333333334,0.75,0.48900000000000005
16,91,1,2,0,7.0,94,0,1,0,2,1,0,2,3,0,2,0,0,High,5.529411764705882,14.56,0.4117647058823529,1.5,0.376
27,75,1,0,1,7.0,54,0,1,2,1,1,0,0,3,0,2,0,1,Low,1.9285714285714286,20.25,0.25,0.75,0.29100000000000004
26,62,2,1,1,7.0,52,1,1,4,0,1,0,1,5,0,1,0,0,Medium,1.9259259259259258,16.12,0.25925925925925924,1.0,0.508
21,75,2,2,0,7.0,70,2,1,1,1,2,1,1,3,0,2,0,1,Medium,3.1818181818181817,15.75,0.3181818181818182,1.5,0.6174999999999999
11,84,1,0,1,7.0,59,0,1,2,1,1,0,2,3,0,0,0,1,Low,4.916666666666667,9.24,0.5833333333333334,0.75,0.311
19,65,2,1,1,7.0,87,0,1,0,2,2,0,2,2,0,1,1,0,Low,4.35,12.35,0.35,1.5,0.34800000000000003
22,97,2,1,1,7.0,68,0,1,7,1,2,1,0,5,0,1,0,1,High,2.9565217391304346,21.34,0.30434782608695654,1.25,0.5345
21,63,2,1,0,7.0,63,1,1,2,1,1,0,1,2,0,0,2,0,Low,2.8636363636363638,13.23,0.3181818181818182,1.25,0.47700000000000004
9,97,2,1,0,7.0,68,0,1,5,1,1,1,1,3,0,1,0,0,Medium,6.8,8.73,0.7,1.25,0.4595
15,88,1,2,1,7.0,61,0,1,2,1,2,0,2,4,1,0,0,0,Medium,3.8125,13.2,0.4375,1.25,0.319
20,73,1,0,1,7.0,65,1,1,2,2,2,1,2,2,0,1,0,0,Low,3.0952380952380953,14.6,0.3333333333333333,1.0,0.48500000000000004
23,76,0,1,1,7.0,78,0,1,2,2,1,0,2,2,0,0,1,1,Low,3.25,17.48,0.2916666666666667,1.0,0.38700000000000007
7,90,0,1,1,7.0,93,0,1,4,1,1,0,1,3,0,1,0,0,Low,11.625,6.3,0.875,0.75,0.522
19,84,1,1,1,7.0,69,1,1,2,1,0,0,1,4,0,1,0,1,Medium,3.45,15.96,0.35,1.0,0.5009999999999999
21,87,0,1,1,7.0,66,1,1,1,0,0,0,0,2,0,0,1,1,Low,3.0,18.27,0.3181818181818182,0.5,0.4515
25,76,1,2,0,7.0,89,2,1,3,0,1,0,1,3,0,1,0,0,High,3.423076923076923,19.0,0.2692307692307692,1.0,0.7685
24,80,1,2,0,7.0,51,1,1,3,2,0,0,2,2,0,0,0,1,Medium,2.04,19.2,0.28,1.5,0.46649999999999997
23,100,1,1,0,7.0,65,0,1,1,1,2,0,1,2,1,0,0,1,High,2.7083333333333335,23.0,0.2916666666666667,1.0,0.2975
15,69,0,1,0,7.0,73,1,1,2,1,1,0,1,2,0,0,1,0,Low,4.5625,10.35,0.4375,0.75,0.5169999999999999
9,77,0,0,0,7.0,80,1,1,3,1,1,0,2,3,1,0,0,0,Low,8.0,6.93,0.7,0.5,0.5825
18,72,0,2,0,7.0,58,0,1,6,0,1,0,2,0,0,0,1,0,Low,3.0526315789473686,12.96,0.3684210526315789,0.75,0.45699999999999996
26,91,0,1,0,7.0,72,0,1,4,2,1,0,1,3,0,1,1,0,High,2.6666666666666665,23.66,0.25925925925925924,1.0,0.43799999999999994
28,91,2,1,1,7.0,78,0,1,1,1,0,0,2,3,0,0,1,0,High,2.689655172413793,25.48,0.2413793103448276,1.25,0.34950000000000003
24,72,1,2,1,7.0,76,2,0,1,0,1,0,0,3,0,0,0,0,Low,3.04,17.28,0.28,0.75,0.6415000000000001
23,63,1,1,1,7.0,79,2,1,0,0,1,1,0,4,0,0,2,1,Low,3.2916666666666665,14.49,0.2916666666666667,0.75,0.6160000000000001
22,60,0,0,0,7.0,83,1,0,3,1,1,0,2,1,0,1,0,1,Low,3.608695652173913,13.2,0.30434782608695654,0.25,0.5945
17,77,1,1,1,7.0,69,0,1,3,2,1,0,1,3,1,0,0,0,Low,3.8333333333333335,13.09,0.3888888888888889,1.25,0.38849999999999996
19,76,1,1,1,7.0,53,1,1,2,1,1,0,2,5,0,0,0,0,Low,2.65,14.44,0.35,1.0,0.437
30,100,0,2,0,7.0,53,1,1,2,0,2,1,1,3,0,0,1,0,High,1.7096774193548387,30.0,0.22580645161290322,0.75,0.437
14,79,2,1,1,7.0,93,1,1,2,1,1,0,1,3,0,1,0,0,Medium,6.2,11.06,0.4666666666666667,1.25,0.597
30,70,2,0,0,7.0,84,2,1,2,1,1,0,2,3,0,2,0,0,High,2.7096774193548385,21.0,0.22580645161290322,1.0,0.711
18,96,1,1,1,7.0,88,1,1,1,1,2,1,0,3,0,0,1,1,High,4.631578947368421,17.28,0.3684210526315789,1.0,0.5395
28,80,1,2,0,7.0,96,2,1,2,0,1,0,2,6,0,0,0,0,High,3.310344827586207,22.4,0.2413793103448276,1.0,0.7589999999999999
12,84,1,2,0,7.0,88,2,0,2,2,2,0,2,2,0,0,0,0,Medium,6.769230769230769,10.08,0.5384615384615384,1.25,0.727
24,64,1,0,0,7.0,85,1,1,3,1,1,0,2,2,0,2,1,0,Low,3.4,15.36,0.28,0.75,0.6025
16,75,2,0,1,7.0,83,1,1,1,1,2,1,0,3,0,1,1,1,Low,4.882352941176471,12.0,0.4117647058823529,1.0,0.5195
12,98,0,1,0,7.0,63,1,1,0,2,1,1,1,3,1,0,0,1,Low,4.846153846153846,11.76,0.5384615384615384,1.0,0.402
21,84,1,1,1,7.0,98,1,1,0,1,1,0,1,4,0,1,0,0,High,4.454545454545454,17.64,0.3181818181818182,1.0,0.542
26,74,1,0,1,7.0,77,1,1,3,1,1,1,0,2,0,0,2,0,Low,2.8518518518518516,19.24,0.25925925925925924,0.75,0.5705
15,85,1,1,1,7.0,61,1,1,0,1,0,0,1,1,0,1,0,0,Low,3.8125,12.75,0.4375,1.0,0.394
11,96,2,2,0,7.0,60,1,1,2,0,1,0,1,1,0,0,0,0,Medium,5.0,10.56,0.5833333333333334,1.25,0.465
19,71,1,1,1,7.0,91,1,1,3,2,1,0,0,1,0,0,1,1,Low,4.55,13.49,0.35,1.25,0.6265000000000001
19,80,0,1,1,7.0,63,2,0,1,1,1,0,1,2,0,1,0,1,Low,3.15,15.2,0.35,0.5,0.5895
23,98,1,2,1,7.0,52,0,1,2,0,2,1,2,4,1,0,0,1,High,2.1666666666666665,22.54,0.2916666666666667,1.0,0.28300000000000003
26,67,0,1,1,7.0,71,1,1,2,2,1,1,0,3,0,0,0,0,Low,2.6296296296296298,17.42,0.25925925925925924,1.0,0.5089999999999999
20,89,0,1,1,7.0,91,2,1,0,1,1,1,2,4,0,1,0,0,High,4.333333333333333,17.8,0.3333333333333333,0.75,0.664
31,85,1,1,1,7.0,71,0,1,0,1,2,0,0,2,1,1,1,1,Medium,2.21875,26.35,0.21875,1.0,0.284
21,87,1,1,0,7.0,90,2,1,3,2,1,0,0,4,0,0,0,0,High,4.090909090909091,18.27,0.3181818181818182,1.25,0.7725
18,74,1,2,1,7.0,91,1,1,0,1,2,1,2,2,0,0,0,1,Medium,4.7894736842105265,13.32,0.3684210526315789,1.25,0.514
10,73,1,1,1,7.0,93,2,1,3,0,1,0,2,2,1,0,1,0,Low,8.454545454545455,7.3,0.6363636363636364,0.75,0.7845
18,87,0,0,0,7.0,79,2,1,1,0,2,0,0,4,0,1,0,0,High,4.157894736842105,15.66,0.3684210526315789,0.25,0.6535000000000001
18,69,1,2,1,7.0,85,1,1,2,2,1,1,2,0,0,1,1,1,Low,4.473684210526316,12.42,0.3684210526315789,1.5,0.565
26,77,0,1,1,7.0,63,0,1,1,0,2,0,0,4,0,0,0,0,Low,2.3333333333333335,20.02,0.25925925925925924,0.5,0.2895
23,68,2,1,1,7.0,55,1,1,1,1,1,0,2,3,0,0,1,0,Low,2.2916666666666665,15.64,0.2916666666666667,1.25,0.4075
13,60,1,1,0,7.0,77,0,1,2,1,2,1,2,5,1,0,0,0,Low,5.5,7.8,0.5,1.0,0.38300000000000006
21,99,1,2,0,7.0,51,2,1,2,1,0,1,1,2,0,2,0,1,High,2.3181818181818183,20.79,0.3181818181818182,1.25,0.579
24,77,2,1,1,7.0,73,1,1,3,1,1,0,2,3,0,0,0,0,High,2.92,18.48,0.28,1.25,0.5545
29,99,1,1,1,7.0,55,0,1,0,1,1,1,2,3,0,0,1,0,High,1.8333333333333333,28.71,0.23333333333333334,1.0,0.22000000000000003
25,66,2,1,1,7.0,55,1,1,4,1,1,0,1,2,1,0,1,1,High,2.1153846153846154,16.5,0.2692307692307692,1.25,0.52
25,83,2,2,1,7.0,94,0,1,2,0,2,0,2,3,1,1,1,0,High,3.6153846153846154,20.75,0.2692307692307692,1.25,0.451
20,68,1,2,1,7.0,82,1,0,1,0,2,0,2,3,0,2,0,1,Medium,3.9047619047619047,13.6,0.3333333333333333,0.75,0.5155
22,92,2,0,0,7.0,82,1,1,2,1,1,1,1,5,0,2,0,0,High,3.5652173913043477,20.24,0.30434782608695654,1.0,0.5529999999999999
27,91,0,2,1,7.0,70,0,1,1,1,0,0,1,6,0,0,1,1,High,2.5,24.57,0.25,1.0,0.31749999999999995
12,65,1,2,0,7.0,71,1,1,1,0,2,0,1,4,0,0,1,0,Low,5.461538461538462,7.8,0.5384615384615384,1.0,0.4714999999999999
18,96,2,1,1,7.0,65,0,1,3,1,1,0,2,2,0,1,1,1,High,3.4210526315789473,17.28,0.3684210526315789,1.25,0.3725
15,68,0,1,0,7.0,72,0,1,3,2,0,0,1,3,0,0,0,1,Low,4.5,10.2,0.4375,1.0,0.40049999999999997
22,85,1,1,1,7.0,79,0,1,1,0,0,0,2,3,0,0,0,1,Medium,3.4347826086956523,18.7,0.30434782608695654,0.75,0.35350000000000004
27,99,2,1,0,7.0,59,2,1,2,0,1,0,2,3,0,0,0,0,High,2.107142857142857,26.73,0.25,1.0,0.611
16,95,2,2,0,7.0,63,1,0,0,1,0,1,2,3,0,0,0,0,Medium,3.7058823529411766,15.2,0.4117647058823529,1.25,0.402
6,98,1,0,0,7.0,75,1,1,1,2,1,0,1,3,1,2,2,1,Low,10.714285714285714,5.88,1.0,1.0,0.48750000000000004
18,74,2,1,1,7.0,69,1,1,0,0,1,0,2,4,0,0,1,0,Low,3.6315789473684212,13.32,0.3684210526315789,1.0,0.42599999999999993
25,64,1,0,1,7.0,91,1,1,1,0,0,0,2,5,0,1,0,0,Low,3.5,16.0,0.2692307692307692,0.5,0.5515
23,68,1,2,0,7.0,91,0,1,5,0,1,0,1,1,0,1,0,1,Medium,3.7916666666666665,15.64,0.2916666666666667,1.0,0.5515000000000001
23,80,1,1,0,7.0,67,0,1,2,0,2,0,1,4,0,0,0,0,Medium,2.7916666666666665,18.4,0.2916666666666667,0.75,0.343
18,92,1,1,1,7.0,73,0,1,1,1,2,0,1,5,1,0,1,1,Medium,3.8421052631578947,16.56,0.3684210526315789,1.0,0.32949999999999996
12,66,1,2,1,7.0,99,0,1,2,1,0,0,1,3,0,0,1,0,Low,7.615384615384615,7.92,0.5384615384615384,1.25,0.47100000000000003
23,86,1,2,1,7.0,91,1,1,2,0,1,0,0,1,0,1,0,1,High,3.7916666666666665,19.78,0.2916666666666667,1.0,0.589
15,73,1,2,0,7.0,61,0,0,1,0,2,1,2,2,0,2,1,0,Low,3.8125,10.95,0.4375,0.75,0.2815
33,74,1,0,0,7.0,64,1,1,0,1,1,0,0,3,1,0,0,0,Low,1.8823529411764706,24.42,0.20588235294117646,0.75,0.406
23,86,2,1,0,7.0,54,0,1,2,1,1,0,0,2,1,0,0,1,Medium,2.25,19.78,0.2916666666666667,1.25,0.29100000000000004
17,79,1,2,1,7.0,84,1,1,0,1,1,0,1,2,0,0,1,0,Low,4.666666666666667,13.43,0.3888888888888889,1.25,0.486
16,92,1,1,1,7.0,66,2,1,2,1,1,0,2,4,0,2,1,1,High,3.8823529411764706,14.72,0.4117647058823529,1.0,0.639
19,66,2,1,0,7.0,77,0,0,3,1,1,0,0,4,0,1,1,1,Low,3.85,12.54,0.35,1.0,0.42050000000000004
19,92,1,1,1,7.0,88,0,1,1,2,1,0,2,2,0,2,0,0,High,4.4,17.48,0.35,1.25,0.3895
27,63,2,2,1,7.0,92,1,1,0,0,1,0,1,3,0,1,0,1,Medium,3.2857142857142856,17.01,0.25,1.25,0.518
21,68,0,1,1,7.0,66,0,1,2,2,1,1,1,3,0,0,0,0,Low,3.0,14.28,0.3181818181818182,1.0,0.339
16,86,1,1,1,7.0,62,0,1,1,0,2,0,2,4,0,0,0,1,Low,3.6470588235294117,13.76,0.4117647058823529,0.75,0.2855
31,94,0,1,0,7.0,92,0,1,1,2,0,1,1,4,0,0,0,0,High,2.875,29.14,0.21875,1.0,0.4055
20,70,0,1,1,7.0,69,2,1,2,1,2,0,1,3,0,2,0,1,Low,3.2857142857142856,14.0,0.3333333333333333,0.75,0.6509999999999999
25,73,1,2,1,7.0,91,1,1,0,1,2,0,1,4,0,0,0,1,High,3.5,18.25,0.2692307692307692,1.25,0.514
16,81,1,1,1,7.0,57,2,1,1,1,1,1,2,2,0,0,0,0,Low,3.3529411764705883,12.96,0.4117647058823529,1.0,0.5655
22,68,2,1,0,7.0,96,1,1,1,1,1,0,2,3,0,2,1,1,Medium,4.173913043478261,14.96,0.30434782608695654,1.25,0.5715
22,92,1,0,1,7.0,74,2,1,2,1,0,0,2,4,0,1,1,0,High,3.217391304347826,20.24,0.30434782608695654,0.75,0.6709999999999999
9,91,1,1,0,7.0,59,2,1,0,0,1,1,2,2,0,1,1,0,Low,5.9,8.19,0.7,0.75,0.536
32,66,2,2,1,7.0,77,2,1,3,1,1,0,1,1,0,1,0,0,High,2.3333333333333335,21.12,0.21212121212121213,1.5,0.7205000000000001
28,79,1,2,1,7.0,94,0,1,2,0,1,1,2,5,0,1,0,0,High,3.2413793103448274,22.12,0.2413793103448276,1.0,0.451
18,91,2,1,1,7.0,69,1,1,5,0,2,0,2,2,0,0,0,0,High,3.6315789473684212,16.38,0.3684210526315789,1.0,0.6134999999999999
13,73,1,0,0,7.0,59,1,1,0,1,2,0,1,4,0,2,0,0,Low,4.214285714285714,9.49,0.5,0.75,0.386
22,85,0,1,1,7.0,79,1,1,1,2,0,0,2,2,0,1,0,0,Medium,3.4347826086956523,18.7,0.30434782608695654,1.0,0.5035000000000001
21,62,1,1,0,7.0,92,1,1,1,1,1,1,2,4,1,0,0,0,Low,4.181818181818182,13.02,0.3181818181818182,1.0,0.5555
22,84,1,1,0,7.0,56,1,1,0,2,0,1,2,2,0,0,1,0,Low,2.4347826086956523,18.48,0.30434782608695654,1.25,0.374
21,66,1,1,1,7.0,52,2,1,1,1,1,0,1,3,0,0,2,1,Low,2.3636363636363638,13.86,0.3181818181818182,1.0,0.5455
23,93,2,2,0,7.0,53,2,1,1,0,1,1,1,4,0,1,0,1,High,2.2083333333333335,21.39,0.2916666666666667,1.25,0.5495
29,74,1,2,1,7.0,62,2,1,3,0,2,0,2,3,1,2,1,0,High,2.066666666666667,21.46,0.23333333333333334,1.0,0.6605000000000001
23,71,1,1,1,7.0,50,1,1,1,0,2,0,2,1,0,1,0,1,Low,2.0833333333333335,16.33,0.2916666666666667,0.75,0.38749999999999996
14,94,1,2,1,7.0,71,1,1,0,1,1,1,0,3,1,1,1,1,Medium,4.733333333333333,13.16,0.4666666666666667,1.25,0.43399999999999994
28,62,0,2,0,7.0,85,1,1,2,0,2,0,2,3,0,0,1,1,Low,2.9310344827586206,17.36,0.2413793103448276,0.75,0.565
30,76,1,1,1,7.0,86,1,1,1,1,2,0,1,2,1,2,2,0,Medium,2.774193548387097,22.8,0.22580645161290322,1.0,0.5315
39,75,1,2,1,7.0,82,2,1,1,2,0,0,0,3,0,1,0,0,High,2.05,29.25,0.175,1.5,0.6655
13,71,1,2,1,7.0,65,2,1,2,1,1,0,1,4,0,2,0,1,Low,4.642857142857143,9.23,0.5,1.25,0.635
21,96,1,1,1,7.0,87,1,1,0,1,1,0,1,6,1,0,0,1,High,3.9545454545454546,20.16,0.3181818181818182,1.0,0.498
8,90,2,2,0,7.0,79,2,1,2,0,1,0,0,4,0,1,0,0,Medium,8.777777777777779,7.2,0.7777777777777778,1.25,0.6910000000000001
23,63,0,1,1,9.0,93,1,1,2,1,2,1,2,2,0,0,2,0,Low,3.875,14.49,0.375,0.75,0.597
17,89,1,1,0,7.0,74,1,1,1,0,1,1,2,2,0,2,1,1,Medium,4.111111111111111,15.13,0.3888888888888889,0.75,0.48349999999999993
32,81,2,1,0,6.0,59,2,1,2,2,1,0,1,2,0,0,1,1,High,1.7878787878787878,25.92,0.18181818181818182,1.5,0.611
15,96,2,2,0,9.0,82,1,1,2,0,0,1,1,3,0,0,0,1,High,5.125,14.4,0.5625,1.25,0.5529999999999999
10,73,1,0,1,9.0,58,0,1,5,0,1,1,0,3,0,0,1,0,Low,5.2727272727272725,7.3,0.8181818181818182,0.5,0.4195
17,83,2,1,1,6.0,98,1,1,0,1,1,0,2,3,0,0,0,0,Medium,5.444444444444445,14.11,0.3333333333333333,1.25,0.542
8,80,0,1,1,6.0,85,1,1,1,0,2,0,0,3,0,2,0,0,Low,9.444444444444445,6.4,0.6666666666666666,0.5,0.5275
25,80,1,1,1,10.0,88,0,1,0,0,2,1,0,2,0,1,1,0,Medium,3.3846153846153846,20.0,0.38461538461538464,0.75,0.35200000000000004
8,78,2,1,1,7.0,84,1,1,0,1,1,0,2,2,0,1,0,0,Low,9.333333333333334,6.24,0.7777777777777778,1.25,0.486
20,68,2,1,1,7.0,55,2,1,0,0,0,0,2,3,1,0,0,1,Low,2.619047619047619,13.6,0.3333333333333333,1.0,0.52
8,90,1,1,0,7.0,73,2,1,3,2,0,1,0,4,0,2,0,0,Medium,8.11111111111111,7.2,0.7777777777777778,1.25,0.7044999999999999
18,78,0,2,1,9.0,83,1,1,2,0,1,1,0,2,0,2,1,1,Low,4.368421052631579,14.04,0.47368421052631576,0.75,0.5569999999999999
30,98,0,1,1,10.0,61,1,1,0,0,1,0,2,3,0,2,1,0,High,1.967741935483871,29.4,0.3225806451612903,0.5,0.394
22,70,1,2,0,7.0,84,0,1,3,0,2,0,2,5,0,0,0,0,Medium,3.652173913043478,15.4,0.30434782608695654,1.0,0.4485
15,87,2,1,1,10.0,91,1,1,1,0,0,0,1,4,0,0,1,0,Medium,5.6875,13.05,0.625,1.0,0.5515
20,98,1,1,1,6.0,64,1,1,1,2,2,1,2,3,0,2,1,0,High,3.0476190476190474,19.6,0.2857142857142857,1.25,0.4435
20,87,1,2,1,7.0,60,1,1,0,0,1,0,2,2,1,0,2,1,Low,2.857142857142857,17.4,0.3333333333333333,1.0,0.39
23,95,1,1,1,8.0,94,1,1,1,1,1,0,2,4,0,0,0,0,High,3.9166666666666665,21.85,0.3333333333333333,1.0,0.5635
12,93,2,2,1,6.0,50,0,1,4,2,2,0,2,3,0,2,1,0,High,3.8461538461538463,11.16,0.46153846153846156,1.75,0.35
24,74,0,0,1,8.0,63,2,1,1,0,2,0,2,3,0,0,1,0,Low,2.52,17.76,0.32,0.25,0.5895
4,84,1,1,1,6.0,70,1,1,5,1,2,1,1,4,0,0,0,0,Low,14.0,3.36,1.2,1.0,0.6174999999999999
16,66,2,1,1,5.0,84,1,1,2,1,1,1,1,3,0,0,0,1,Low,4.9411764705882355,10.56,0.29411764705882354,1.25,0.5609999999999999
17,81,1,1,1,4.0,100,0,1,2,1,2,1,1,2,0,1,0,0,Medium,5.555555555555555,13.77,0.2222222222222222,1.0,0.47500000000000003
24,69,2,1,0,7.0,69,1,0,7,2,1,0,2,3,0,1,0,1,High,2.76,16.56,0.28,1.25,0.6884999999999999
20,90,1,0,1,8.0,97,0,1,1,1,0,1,1,2,0,0,0,1,Medium,4.619047619047619,18.0,0.38095238095238093,0.75,0.4255
12,81,0,1,1,5.0,68,2,1,0,0,2,1,0,2,0,0,0,0,Low,5.230769230769231,9.72,0.38461538461538464,0.5,0.5720000000000001
14,76,1,1,0,7.0,85,2,1,3,0,1,1,1,3,0,1,0,0,Low,5.666666666666667,10.64,0.4666666666666667,0.75,0.7525
21,71,1,1,0,7.0,58,0,1,3,0,1,0,0,5,0,1,0,1,Low,2.6363636363636362,14.91,0.3181818181818182,0.75,0.3445
20,100,1,1,1,7.0,73,1,1,1,0,1,0,1,4,0,1,0,1,High,3.4761904761904763,20.0,0.3333333333333333,0.75,0.4794999999999999
17,63,1,1,0,6.0,94,0,1,0,1,1,0,0,2,0,0,1,0,Low,5.222222222222222,10.71,0.3333333333333333,1.0,0.376
17,62,1,1,0,7.0,66,2,1,2,2,1,0,1,4,0,0,1,0,Low,3.6666666666666665,10.54,0.3888888888888889,1.25,0.639
24,69,1,2,1,7.0,55,0,1,3,1,2,0,1,4,0,0,0,0,Medium,2.2,16.56,0.28,1.25,0.3325
17,99,1,1,0,8.0,76,0,0,2,2,1,0,2,4,0,2,0,0,High,4.222222222222222,16.83,0.4444444444444444,1.0,0.37900000000000006
19,99,1,1,1,5.0,72,0,1,3,1,2,1,1,4,0,2,0,0,High,3.6,18.81,0.25,1.0,0.40049999999999997
33,86,1,1,0,7.0,61,1,1,1,2,1,0,2,3,0,0,0,0,High,1.7941176470588236,28.38,0.20588235294117646,1.25,0.4315
11,95,1,1,1,5.0,95,0,1,1,0,2,0,2,3,0,2,0,0,Medium,7.916666666666667,10.45,0.4166666666666667,0.75,0.4175
9,69,0,1,1,7.0,80,1,1,1,1,1,1,1,3,0,1,1,0,Low,8.0,6.21,0.7,0.75,0.5075000000000001
25,99,1,1,0,5.0,67,1,1,1,0,2,0,1,3,0,0,0,0,High,2.576923076923077,24.75,0.19230769230769232,0.75,0.4555
16,66,1,1,1,6.0,100,1,1,1,1,1,0,1,3,0,0,1,1,Low,5.882352941176471,10.56,0.35294117647058826,1.0,0.5875
18,64,0,1,1,7.0,57,1,1,1,2,1,0,1,3,0,0,1,0,Low,3.0,11.52,0.3684210526315789,1.0,0.4155
15,64,1,1,0,6.0,92,0,1,3,0,1,0,0,4,0,1,0,1,Low,5.75,9.6,0.375,0.75,0.48050000000000004
18,83,1,0,1,9.0,62,2,1,2,0,1,0,0,2,0,0,0,0,Low,3.263157894736842,14.94,0.47368421052631576,0.5,0.623
30,91,2,1,0,9.0,62,0,1,3,0,2,0,0,4,0,2,0,1,High,2.0,27.3,0.2903225806451613,1.0,0.3605
25,75,1,0,1,8.0,75,2,1,2,2,2,1,0,4,1,2,0,0,Medium,2.8846153846153846,18.75,0.3076923076923077,1.0,0.675
25,99,1,1,0,8.0,83,1,1,1,1,1,0,1,2,0,1,0,1,High,3.1923076923076925,24.75,0.3076923076923077,1.0,0.5195
12,77,0,0,1,7.0,85,1,1,1,1,1,0,2,3,0,1,2,0,Low,6.538461538461538,9.24,0.5384615384615384,0.5,0.5275
13,66,2,1,1,9.0,51,0,1,3,1,1,1,2,2,0,2,1,0,Low,3.642857142857143,8.58,0.6428571428571429,1.25,0.3165
3,79,0,1,1,7.0,64,0,1,0,1,1,0,0,3,0,2,2,1,Low,16.0,2.37,1.75,0.75,0.256
15,87,1,1,0,10.0,83,1,1,1,2,2,1,2,3,0,0,0,0,Medium,5.1875,13.05,0.625,1.25,0.5195
26,93,1,2,1,6.0,94,0,1,1,1,2,0,0,2,0,0,0,1,High,3.4814814814814814,24.18,0.2222222222222222,1.25,0.4135
23,78,1,1,1,5.0,83,1,1,1,1,1,0,2,3,0,0,0,0,Medium,3.4583333333333335,17.94,0.20833333333333334,1.0,0.5195
19,84,1,1,1,5.0,63,1,1,1,2,1,1,2,2,0,0,0,0,Medium,3.15,15.96,0.25,1.25,0.4395
20,71,1,1,1,5.0,75,0,1,0,1,1,1,2,4,0,0,0,0,Low,3.5714285714285716,14.2,0.23809523809523808,1.0,0.30000000000000004
16,86,0,0,1,5.0,82,0,1,0,0,1,0,1,4,0,0,1,1,Low,4.823529411764706,13.76,0.29411764705882354,0.25,0.328
21,99,1,0,0,7.0,57,2,1,2,1,1,0,1,2,0,2,0,0,High,2.590909090909091,20.79,0.3181818181818182,0.75,0.603
25,62,1,0,1,8.0,77,1,1,0,1,0,0,0,4,0,1,2,1,Low,2.9615384615384617,15.5,0.3076923076923077,0.75,0.4580000000000001
10,95,2,0,1,7.0,74,2,1,2,0,1,0,0,3,0,0,2,0,Low,6.7272727272727275,9.5,0.6363636363636364,0.75,0.6709999999999999
22,82,0,1,0,5.0,67,0,1,1,0,2,1,1,1,1,2,0,1,Low,2.9130434782608696,18.04,0.21739130434782608,0.5,0.3055
26,70,2,1,0,6.0,81,0,1,0,0,2,0,1,3,0,0,1,0,Low,3.0,18.2,0.2222222222222222,1.0,0.32400000000000007
18,98,2,0,0,8.0,82,1,1,3,1,2,0,0,3,0,1,0,0,High,4.315789473684211,17.64,0.42105263157894735,1.0,0.5905
24,79,0,2,0,6.0,99,2,0,2,0,2,0,0,3,0,0,0,0,Medium,3.96,18.96,0.24,0.5,0.7709999999999999
37,73,1,2,1,6.0,71,1,1,0,2,2,0,2,5,0,0,1,0,High,1.868421052631579,27.01,0.15789473684210525,1.5,0.43399999999999994
19,67,1,2,0,5.0,77,1,1,1,1,2,1,0,4,0,2,0,0,Low,3.85,12.73,0.25,1.25,0.49550000000000005
22,70,1,0,1,6.0,58,0,1,4,2,1,0,2,2,0,2,1,0,Low,2.5217391304347827,15.4,0.2608695652173913,1.0,0.382
16,93,0,2,0,6.0,77,2,1,2,0,1,0,0,1,0,0,1,0,Medium,4.529411764705882,14.88,0.35294117647058826,0.75,0.683
21,85,0,2,1,7.0,52,1,1,5,2,2,0,2,3,0,2,1,0,High,2.3636363636363638,17.85,0.3181818181818182,1.25,0.5455
23,97,2,2,1,8.0,57,0,0,2,2,1,0,2,1,0,2,2,0,High,2.375,22.31,0.3333333333333333,1.5,0.303
21,69,0,1,0,7.0,59,1,1,3,0,1,0,1,3,0,2,0,0,Low,2.6818181818181817,14.49,0.3181818181818182,0.5,0.4985
14,65,0,2,0,7.0,82,0,1,1,0,0,0,0,3,0,0,0,0,Low,5.466666666666667,9.1,0.4666666666666667,0.75,0.3655
21,60,2,0,0,8.0,78,1,1,2,1,2,0,2,2,0,0,0,1,Low,3.5454545454545454,12.6,0.36363636363636365,1.0,0.537
29,80,1,0,1,5.0,90,1,1,2,1,0,0,2,1,0,1,0,1,High,3.0,23.2,0.16666666666666666,0.75,0.585
23,100,1,0,1,10.0,73,1,1,3,1,1,1,1,2,0,1,0,0,High,3.0416666666666665,23.0,0.4166666666666667,0.75,0.5545
26,88,1,2,0,6.0,74,1,1,0,0,1,0,0,2,0,0,1,1,Medium,2.740740740740741,22.88,0.2222222222222222,1.0,0.44599999999999995
19,72,1,0,1,8.0,58,1,1,0,1,0,0,1,3,0,0,0,1,Low,2.9,13.68,0.4,0.75,0.382
24,95,1,0,0,5.0,87,1,1,0,0,1,0,1,2,0,0,2,0,Medium,3.48,22.8,0.2,0.5,0.498
22,91,2,2,1,7.0,50,1,1,2,0,1,0,2,5,0,2,1,0,High,2.1739130434782608,20.02,0.30434782608695654,1.25,0.425
14,61,1,0,1,7.0,71,1,1,0,1,0,1,1,1,0,2,0,1,Low,4.733333333333333,8.54,0.4666666666666667,0.75,0.43399999999999994
22,93,1,2,0,9.0,59,0,1,3,0,2,0,2,4,0,2,0,1,High,2.5652173913043477,20.46,0.391304347826087,1.0,0.3485
14,72,0,2,0,7.0,89,1,1,2,1,1,0,2,3,0,0,0,1,Low,5.933333333333334,10.08,0.4666666666666667,1.0,0.581
16,66,1,1,0,9.0,84,2,1,3,0,0,0,2,4,0,0,0,1,Low,4.9411764705882355,10.56,0.5294117647058824,0.75,0.7484999999999999
21,69,1,0,1,7.0,85,1,1,2,1,1,1,2,0,0,2,0,0,Low,3.8636363636363638,14.49,0.3181818181818182,0.75,0.565
22,79,0,1,0,10.0,57,0,1,1,1,2,0,2,2,0,0,0,0,Low,2.4782608695652173,17.38,0.43478260869565216,0.75,0.26549999999999996
13,77,1,2,0,4.0,83,1,1,1,1,2,0,0,2,0,2,1,0,Low,5.928571428571429,10.01,0.2857142857142857,1.25,0.5195
26,72,0,2,0,8.0,85,1,1,2,0,1,0,0,3,0,0,0,0,Medium,3.1481481481481484,18.72,0.2962962962962963,0.75,0.565
23,67,1,1,0,4.0,50,0,1,4,0,1,1,2,3,0,1,1,0,Low,2.0833333333333335,15.41,0.16666666666666666,0.75,0.35
16,90,2,1,0,7.0,66,1,1,0,2,2,0,0,3,0,0,1,0,Medium,3.8823529411764706,14.4,0.4117647058823529,1.5,0.41400000000000003
11,100,1,1,1,9.0,54,0,1,1,0,1,0,0,3,0,2,0,0,Low,4.5,11.0,0.75,0.75,0.2535
19,91,0,2,1,9.0,84,2,1,2,2,2,0,2,3,1,0,0,0,High,4.2,17.29,0.45,1.25,0.711
17,72,1,1,0,8.0,61,1,1,1,1,1,0,1,4,0,2,1,0,Low,3.388888888888889,12.24,0.4444444444444444,1.0,0.4315
21,70,0,0,0,7.0,63,1,1,0,1,1,0,2,2,0,0,2,0,Low,2.8636363636363638,14.7,0.3181818181818182,0.5,0.402
18,69,2,2,1,8.0,54,0,1,1,2,2,1,1,2,0,0,0,0,Low,2.8421052631578947,12.42,0.42105263157894735,1.75,0.2535
8,65,1,1,0,10.0,74,1,1,1,1,2,1,2,5,0,0,0,0,Low,8.222222222222221,5.2,1.1111111111111112,1.0,0.48349999999999993
18,82,2,0,0,7.0,52,0,1,1,0,1,0,0,4,0,0,0,1,Low,2.736842105263158,14.76,0.3684210526315789,0.75,0.24550000000000002
18,84,2,2,1,8.0,92,0,1,0,0,2,0,0,3,0,1,0,1,Medium,4.842105263157895,15.12,0.42105263157894735,1.25,0.36800000000000005
24,88,1,1,1,6.0,51,2,1,4,1,0,0,2,4,0,0,0,0,High,2.04,21.12,0.24,1.0,0.654
16,87,2,1,0,9.0,53,2,1,3,1,2,1,1,5,0,1,0,0,High,3.1176470588235294,13.92,0.5294117647058824,1.25,0.6245
30,72,2,1,1,8.0,82,2,1,1,0,1,0,2,1,0,1,1,1,High,2.6451612903225805,21.6,0.25806451612903225,1.0,0.6655
9,73,1,1,1,6.0,96,0,1,0,0,2,0,2,2,0,0,0,0,Low,9.6,6.57,0.6,0.75,0.384
28,87,1,1,0,8.0,95,1,1,2,1,0,1,2,3,0,2,0,1,High,3.2758620689655173,24.36,0.27586206896551724,1.0,0.605
19,74,1,2,0,8.0,54,2,1,0,1,1,0,2,3,0,1,0,0,Low,2.7,14.06,0.4,1.25,0.516
25,69,1,1,1,8.0,64,1,1,1,2,0,0,0,3,0,2,1,1,Low,2.4615384615384617,17.25,0.3076923076923077,1.25,0.4435
20,75,0,1,0,7.0,76,1,1,3,2,2,1,0,3,0,1,0,1,Low,3.619047619047619,15.0,0.3333333333333333,1.0,0.5665
27,71,1,1,1,9.0,51,1,0,3,2,1,0,1,1,0,1,2,1,Low,1.8214285714285714,19.17,0.32142857142857145,1.0,0.46649999999999997
18,64,1,1,1,6.0,76,1,1,2,1,2,0,2,4,0,0,0,0,Low,4.0,11.52,0.3157894736842105,1.0,0.529
13,93,0,0,0,7.0,72,2,1,2,1,1,1,2,2,0,2,0,1,Medium,5.142857142857143,12.09,0.5,0.5,0.6629999999999999
29,94,2,1,0,7.0,79,1,1,6,0,2,1,1,4,0,1,0,1,High,2.6333333333333333,27.26,0.23333333333333334,1.0,0.6910000000000001
19,69,1,1,1,9.0,96,1,1,0,2,2,1,2,3,0,0,1,1,Low,4.8,13.11,0.45,1.25,0.534
21,63,1,1,1,6.0,64,0,1,1,2,2,0,0,3,0,0,0,0,Low,2.909090909090909,13.23,0.2727272727272727,1.25,0.2935
27,90,1,1,0,7.0,82,1,1,0,1,1,0,2,3,0,1,1,1,High,2.9285714285714284,24.3,0.25,1.0,0.478
14,68,1,2,0,6.0,71,0,1,1,1,1,0,2,3,0,1,1,0,Low,4.733333333333333,9.52,0.4,1.25,0.32149999999999995
24,76,2,0,1,7.0,72,0,1,1,2,1,0,2,2,0,1,1,0,Medium,2.88,18.24,0.28,1.25,0.32549999999999996
16,63,1,1,1,8.0,82,1,1,0,2,1,0,1,3,0,0,0,0,Low,4.823529411764706,10.08,0.47058823529411764,1.25,0.478
19,69,2,1,1,5.0,98,1,1,0,2,1,0,1,4,0,0,1,0,Low,4.9,13.11,0.25,1.5,0.542
20,92,1,1,1,9.0,93,0,1,3,2,1,0,2,2,0,1,0,1,High,4.428571428571429,18.4,0.42857142857142855,1.25,0.48450000000000004
11,92,2,1,1,8.0,82,2,1,4,1,1,1,0,2,0,2,0,1,High,6.833333333333333,10.12,0.6666666666666666,1.25,0.778
15,68,2,0,1,6.0,73,1,0,0,1,1,0,2,3,0,1,0,0,Low,4.5625,10.2,0.375,0.75,0.44199999999999995
28,73,2,1,1,6.0,71,1,1,0,1,2,1,2,2,0,1,1,1,Medium,2.4482758620689653,20.44,0.20689655172413793,1.25,0.43399999999999994
25,65,0,1,1,9.0,89,1,1,2,1,2,0,1,3,0,0,0,1,Low,3.423076923076923,16.25,0.34615384615384615,0.75,0.581
20,63,1,1,1,8.0,61,1,1,2,2,1,0,1,3,0,0,0,0,Low,2.9047619047619047,12.6,0.38095238095238093,1.25,0.46900000000000003
21,100,0,1,1,6.0,79,1,1,2,0,1,0,1,1,0,0,0,1,High,3.590909090909091,21.0,0.2727272727272727,0.5,0.541
18,86,1,1,0,6.0,75,2,1,0,0,2,0,1,4,0,0,0,0,Medium,3.9473684210526314,15.48,0.3157894736842105,0.75,0.6000000000000001
28,82,1,2,1,8.0,82,0,1,1,1,1,1,0,2,0,2,0,0,High,2.8275862068965516,22.96,0.27586206896551724,1.25,0.3655
19,91,1,1,0,8.0,59,2,1,1,2,1,0,1,2,0,2,0,0,Medium,2.95,17.29,0.4,1.25,0.5735
21,94,2,0,0,8.0,85,1,1,1,1,1,0,0,4,0,1,0,0,High,3.8636363636363638,19.74,0.36363636363636365,1.0,0.5275
27,92,1,1,1,7.0,81,1,1,0,0,1,0,0,1,0,1,0,0,High,2.892857142857143,24.84,0.25,0.75,0.4740000000000001
15,61,2,0,1,8.0,59,1,1,1,1,1,0,1,2,0,2,1,1,Low,3.6875,9.15,0.5,1.0,0.4235
29,67,0,2,0,7.0,72,1,0,0,1,2,0,1,3,0,0,0,1,Low,2.4,19.43,0.23333333333333334,0.75,0.43799999999999994
11,86,1,2,1,6.0,84,1,1,0,2,2,1,1,3,0,0,0,0,Medium,7.0,9.46,0.5,1.5,0.486
30,75,1,0,1,9.0,95,0,1,1,2,1,0,0,5,0,2,0,0,High,3.064516129032258,22.5,0.2903225806451613,1.0,0.4175
18,99,1,1,0,8.0,56,1,0,2,0,2,1,0,3,0,0,0,0,Medium,2.9473684210526314,17.82,0.42105263157894735,0.5,0.449
19,87,0,2,1,6.0,50,1,1,3,0,1,0,1,2,0,2,0,0,Medium,2.5,16.53,0.3,0.75,0.46249999999999997
9,98,2,2,0,7.0,58,1,1,2,1,1,0,0,4,0,1,0,0,Medium,5.8,8.82,0.7,1.5,0.457
17,68,1,1,0,7.0,99,1,1,1,1,0,1,1,1,0,2,0,0,Low,5.5,11.56,0.3888888888888889,1.0,0.5835
14,95,2,1,1,6.0,88,1,1,2,0,0,0,1,2,0,0,2,0,Medium,5.866666666666666,13.3,0.4,1.0,0.577
16,73,2,1,1,7.0,81,1,1,1,2,2,0,0,4,0,2,0,0,Medium,4.764705882352941,11.68,0.4117647058823529,1.5,0.5115000000000001
19,100,1,2,1,6.0,57,1,1,1,2,1,1,2,2,1,0,0,0,High,2.85,19.0,0.3,1.5,0.4155
26,66,2,2,0,8.0,71,2,1,2,1,1,0,1,3,0,0,0,1,Medium,2.6296296296296298,17.16,0.2962962962962963,1.5,0.6589999999999999
21,81,2,1,1,7.0,86,1,1,1,0,1,0,1,4,0,1,0,0,Medium,3.909090909090909,17.01,0.3181818181818182,1.0,0.5315
22,92,2,0,1,5.0,95,0,1,0,0,0,0,2,3,0,2,0,0,High,4.130434782608695,20.24,0.21739130434782608,0.75,0.38
13,77,2,2,1,7.0,69,1,1,2,0,2,1,1,5,0,1,1,0,Medium,4.928571428571429,10.01,0.5,1.25,0.5009999999999999
15,79,2,2,1,6.0,100,1,1,4,0,1,0,1,3,0,1,0,1,High,6.25,11.85,0.375,1.25,0.7000000000000001
31,99,1,0,1,4.0,57,2,1,1,2,2,0,1,2,0,2,1,1,High,1.78125,30.69,0.125,1.0,0.5655
16,77,1,0,1,7.0,69,0,1,1,0,2,0,1,4,0,0,0,1,Low,4.0588235294117645,12.32,0.4117647058823529,0.5,0.31349999999999995
30,84,2,1,1,9.0,94,1,1,1,0,2,1,2,2,1,0,0,1,High,3.032258064516129,25.2,0.2903225806451613,1.0,0.5635
19,62,2,1,0,7.0,82,0,1,0,0,0,1,1,5,1,2,0,0,Low,4.1,11.78,0.35,1.0,0.328
20,94,1,1,0,8.0,91,1,1,1,0,1,0,2,2,0,2,0,1,High,4.333333333333333,18.8,0.38095238095238093,0.75,0.5515
26,86,1,0,0,7.0,95,1,1,0,0,2,0,0,5,0,0,1,0,Medium,3.5185185185185186,22.36,0.25925925925925924,0.5,0.53
28,76,1,2,1,6.0,75,2,1,3,2,1,0,2,3,0,0,0,0,High,2.586206896551724,21.28,0.20689655172413793,1.5,0.7125000000000001
19,61,1,2,1,6.0,62,2,1,1,2,1,0,1,2,0,2,1,1,Low,3.1,11.59,0.3,1.5,0.5855
18,84,0,0,0,5.0,85,1,1,0,1,1,0,1,4,0,0,1,0,Low,4.473684210526316,15.12,0.2631578947368421,0.5,0.49
20,61,0,2,1,8.0,78,1,1,0,0,1,1,2,5,0,0,0,1,Low,3.7142857142857144,12.2,0.38095238095238093,0.75,0.4620000000000001
22,60,2,1,1,8.0,89,1,1,2,1,2,1,1,4,0,1,1,0,Low,3.869565217391304,13.2,0.34782608695652173,1.25,0.581
25,85,1,1,1,7.0,76,1,1,2,2,1,0,2,2,0,1,0,1,High,2.923076923076923,21.25,0.2692307692307692,1.25,0.529
20,68,1,2,1,4.0,91,2,1,4,2,1,1,2,4,0,1,0,0,High,4.333333333333333,13.6,0.19047619047619047,1.5,0.8140000000000001
24,68,2,1,1,8.0,95,0,1,3,1,1,0,2,0,0,0,1,0,Medium,3.8,16.32,0.32,1.25,0.4925
30,86,2,2,1,6.0,87,1,1,0,0,0,1,2,4,0,1,0,1,High,2.806451612903226,25.8,0.1935483870967742,1.25,0.498
22,62,0,1,1,7.0,87,1,1,2,2,0,0,1,3,0,0,0,1,Low,3.782608695652174,13.64,0.30434782608695654,1.0,0.573
22,73,0,1,0,5.0,79,1,1,4,1,0,0,0,1,0,2,1,1,Low,3.4347826086956523,16.06,0.21739130434782608,0.75,0.6160000000000001
11,66,1,1,1,7.0,74,1,1,3,1,2,1,1,3,0,0,2,1,Low,6.166666666666667,7.26,0.5833333333333334,1.0,0.5585
4,83,2,1,0,7.0,99,0,1,1,0,0,1,1,3,0,1,0,1,Low,19.8,3.32,1.4,1.0,0.4335
22,86,0,1,0,4.0,82,0,1,1,0,0,1,2,5,0,1,1,0,Medium,3.5652173913043477,18.92,0.17391304347826086,0.5,0.3655
19,89,1,2,0,9.0,92,2,1,5,1,1,1,2,3,0,2,0,0,High,4.6,16.91,0.45,1.25,0.8555
17,70,2,1,0,7.0,75,1,1,1,0,1,1,1,4,1,1,2,0,Low,4.166666666666667,11.9,0.3888888888888889,1.0,0.48750000000000004
21,64,2,0,1,7.0,78,0,1,1,1,1,0,2,4,0,0,0,0,Low,3.5454545454545454,13.44,0.3181818181818182,1.0,0.34950000000000003
20,63,1,0,0,8.0,83,0,1,4,1,1,0,1,3,0,2,1,1,Low,3.9523809523809526,12.6,0.38095238095238093,0.75,0.482
27,77,0,2,0,7.0,86,2,1,1,2,2,0,0,3,0,1,0,0,High,3.0714285714285716,20.79,0.25,1.25,0.6815
21,98,1,1,1,8.0,72,1,1,3,0,0,0,2,3,0,0,1,1,High,3.272727272727273,20.58,0.36363636363636365,0.75,0.5505
16,69,1,1,1,5.0,68,1,1,0,1,2,0,1,4,0,1,1,0,Low,4.0,11.04,0.29411764705882354,1.0,0.42200000000000004
26,70,1,2,1,7.0,62,1,1,0,0,1,1,0,1,0,1,0,1,Low,2.2962962962962963,18.2,0.25925925925925924,1.0,0.398
19,64,1,2,1,4.0,71,1,1,1,2,1,0,1,3,0,0,0,0,Low,3.55,12.16,0.2,1.5,0.4714999999999999
23,84,1,2,0,7.0,61,1,1,2,1,2,0,1,5,0,1,1,0,High,2.5416666666666665,19.32,0.2916666666666667,1.25,0.46900000000000003
17,87,0,0,1,9.0,71,1,1,2,0,1,0,1,3,0,1,1,1,Low,3.9444444444444446,14.79,0.5,0.25,0.5089999999999999
16,86,2,1,1,5.0,94,2,1,0,1,1,0,0,2,0,0,0,0,Medium,5.529411764705882,13.76,0.29411764705882354,1.25,0.6759999999999999
21,94,1,2,0,6.0,99,1,1,1,1,2,1,1,2,0,0,0,0,High,4.5,19.74,0.2727272727272727,1.25,0.5835
20,79,1,2,1,4.0,79,0,1,0,1,2,1,1,4,0,0,1,0,Medium,3.761904761904762,15.8,0.19047619047619047,1.25,0.31600000000000006
23,65,2,2,0,7.0,57,0,0,1,2,1,0,1,4,0,0,0,0,Low,2.375,14.95,0.2916666666666667,1.5,0.26549999999999996
18,72,1,1,0,8.0,71,0,1,2,2,1,0,2,4,0,2,0,0,Low,3.736842105263158,12.96,0.42105263157894735,1.25,0.359
9,86,2,2,0,8.0,80,1,1,1,0,1,0,2,5,0,1,2,1,Medium,8.0,7.74,0.8,1.25,0.5075000000000001
17,85,1,0,0,6.0,69,1,1,1,1,1,1,1,3,1,2,0,0,Low,3.8333333333333335,14.45,0.3333333333333333,0.75,0.4634999999999999
25,81,1,1,0,4.0,60,1,1,2,1,1,1,1,3,0,0,0,0,Medium,2.3076923076923075,20.25,0.15384615384615385,1.0,0.465
18,87,1,1,0,5.0,61,2,1,2,1,1,0,2,1,0,0,0,0,Medium,3.210526315789474,15.66,0.2631578947368421,1.0,0.619
19,85,1,2,1,9.0,74,1,1,1,2,1,0,1,3,0,1,1,1,Medium,3.7,16.15,0.45,1.5,0.48349999999999993
26,95,1,0,1,8.0,61,1,1,2,1,1,1,1,2,0,2,0,1,High,2.259259259259259,24.7,0.2962962962962963,0.75,0.46900000000000003
16,83,1,1,1,7.0,62,1,1,0,0,1,1,1,1,1,2,1,0,Low,3.6470588235294117,13.28,0.4117647058823529,0.75,0.398
11,91,0,2,0,7.0,94,1,1,1,1,1,0,1,3,1,0,1,0,Low,7.833333333333333,10.01,0.5833333333333334,1.0,0.5635
19,70,1,1,0,5.0,89,1,1,1,0,2,1,1,2,0,0,0,0,Low,4.45,13.3,0.25,0.75,0.5435
17,87,1,1,1,9.0,53,0,1,3,0,1,0,2,3,0,2,1,1,Medium,2.9444444444444446,14.79,0.5,0.75,0.3245
14,96,1,2,0,6.0,66,1,1,3,1,1,0,2,2,0,1,0,1,High,4.4,13.44,0.4,1.25,0.5265
19,75,1,2,0,8.0,77,1,1,1,0,0,0,2,4,0,0,1,1,Low,3.85,14.25,0.4,1.0,0.49550000000000005
23,91,2,1,0,5.0,53,0,1,3,1,2,1,0,3,0,0,0,0,High,2.2083333333333335,20.93,0.20833333333333334,1.25,0.3245
20,89,1,2,1,7.0,84,0,1,1,2,2,0,1,4,0,0,1,0,High,4.0,17.8,0.3333333333333333,1.5,0.3735
22,62,2,1,1,9.0,69,0,1,1,2,0,1,0,3,0,1,0,0,Low,3.0,13.64,0.391304347826087,1.5,0.31349999999999995
31,83,0,2,1,6.0,70,1,1,3,0,1,1,0,3,0,1,0,0,High,2.1875,25.73,0.1875,0.75,0.5425
18,65,1,2,1,8.0,63,1,1,1,1,1,0,2,3,0,0,2,0,Low,3.3157894736842106,11.7,0.42105263157894735,1.25,0.4395
22,99,1,1,1,5.0,67,2,1,1,1,2,1,0,3,0,1,0,0,High,2.9130434782608696,21.78,0.21739130434782608,1.0,0.6055
17,92,2,2,0,6.0,93,1,1,4,1,0,1,1,4,0,1,1,1,High,5.166666666666667,15.64,0.3333333333333333,1.5,0.672
15,64,2,0,1,7.0,89,0,1,0,0,1,0,0,2,0,0,0,0,Low,5.5625,9.6,0.4375,0.75,0.35600000000000004
16,65,2,0,1,8.0,97,2,1,2,0,1,0,0,4,1,0,0,1,Low,5.705882352941177,10.4,0.47058823529411764,0.75,0.7629999999999999
17,84,0,2,0,7.0,85,2,1,0,1,1,1,2,2,0,1,1,0,Medium,4.722222222222222,14.28,0.3888888888888889,1.0,0.64
22,74,2,0,1,8.0,79,0,1,3,1,1,0,1,1,0,0,0,1,Medium,3.4347826086956523,16.28,0.34782608695652173,1.0,0.42850000000000005
34,61,1,0,0,9.0,63,0,1,2,1,1,0,1,5,0,0,1,1,Low,1.8,20.74,0.2571428571428571,0.75,0.327
16,82,0,1,0,6.0,83,1,1,0,1,1,0,0,2,0,0,0,1,Low,4.882352941176471,13.12,0.35294117647058826,0.75,0.482
18,76,1,0,0,5.0,95,2,1,2,2,2,0,2,6,0,2,0,1,Medium,5.0,13.68,0.2631578947368421,1.0,0.7549999999999999
20,64,1,2,0,6.0,53,2,0,4,2,1,1,1,4,0,1,1,1,Low,2.5238095238095237,12.8,0.2857142857142857,1.25,0.662
22,92,2,2,0,9.0,72,0,1,1,0,2,0,1,4,1,2,0,0,High,3.130434782608696,20.24,0.391304347826087,1.25,0.32549999999999996
22,97,1,1,1,6.0,57,1,1,0,1,2,1,2,2,0,0,0,0,High,2.4782608695652173,21.34,0.2608695652173913,1.0,0.378
28,90,0,1,1,9.0,91,1,1,0,1,1,0,2,2,0,1,1,1,High,3.1379310344827585,25.2,0.3103448275862069,0.75,0.514
5,93,1,1,1,7.0,81,1,0,1,0,2,0,1,2,0,1,0,1,Low,13.5,4.65,1.1666666666666667,0.5,0.5115000000000001
6,69,2,1,1,10.0,94,1,0,1,1,1,1,1,4,0,2,0,1,Low,13.428571428571429,4.14,1.4285714285714286,1.0,0.5635
17,71,1,1,1,10.0,53,0,1,0,0,0,0,2,3,0,0,1,0,Low,2.9444444444444446,12.07,0.5555555555555556,0.75,0.21200000000000002
27,68,1,0,1,9.0,95,1,1,1,0,1,0,2,3,0,1,1,0,Medium,3.392857142857143,18.36,0.32142857142857145,0.5,0.5675
11,91,1,1,0,5.0,53,1,1,0,0,1,1,1,2,0,2,0,1,Low,4.416666666666667,10.01,0.4166666666666667,0.75,0.362
2,98,2,1,0,4.0,64,1,1,1,0,2,1,1,2,0,0,0,1,Low,21.333333333333332,1.96,1.3333333333333333,1.0,0.4435
23,89,2,2,1,7.0,58,1,1,2,1,2,1,2,3,0,2,1,0,High,2.4166666666666665,20.47,0.2916666666666667,1.5,0.457
21,95,1,2,1,8.0,57,0,0,1,0,1,0,2,3,0,0,0,0,Medium,2.590909090909091,19.95,0.36363636363636365,0.75,0.26549999999999996
13,86,1,2,0,8.0,59,1,1,3,1,1,0,1,3,0,0,0,0,Medium,4.214285714285714,11.18,0.5714285714285714,1.25,0.4985
14,76,2,1,0,6.0,74,0,1,0,2,1,1,2,2,1,1,2,0,Low,4.933333333333334,10.64,0.4,1.5,0.296
14,77,2,2,1,5.0,89,0,1,0,1,1,1,2,2,0,1,0,0,Medium,5.933333333333334,10.78,0.3333333333333333,1.5,0.35600000000000004
21,63,0,2,1,8.0,95,1,1,2,2,1,0,1,5,0,0,0,0,Low,4.318181818181818,13.23,0.36363636363636365,1.25,0.605
16,61,1,2,1,10.0,78,1,1,2,0,2,0,2,2,0,1,1,1,Low,4.588235294117647,9.76,0.5882352941176471,1.0,0.537
23,88,2,0,1,6.0,58,1,1,2,0,1,0,1,2,0,0,1,0,Medium,2.4166666666666665,20.24,0.25,0.75,0.457
3,78,1,1,0,8.0,54,2,1,2,2,1,0,2,4,0,0,1,0,Low,13.5,2.34,2.0,1.25,0.591
15,82,1,1,1,10.0,75,1,1,1,2,1,0,0,1,0,1,0,1,Low,4.6875,12.3,0.625,1.25,0.48750000000000004
13,82,1,1,1,7.0,88,1,1,0,0,1,0,1,2,0,0,0,1,Low,6.285714285714286,10.66,0.5,0.75,0.502
18,71,1,2,1,7.0,81,1,1,0,1,1,0,0,4,0,1,1,1,Low,4.2631578947368425,12.78,0.3684210526315789,1.25,0.4740000000000001
17,79,1,1,0,8.0,79,1,1,3,1,2,1,1,5,1,2,0,0,Medium,4.388888888888889,13.43,0.4444444444444444,1.0,0.5785
25,79,2,1,1,7.0,52,1,1,1,1,1,0,0,2,0,2,1,1,Medium,2.0,19.75,0.2692307692307692,1.25,0.39549999999999996
9,76,1,1,1,9.0,71,1,1,1,1,2,0,1,3,0,1,0,0,Low,7.1,6.84,0.9,1.0,0.4714999999999999
20,93,2,1,0,6.0,78,0,1,1,0,1,0,2,3,0,1,1,1,High,3.7142857142857144,18.6,0.2857142857142857,1.0,0.34950000000000003
23,78,2,2,0,7.0,80,1,1,0,0,1,1,1,2,0,0,0,1,Medium,3.3333333333333335,17.94,0.2916666666666667,1.25,0.4700000000000001
31,84,1,1,0,5.0,50,1,0,2,0,2,1,2,3,0,0,0,0,Medium,1.5625,26.04,0.15625,0.5,0.425
17,96,2,1,1,7.0,60,0,1,0,0,1,1,1,2,1,1,0,0,Medium,3.3333333333333335,16.32,0.3888888888888889,1.0,0.24
22,95,1,1,0,5.0,97,1,1,0,0,0,0,1,3,0,0,1,0,Medium,4.217391304347826,20.9,0.21739130434782608,0.75,0.538
9,96,1,0,1,8.0,75,0,1,1,0,2,1,2,4,1,0,0,1,Low,7.5,8.64,0.8,0.5,0.3375
6,71,1,2,1,5.0,85,1,1,1,0,1,0,2,2,0,0,1,0,Low,12.142857142857142,4.26,0.7142857142857143,1.0,0.5275
25,61,1,2,1,8.0,65,0,1,3,0,0,0,1,3,0,1,0,1,Low,2.5,15.25,0.3076923076923077,1.0,0.3725
20,70,0,1,1,6.0,79,0,1,4,1,1,0,2,4,0,2,0,0,Medium,3.761904761904762,14.0,0.2857142857142857,0.75,0.4660000000000001
27,71,1,2,1,10.0,68,1,1,1,0,1,0,0,2,0,0,1,0,Low,2.4285714285714284,19.17,0.35714285714285715,1.0,0.4595
12,96,1,1,0,9.0,65,1,1,2,2,2,1,1,4,1,2,0,1,Medium,5.0,11.52,0.6923076923076923,1.25,0.48500000000000004
23,86,1,1,1,8.0,71,2,1,3,1,1,0,1,4,0,1,0,1,High,2.9583333333333335,19.78,0.3333333333333333,1.0,0.6964999999999999
31,63,2,2,0,5.0,73,1,1,1,2,0,0,2,2,0,0,0,1,Medium,2.28125,19.53,0.15625,1.75,0.4794999999999999
23,65,2,1,0,6.0,67,2,0,3,1,1,1,0,5,0,0,1,0,Low,2.7916666666666665,14.95,0.25,1.0,0.6805000000000001
22,66,1,1,0,6.0,63,2,1,1,0,1,1,1,5,0,2,2,0,Low,2.739130434782609,14.52,0.2608695652173913,0.75,0.5895
20,85,1,0,0,6.0,81,0,1,1,2,2,1,2,3,0,1,0,0,Medium,3.857142857142857,17.0,0.2857142857142857,1.0,0.36150000000000004
11,89,0,2,0,9.0,69,0,1,1,0,0,0,1,3,0,0,0,0,Low,5.75,9.79,0.75,0.75,0.31349999999999995
28,94,1,2,0,7.0,60,0,1,1,0,1,0,2,3,0,0,0,0,High,2.0689655172413794,26.32,0.2413793103448276,1.0,0.27749999999999997
16,98,2,1,0,6.0,88,1,1,1,0,1,0,1,3,0,2,1,1,High,5.176470588235294,15.68,0.35294117647058826,1.0,0.5395
23,68,2,1,1,6.0,86,1,1,0,1,1,0,2,2,0,2,0,0,Medium,3.5833333333333335,15.64,0.25,1.25,0.494
11,72,1,1,1,6.0,94,0,1,2,1,1,0,2,3,0,0,1,0,Low,7.833333333333333,7.92,0.5,1.0,0.451
13,70,1,2,1,8.0,78,1,1,0,0,1,1,0,3,1,0,0,0,Low,5.571428571428571,9.1,0.5714285714285714,1.0,0.4620000000000001
29,74,1,0,0,5.0,64,1,1,2,1,1,0,1,1,0,1,1,0,Low,2.1333333333333333,21.46,0.16666666666666666,0.75,0.48100000000000004
18,97,1,2,1,7.0,93,1,1,5,2,1,0,2,4,0,1,0,1,High,4.894736842105263,17.46,0.3684210526315789,1.5,0.7095
29,83,2,2,1,8.0,64,1,1,2,1,2,0,1,1,0,0,2,0,High,2.1333333333333333,24.07,0.26666666666666666,1.5,0.48100000000000004
20,90,1,1,1,4.0,83,2,1,1,0,0,0,2,3,0,1,0,0,Medium,3.9523809523809526,18.0,0.19047619047619047,0.75,0.6695
9,80,2,0,0,5.0,60,1,1,2,0,1,1,1,3,0,0,0,0,Low,6.0,7.2,0.5,0.75,0.465
25,61,1,1,0,7.0,81,2,1,0,1,1,0,2,4,0,0,1,1,Low,3.1153846153846154,15.25,0.2692307692307692,1.0,0.6240000000000001
16,63,1,0,0,9.0,92,1,1,0,0,1,1,2,3,0,1,1,1,Low,5.411764705882353,10.08,0.5294117647058824,0.5,0.518
24,82,1,1,0,9.0,77,1,1,3,1,1,0,2,2,0,0,0,1,Medium,3.08,19.68,0.36,1.0,0.5705
20,89,0,0,1,6.0,74,0,1,1,1,0,1,2,3,0,2,2,0,Low,3.5238095238095237,17.8,0.2857142857142857,0.5,0.33349999999999996
11,69,2,1,1,9.0,100,0,1,1,0,1,0,1,5,0,0,0,0,Low,8.333333333333334,7.59,0.75,1.0,0.4375
21,89,2,1,1,7.0,51,0,1,1,1,1,0,2,4,0,0,0,1,Medium,2.3181818181818183,18.69,0.3181818181818182,1.25,0.24150000000000002
33,92,2,2,1,7.0,67,0,1,6,2,1,0,2,5,0,0,0,1,High,1.9705882352941178,30.36,0.20588235294117646,1.75,0.493
23,76,0,2,1,7.0,96,0,1,2,1,1,1,1,4,0,0,0,1,Medium,4.0,17.48,0.2916666666666667,1.0,0.459
20,90,2,2,0,8.0,82,1,1,2,2,1,1,0,4,1,0,1,1,High,3.9047619047619047,18.0,0.38095238095238093,1.75,0.5529999999999999
26,76,0,1,1,6.0,77,1,1,1,1,1,1,1,5,0,0,0,0,Medium,2.8518518518518516,19.76,0.2222222222222222,0.75,0.49550000000000005
21,87,0,0,1,6.0,82,1,1,0,1,2,0,1,5,0,2,0,1,Medium,3.727272727272727,18.27,0.2727272727272727,0.5,0.478
21,91,1,1,0,5.0,66,0,1,1,2,1,0,2,3,0,1,0,1,Medium,3.0,19.11,0.22727272727272727,1.25,0.3015
13,100,1,0,1,8.0,54,1,1,0,1,2,0,2,3,0,1,0,1,Medium,3.857142857142857,13.0,0.5714285714285714,0.75,0.366
21,74,2,0,1,8.0,64,1,1,3,0,0,0,1,1,0,1,2,0,High,2.909090909090909,15.54,0.36363636363636365,0.75,0.5185
26,76,1,1,1,8.0,67,2,1,1,0,1,0,0,3,0,0,1,0,Medium,2.4814814814814814,19.76,0.2962962962962963,0.75,0.6055
15,67,0,1,1,5.0,74,1,1,1,2,2,0,2,2,0,2,0,0,Low,4.625,10.05,0.3125,1.0,0.48349999999999993
29,68,1,0,0,6.0,70,0,1,0,1,1,0,0,2,0,2,0,0,Low,2.3333333333333335,19.72,0.2,0.75,0.27999999999999997
19,88,1,1,1,9.0,76,0,1,1,1,2,0,2,3,0,0,2,0,Medium,3.8,16.72,0.45,1.0,0.3415
15,97,0,1,0,7.0,60,0,1,4,1,1,0,0,3,0,0,0,1,Medium,3.75,14.55,0.4375,0.75,0.39
26,76,1,1,0,7.0,59,0,1,0,1,1,0,1,1,1,2,0,0,Low,2.185185185185185,19.76,0.25925925925925924,1.0,0.236
18,67,2,2,1,7.0,68,1,1,0,1,1,0,2,4,0,0,0,0,Low,3.5789473684210527,12.06,0.3684210526315789,1.5,0.42200000000000004
25,71,1,0,1,8.0,74,0,1,4,1,1,0,2,4,1,2,0,0,Medium,2.8461538461538463,17.75,0.3076923076923077,0.75,0.44599999999999995
18,78,2,1,0,7.0,67,0,0,0,2,1,0,0,3,0,1,1,0,Low,3.526315789473684,14.04,0.3684210526315789,1.25,0.268
20,72,1,0,1,6.0,79,1,1,1,0,1,1,2,4,0,2,0,1,Low,3.761904761904762,14.4,0.2857142857142857,0.5,0.5035000000000001
23,69,1,0,1,8.0,66,0,0,1,1,1,0,2,3,0,1,2,0,Low,2.75,15.87,0.3333333333333333,0.5,0.3015
22,89,1,2,0,5.0,59,2,1,5,1,1,1,2,4,1,0,0,0,High,2.5652173913043477,19.58,0.21739130434782608,1.25,0.7235
8,60,2,1,1,9.0,93,2,1,0,0,2,0,1,3,0,2,0,1,Low,10.333333333333334,4.8,1.0,1.0,0.672
13,82,1,2,0,6.0,60,1,1,1,0,0,0,2,4,0,1,2,1,Low,4.285714285714286,10.66,0.42857142857142855,1.0,0.4275
26,92,0,1,1,8.0,98,1,1,2,1,1,0,1,3,0,2,1,0,High,3.6296296296296298,23.92,0.2962962962962963,0.75,0.617
19,71,2,1,1,7.0,99,0,1,0,0,2,0,0,4,0,0,1,1,Low,4.95,13.49,0.35,1.0,0.396
17,84,0,2,0,6.0,85,1,1,1,1,0,0,2,2,0,1,0,1,Medium,4.722222222222222,14.28,0.3333333333333333,1.0,0.5275
12,87,2,2,1,9.0,75,1,0,1,0,1,1,1,3,1,1,1,1,Low,5.769230769230769,10.44,0.6923076923076923,1.0,0.48750000000000004
14,86,0,0,1,8.0,90,0,1,0,0,1,1,1,1,0,0,0,0,Low,6.0,12.04,0.5333333333333333,0.25,0.36000000000000004
8,78,2,2,0,7.0,94,0,1,1,2,2,0,1,3,1,0,0,1,Low,10.444444444444445,6.24,0.7777777777777778,1.75,0.4135
19,74,1,1,1,10.0,85,1,1,1,0,1,0,2,5,0,2,1,0,Medium,4.25,14.06,0.5,0.75,0.5275
16,93,1,1,1,8.0,55,0,1,0,2,1,0,1,4,0,0,1,0,Medium,3.235294117647059,14.88,0.47058823529411764,1.25,0.22000000000000003
14,90,0,1,1,6.0,50,1,1,0,1,2,1,2,3,0,1,1,0,Low,3.3333333333333335,12.6,0.4,0.75,0.35
20,73,1,2,1,4.0,60,1,1,1,0,1,1,2,3,1,0,1,0,Low,2.857142857142857,14.6,0.19047619047619047,1.0,0.4275
22,64,2,0,0,7.0,59,2,1,0,1,2,1,2,5,1,0,0,1,Low,2.5652173913043477,14.08,0.30434782608695654,1.0,0.536
33,63,2,2,1,9.0,59,1,1,1,1,1,0,2,4,0,0,0,0,Medium,1.7352941176470589,20.79,0.2647058823529412,1.5,0.4235
11,64,1,1,0,8.0,75,0,1,1,2,1,1,2,3,0,0,1,0,Low,6.25,7.04,0.6666666666666666,1.25,0.3375
27,83,1,1,1,9.0,76,1,1,1,0,2,0,2,4,0,0,0,0,High,2.7142857142857144,22.41,0.32142857142857145,0.75,0.49150000000000005
26,62,0,2,0,6.0,86,1,1,2,1,1,0,2,3,0,0,0,0,Low,3.185185185185185,16.12,0.2222222222222222,1.0,0.569
15,73,1,1,1,7.0,60,2,1,3,1,1,0,1,4,0,1,0,1,Low,3.75,10.95,0.4375,1.0,0.6525000000000001
21,90,1,0,0,7.0,55,1,1,2,1,1,0,1,2,0,1,0,1,Medium,2.5,18.9,0.3181818181818182,0.75,0.445
17,72,0,1,0,7.0,83,0,1,3,1,2,0,0,3,1,0,2,1,Low,4.611111111111111,12.24,0.3888888888888889,0.75,0.4445
21,91,1,2,1,8.0,74,0,1,0,1,1,0,0,2,0,2,0,1,High,3.3636363636363638,19.11,0.36363636363636365,1.25,0.296
29,90,1,1,1,9.0,83,1,1,0,1,2,1,2,3,0,0,0,1,High,2.7666666666666666,26.1,0.3,1.0,0.482
24,70,0,0,1,10.0,69,2,1,1,2,1,0,0,2,0,0,1,1,Low,2.76,16.8,0.4,0.75,0.6134999999999999
23,89,0,1,0,9.0,88,2,1,1,2,1,0,1,5,0,2,0,0,High,3.6666666666666665,20.47,0.375,1.0,0.6895
17,90,1,2,0,8.0,84,1,1,1,0,0,0,0,4,0,0,2,1,Medium,4.666666666666667,15.3,0.4444444444444444,1.0,0.5235
11,76,0,1,0,6.0,83,2,1,3,1,1,0,2,1,0,0,0,1,Low,6.916666666666667,8.36,0.5,0.75,0.7444999999999999
19,68,2,2,0,7.0,51,1,0,1,2,1,0,2,1,0,0,1,1,Low,2.55,12.92,0.35,1.5,0.39149999999999996
27,81,1,2,1,8.0,93,1,1,0,2,2,0,1,3,0,1,0,1,High,3.3214285714285716,21.87,0.2857142857142857,1.5,0.522
11,97,0,0,1,7.0,69,1,1,3,0,1,0,2,2,0,0,0,1,Low,5.75,10.67,0.5833333333333334,0.25,0.5385
14,86,2,1,0,6.0,57,1,1,3,2,2,1,1,2,0,1,0,1,Medium,3.8,12.04,0.4,1.5,0.4905
21,67,1,1,1,6.0,88,1,1,1,0,1,1,2,5,0,2,0,1,High,4.0,14.07,0.2727272727272727,0.75,0.5395
14,87,1,0,1,8.0,74,1,1,0,1,2,0,1,3,1,1,1,0,Low,4.933333333333334,12.18,0.5333333333333333,0.75,0.44599999999999995
15,77,1,1,1,7.0,52,1,1,1,1,1,0,1,2,0,1,0,0,Low,3.25,11.55,0.4375,1.0,0.39549999999999996
17,84,0,2,1,7.0,89,1,1,2,2,1,0,2,2,0,0,1,0,Medium,4.944444444444445,14.28,0.3888888888888889,1.25,0.581
12,89,1,0,1,7.0,72,1,1,1,2,2,0,1,5,0,1,0,0,Medium,5.538461538461538,10.68,0.5384615384615384,1.0,0.4754999999999999
14,81,1,1,0,6.0,88,1,1,1,2,1,0,2,3,0,2,1,1,Medium,5.866666666666666,11.34,0.4,1.25,0.5395
24,93,2,1,1,7.0,88,0,1,1,1,2,0,0,3,0,0,1,1,High,3.52,22.32,0.28,1.25,0.3895
12,89,1,0,1,6.0,55,0,1,1,0,2,0,0,3,0,0,0,1,Low,4.230769230769231,10.68,0.46153846153846156,0.5,0.2575
10,85,1,1,1,6.0,81,1,1,3,0,1,0,1,3,0,0,0,1,Low,7.363636363636363,8.5,0.5454545454545454,0.75,0.5865
16,66,2,2,0,5.0,68,2,0,2,0,1,0,2,5,0,2,1,0,Low,4.0,10.56,0.29411764705882354,1.0,0.647
24,93,1,0,1,7.0,77,1,1,0,0,1,1,0,3,0,0,0,1,Medium,3.08,22.32,0.28,0.5,0.4580000000000001
19,97,1,0,1,8.0,54,1,1,0,2,1,0,1,2,0,0,0,0,Medium,2.7,18.43,0.4,1.0,0.366
17,65,1,2,0,9.0,79,1,1,0,1,1,0,2,2,1,0,1,0,Low,4.388888888888889,11.05,0.5,1.25,0.4660000000000001
20,80,0,1,1,5.0,89,1,1,0,2,2,0,1,3,0,2,2,0,Medium,4.238095238095238,16.0,0.23809523809523808,1.0,0.506
10,70,2,2,1,9.0,99,1,1,1,1,1,0,1,4,0,0,1,1,Low,9.0,7.0,0.8181818181818182,1.5,0.5835
23,90,2,1,1,7.0,66,0,1,2,2,2,0,1,3,0,0,0,1,High,2.75,20.7,0.2916666666666667,1.5,0.339
22,89,1,2,1,5.0,58,1,1,4,2,2,0,1,2,1,1,0,1,High,2.5217391304347827,19.58,0.21739130434782608,1.5,0.532
18,66,2,1,1,6.0,68,0,0,1,1,2,0,2,3,1,0,2,0,Low,3.5789473684210527,11.88,0.3157894736842105,1.0,0.3095
26,95,1,1,0,4.0,51,1,1,1,0,1,0,2,2,0,0,0,0,High,1.8888888888888888,24.7,0.14814814814814814,0.75,0.39149999999999996
13,67,1,0,1,5.0,70,1,1,0,0,2,1,0,2,0,0,0,0,Low,5.0,8.71,0.35714285714285715,0.5,0.42999999999999994
27,92,0,1,0,10.0,96,1,1,0,0,1,0,1,2,0,2,2,0,High,3.4285714285714284,24.84,0.35714285714285715,0.5,0.534
21,78,1,2,0,6.0,60,2,1,1,0,2,1,1,2,0,1,0,1,Medium,2.727272727272727,16.38,0.2727272727272727,1.0,0.5775
18,73,1,1,1,8.0,74,0,0,3,1,2,1,1,2,0,2,0,0,Low,3.8947368421052633,13.14,0.42105263157894735,0.75,0.4085
20,66,0,0,1,7.0,79,1,1,2,1,1,1,2,2,0,0,1,1,Low,3.761904761904762,13.2,0.3333333333333333,0.5,0.541
19,67,1,1,0,7.0,59,0,1,3,0,2,1,2,3,0,2,0,1,Low,2.95,12.73,0.35,0.75,0.3485
27,86,2,1,1,8.0,67,2,1,5,2,2,0,2,2,1,2,0,1,High,2.392857142857143,23.22,0.2857142857142857,1.5,0.7555000000000001
14,82,2,1,0,4.0,96,0,1,2,2,1,1,0,4,1,0,0,0,Low,6.4,11.48,0.26666666666666666,1.5,0.459
15,65,1,1,0,9.0,65,1,1,1,0,1,0,1,2,0,1,0,1,Low,4.0625,9.75,0.5625,0.75,0.4475
26,65,1,1,1,7.0,82,0,1,1,0,1,0,2,1,0,2,2,0,Low,3.037037037037037,16.9,0.25925925925925924,0.75,0.3655
16,63,0,1,1,6.0,57,1,1,2,0,0,0,1,3,0,2,0,0,Low,3.3529411764705883,10.08,0.35294117647058826,0.5,0.453
25,90,2,2,1,8.0,83,1,1,2,1,1,0,0,3,0,1,0,0,High,3.1923076923076925,22.5,0.3076923076923077,1.5,0.5569999999999999
30,88,2,1,1,6.0,64,1,1,1,2,1,0,1,2,0,1,0,1,High,2.064516129032258,26.4,0.1935483870967742,1.5,0.4435
18,62,1,1,1,7.0,62,1,1,1,1,1,0,2,5,0,1,1,0,Low,3.263157894736842,11.16,0.3684210526315789,1.0,0.4355
24,82,0,1,0,7.0,56,1,1,1,1,1,0,2,3,0,2,1,0,Medium,2.24,19.68,0.28,0.75,0.4115
13,63,1,2,1,8.0,52,1,1,2,0,1,0,2,4,0,0,0,0,Low,3.7142857142857144,8.19,0.5714285714285714,1.0,0.433
25,96,0,0,0,7.0,98,1,1,1,1,1,1,1,3,0,1,0,0,High,3.769230769230769,24.0,0.2692307692307692,0.5,0.5795
21,96,1,1,1,5.0,71,1,1,2,0,2,0,0,4,0,0,1,0,High,3.227272727272727,20.16,0.22727272727272727,0.75,0.5089999999999999
23,88,1,1,0,8.0,89,1,1,0,1,2,1,2,5,0,0,0,1,High,3.7083333333333335,20.24,0.3333333333333333,1.0,0.506
16,97,1,1,0,7.0,96,0,0,4,0,2,1,1,2,0,0,0,1,Medium,5.647058823529412,15.52,0.4117647058823529,0.5,0.534
10,92,1,1,0,4.0,60,2,1,3,0,0,0,2,2,0,1,0,1,Low,5.454545454545454,9.2,0.36363636363636365,0.75,0.6525000000000001
23,93,0,2,1,7.0,93,2,1,1,1,2,0,0,3,0,0,0,1,High,3.875,21.39,0.2916666666666667,1.0,0.7095
8,83,2,0,1,6.0,85,0,1,1,0,2,0,1,3,0,0,2,1,Low,9.444444444444445,6.64,0.6666666666666666,0.75,0.3775
18,72,0,1,1,8.0,79,1,1,1,1,2,0,2,4,0,0,1,0,Low,4.157894736842105,12.96,0.42105263157894735,0.75,0.5035000000000001
26,69,2,2,1,6.0,90,1,1,3,1,1,0,2,3,0,1,1,1,High,3.3333333333333335,17.94,0.2222222222222222,1.5,0.6225
21,73,1,1,0,5.0,56,1,1,5,2,1,1,1,3,0,0,1,0,Low,2.5454545454545454,15.33,0.22727272727272727,1.25,0.5615
32,85,1,0,1,9.0,63,0,0,2,2,1,0,1,3,0,0,1,0,Medium,1.9090909090909092,27.2,0.2727272727272727,0.75,0.327
26,67,0,1,0,8.0,57,1,1,0,1,1,0,0,4,0,1,2,1,Low,2.111111111111111,17.42,0.2962962962962963,0.75,0.378
16,70,2,2,0,7.0,95,2,0,1,1,1,0,1,3,0,0,0,1,Low,5.588235294117647,11.2,0.4117647058823529,1.25,0.7174999999999999
20,79,1,0,1,8.0,55,0,1,3,0,1,1,2,4,0,0,0,1,Low,2.619047619047619,15.8,0.38095238095238093,0.5,0.3325
20,69,1,0,1,8.0,99,2,1,1,1,2,0,0,3,1,0,1,1,Low,4.714285714285714,13.8,0.38095238095238093,0.75,0.7334999999999999
11,84,0,1,1,7.0,55,2,1,0,1,2,0,0,3,0,0,0,0,Low,4.583333333333333,9.24,0.5833333333333334,0.75,0.52
14,97,1,1,1,5.0,83,1,1,0,0,1,0,2,2,0,0,0,1,Medium,5.533333333333333,13.58,0.3333333333333333,0.75,0.482
17,90,1,1,0,7.0,83,0,1,5,1,2,0,0,3,1,0,0,0,Medium,4.611111111111111,15.3,0.3888888888888889,1.0,0.5195000000000001
8,87,2,2,0,9.0,97,0,1,2,0,1,0,2,3,0,0,0,0,Medium,10.777777777777779,6.96,1.0,1.25,0.463
20,83,2,0,1,8.0,66,1,1,1,2,1,1,1,3,1,1,0,1,Medium,3.142857142857143,16.6,0.38095238095238093,1.25,0.4515
19,80,2,2,1,7.0,67,1,1,2,0,2,0,1,2,1,2,0,1,Medium,3.35,15.2,0.35,1.25,0.49300000000000005
10,67,2,1,1,8.0,92,1,1,1,1,2,0,0,4,0,2,0,0,Low,8.363636363636363,6.7,0.7272727272727273,1.25,0.5555
22,96,0,2,1,7.0,99,2,1,4,0,1,0,2,4,0,1,1,0,High,4.304347826086956,21.12,0.30434782608695654,0.75,0.846
24,70,1,2,1,9.0,52,2,1,1,0,1,0,2,2,0,2,1,0,High,2.08,16.8,0.36,1.0,0.5455
21,64,1,1,0,9.0,82,1,1,2,0,1,0,1,3,0,1,1,0,Low,3.727272727272727,13.44,0.4090909090909091,0.75,0.5529999999999999
18,90,0,1,1,5.0,62,2,1,3,1,1,1,1,2,0,0,1,1,Medium,3.263157894736842,16.2,0.2631578947368421,0.75,0.6605000000000001
24,67,2,2,1,9.0,86,1,1,2,1,1,0,0,2,0,1,0,1,Medium,3.44,16.08,0.36,1.5,0.569
24,75,0,1,1,10.0,89,0,1,0,1,2,1,2,3,0,1,0,1,Medium,3.56,18.0,0.4,0.75,0.35600000000000004
22,61,2,1,0,8.0,88,0,1,1,1,2,0,1,4,0,0,0,1,Low,3.8260869565217392,13.42,0.34782608695652173,1.25,0.3895
15,65,2,2,1,8.0,72,0,1,2,0,1,1,1,2,1,2,2,0,Low,4.5,9.75,0.5,1.25,0.363
22,67,1,1,1,6.0,58,1,1,1,0,1,0,1,2,0,2,0,0,Low,2.5217391304347827,14.74,0.2608695652173913,0.75,0.4195
27,62,0,0,1,6.0,79,1,1,0,0,1,1,0,3,0,1,1,0,Low,2.8214285714285716,16.74,0.21428571428571427,0.25,0.4660000000000001
16,86,0,2,1,7.0,89,0,1,1,1,0,0,2,2,0,2,0,1,Medium,5.235294117647059,13.76,0.4117647058823529,1.0,0.3935
33,93,1,1,1,6.0,96,2,1,0,0,1,1,2,4,0,2,2,1,High,2.823529411764706,30.69,0.17647058823529413,0.75,0.6839999999999999
17,75,1,0,0,5.0,73,2,1,0,0,1,1,1,4,0,0,0,1,Low,4.055555555555555,12.75,0.2777777777777778,0.5,0.592
20,95,1,0,1,7.0,62,0,1,2,0,1,0,1,4,0,1,1,0,Medium,2.9523809523809526,19.0,0.3333333333333333,0.5,0.323
16,69,1,1,0,8.0,56,0,1,2,1,1,1,1,3,0,2,0,0,Low,3.2941176470588234,11.04,0.47058823529411764,1.0,0.29900000000000004
21,73,2,2,0,5.0,90,1,1,0,1,1,0,1,2,0,1,0,1,Medium,4.090909090909091,15.33,0.22727272727272727,1.5,0.51
10,66,1,2,0,7.0,77,1,1,0,1,2,0,2,2,0,0,0,0,Low,7.0,6.6,0.6363636363636364,1.25,0.4580000000000001
17,85,0,1,1,7.0,84,1,1,3,1,1,0,2,2,0,1,2,1,Medium,4.666666666666667,14.45,0.3888888888888889,0.75,0.5985
13,77,2,2,0,7.0,58,1,1,2,0,1,0,2,3,0,0,0,0,Low,4.142857142857143,10.01,0.5,1.25,0.457
21,85,1,1,0,8.0,50,0,1,1,1,2,1,1,2,0,0,2,0,Low,2.272727272727273,17.85,0.36363636363636365,1.0,0.23750000000000002
26,90,1,1,1,8.0,98,1,1,0,0,0,1,0,3,1,2,1,1,Medium,3.6296296296296298,23.4,0.2962962962962963,0.75,0.542
24,82,2,1,0,6.0,91,1,1,2,2,1,0,2,1,0,0,0,0,High,3.64,19.68,0.24,1.5,0.589
6,85,2,1,1,9.0,70,2,1,0,0,1,0,2,3,1,2,0,1,Low,10.0,5.1,1.2857142857142858,1.0,0.58
32,97,2,1,1,8.0,73,1,1,0,2,1,0,0,3,0,1,0,1,High,2.212121212121212,31.04,0.24242424242424243,1.5,0.44199999999999995
22,72,0,0,1,9.0,96,2,1,1,0,1,1,2,3,0,1,0,0,Low,4.173913043478261,15.84,0.391304347826087,0.25,0.7214999999999999
15,74,1,0,0,7.0,60,0,1,2,1,1,0,2,3,0,0,2,1,Low,3.75,11.1,0.4375,0.75,0.315
21,89,0,1,0,7.0,90,0,1,4,2,1,0,1,5,0,2,2,0,High,4.090909090909091,18.69,0.3181818181818182,1.0,0.51
21,84,2,2,0,7.0,51,1,1,0,1,1,0,2,3,0,0,1,0,Medium,2.3181818181818183,17.64,0.3181818181818182,1.5,0.354
16,67,1,2,1,9.0,94,2,1,1,1,1,1,1,2,0,2,0,1,Low,5.529411764705882,10.72,0.5294117647058824,1.25,0.7134999999999999
21,75,0,2,1,7.0,79,1,1,0,0,1,0,1,2,0,0,0,0,Low,3.590909090909091,15.75,0.3181818181818182,0.75,0.4660000000000001
16,79,2,1,1,7.0,74,2,1,3,1,1,1,2,2,0,2,2,0,Medium,4.352941176470588,12.64,0.4117647058823529,1.25,0.7084999999999999
18,77,2,1,0,10.0,85,0,1,2,1,1,0,2,3,0,2,0,1,Medium,4.473684210526316,13.86,0.5263157894736842,1.25,0.41500000000000004
16,67,1,1,1,5.0,53,0,1,2,1,1,1,2,3,0,0,1,0,Low,3.1176470588235294,10.72,0.29411764705882354,1.0,0.28700000000000003
11,97,0,1,1,8.0,60,0,1,2,0,1,0,2,3,0,1,0,1,Low,5.0,10.67,0.6666666666666666,0.5,0.315
21,90,1,0,0,7.0,70,1,1,2,0,1,0,0,2,0,2,0,1,Medium,3.1818181818181817,18.9,0.3181818181818182,0.5,0.5049999999999999
24,79,2,1,0,7.0,81,2,1,0,2,1,0,2,2,0,0,1,0,Medium,3.24,18.96,0.28,1.5,0.6240000000000001
23,87,1,0,0,6.0,57,1,1,2,2,1,0,2,3,1,0,0,0,Medium,2.375,20.01,0.25,1.0,0.453
25,96,0,2,1,6.0,69,0,1,3,2,1,0,2,2,0,2,0,0,High,2.6538461538461537,24.0,0.23076923076923078,1.25,0.38849999999999996
22,65,0,1,0,6.0,63,1,0,2,1,1,0,1,3,0,0,2,0,Low,2.739130434782609,14.3,0.2608695652173913,0.5,0.47700000000000004
17,70,2,1,0,8.0,82,0,1,2,2,2,0,0,2,1,0,1,1,Low,4.555555555555555,11.9,0.4444444444444444,1.5,0.403
25,82,1,1,0,8.0,96,1,1,1,0,1,1,2,2,0,0,1,1,Medium,3.6923076923076925,20.5,0.3076923076923077,0.75,0.5715
12,92,2,1,0,4.0,58,0,1,2,1,1,0,2,2,1,1,1,0,Low,4.461538461538462,11.04,0.3076923076923077,1.25,0.307
15,61,1,1,0,5.0,59,2,1,0,0,2,0,1,4,0,0,0,1,Low,3.6875,9.15,0.3125,0.75,0.536
14,99,1,1,1,8.0,80,2,1,3,1,0,1,1,4,0,1,0,1,High,5.333333333333333,13.86,0.5333333333333333,1.0,0.7325000000000002
26,78,2,2,1,8.0,73,1,0,2,0,1,1,2,4,0,1,0,1,High,2.7037037037037037,20.28,0.2962962962962963,1.0,0.5169999999999999
26,74,1,1,0,5.0,86,0,1,2,0,2,0,2,4,0,1,0,1,Medium,3.185185185185185,19.24,0.18518518518518517,0.75,0.41900000000000004
23,72,1,1,1,8.0,64,0,1,1,0,1,0,1,4,0,2,0,1,Low,2.6666666666666665,16.56,0.3333333333333333,0.75,0.2935
26,67,0,1,1,7.0,77,0,1,2,0,2,1,1,3,1,0,1,0,Low,2.8518518518518516,17.42,0.25925925925925924,0.5,0.38300000000000006
15,92,0,1,0,8.0,69,1,1,1,2,1,1,1,4,0,2,0,0,Medium,4.3125,13.8,0.5,1.0,0.4634999999999999
22,98,2,1,1,6.0,64,0,1,0,1,2,0,2,3,0,0,1,1,High,2.782608695652174,21.56,0.2608695652173913,1.25,0.256
19,77,2,1,1,5.0,86,2,1,0,1,0,0,0,4,1,0,0,0,Low,4.3,14.63,0.25,1.25,0.644
25,98,1,1,1,7.0,90,2,1,1,2,0,0,1,4,0,2,0,0,High,3.4615384615384617,24.5,0.2692307692307692,1.25,0.6975
19,93,0,2,1,7.0,66,0,1,1,1,1,1,1,3,0,0,0,1,Medium,3.3,17.67,0.35,1.0,0.3015
18,79,1,1,0,7.0,81,1,0,1,1,2,1,2,4,0,1,1,1,Low,4.2631578947368425,14.22,0.3684210526315789,0.75,0.5115000000000001
23,87,2,0,0,6.0,59,1,1,4,1,2,0,1,2,0,0,0,0,High,2.4583333333333335,20.01,0.25,1.0,0.536
25,77,1,1,0,10.0,90,1,1,1,0,1,0,1,3,0,0,0,0,Medium,3.4615384615384617,19.25,0.38461538461538464,0.75,0.5475
16,82,2,0,0,4.0,64,0,1,1,1,1,1,1,2,0,2,1,0,Low,3.764705882352941,13.12,0.23529411764705882,1.0,0.2935
20,62,1,1,1,6.0,59,0,1,3,1,1,0,2,4,0,0,0,0,Low,2.8095238095238093,12.4,0.2857142857142857,1.0,0.3485
14,88,2,1,1,6.0,97,1,1,0,0,1,0,2,3,0,1,0,0,Medium,6.466666666666667,12.32,0.4,1.0,0.538
5,62,2,2,0,7.0,71,0,1,1,0,1,1,2,4,0,1,2,0,Low,11.833333333333334,3.1,1.1666666666666667,1.25,0.32149999999999995
21,93,0,1,0,8.0,82,1,1,2,1,2,1,1,4,0,1,0,0,High,3.727272727272727,19.53,0.36363636363636365,0.75,0.5529999999999999
24,93,2,0,1,8.0,90,2,1,0,2,1,1,0,2,0,1,0,0,High,3.6,22.32,0.32,1.25,0.66
22,69,0,1,0,9.0,84,1,1,0,1,1,0,1,3,0,1,1,0,Low,3.652173913043478,15.18,0.391304347826087,0.75,0.486
8,73,1,2,0,8.0,78,2,1,0,1,2,1,0,3,0,0,0,0,Low,8.666666666666666,5.84,0.8888888888888888,1.25,0.6120000000000001
18,79,1,1,1,4.0,69,1,1,2,2,0,1,2,3,0,1,0,0,Medium,3.6315789473684212,14.22,0.21052631578947367,1.25,0.5009999999999999
7,84,1,1,1,5.0,96,1,0,1,0,0,0,2,3,1,0,0,0,Low,12.0,5.88,0.625,0.5,0.5715
28,71,1,1,1,9.0,57,2,1,1,0,2,0,1,4,0,2,0,1,Medium,1.9655172413793103,19.88,0.3103448275862069,0.75,0.5655
13,84,1,1,1,9.0,94,1,1,3,1,1,0,0,2,1,0,0,0,Low,6.714285714285714,10.92,0.6428571428571429,1.0,0.6385000000000001
28,72,0,0,0,8.0,85,2,1,4,0,1,1,0,2,0,0,0,1,Low,2.9310344827586206,20.16,0.27586206896551724,0.25,0.79
26,62,0,1,0,6.0,79,1,1,1,0,1,0,2,3,1,1,0,1,Low,2.925925925925926,16.12,0.2222222222222222,0.5,0.5035000000000001
15,60,1,1,0,7.0,66,2,1,2,2,1,0,1,4,0,0,0,0,Low,4.125,9.0,0.4375,1.25,0.639
13,64,1,2,0,6.0,57,0,1,1,0,0,0,1,3,1,0,1,1,Low,4.071428571428571,8.32,0.42857142857142855,1.0,0.26549999999999996
22,92,1,0,0,5.0,72,0,1,0,1,1,1,0,4,0,1,1,0,Medium,3.130434782608696,20.24,0.21739130434782608,0.75,0.288
15,98,1,1,1,7.0,89,0,0,2,0,0,0,1,3,0,1,1,0,Medium,5.5625,14.7,0.4375,0.5,0.43100000000000005
21,77,2,1,0,10.0,87,0,1,1,0,1,0,1,3,0,1,0,0,Medium,3.9545454545454546,16.17,0.45454545454545453,1.0,0.3855
17,81,1,1,0,6.0,82,1,1,3,0,1,1,1,4,0,1,0,0,Medium,4.555555555555555,13.77,0.3333333333333333,0.75,0.5905
9,66,0,1,0,9.0,100,0,1,3,1,1,0,1,3,0,1,0,0,Low,10.0,5.94,0.9,0.75,0.5125
7,82,1,2,1,6.0,99,1,1,2,1,2,0,0,2,0,2,1,0,Low,12.375,5.74,0.75,1.25,0.621
21,66,1,1,1,5.0,70,1,1,1,0,2,1,2,5,0,0,0,1,Low,3.1818181818181817,13.86,0.22727272727272727,0.75,0.4674999999999999
17,84,1,2,1,8.0,60,1,1,0,0,0,1,2,5,0,1,0,1,Medium,3.3333333333333335,14.28,0.4444444444444444,1.0,0.39
17,97,1,0,0,7.0,73,2,0,1,1,2,1,1,4,0,1,0,0,Medium,4.055555555555555,16.49,0.3888888888888889,0.5,0.6295
24,68,1,2,1,9.0,92,0,1,1,0,2,0,2,2,0,0,0,0,Medium,3.68,16.32,0.36,1.0,0.4055
27,91,0,1,1,9.0,73,0,1,0,0,1,1,1,3,0,1,0,0,Medium,2.607142857142857,24.57,0.32142857142857145,0.5,0.292
18,61,1,0,0,7.0,67,0,1,2,2,1,0,2,4,0,0,0,0,Low,3.526315789473684,10.98,0.3684210526315789,1.0,0.343
18,75,1,1,1,9.0,87,0,1,3,0,1,0,0,3,0,2,0,1,Medium,4.578947368421052,13.5,0.47368421052631576,0.75,0.4605
23,64,1,0,1,6.0,83,1,1,0,1,1,0,1,3,0,0,1,0,Low,3.4583333333333335,14.72,0.25,0.75,0.482
12,74,1,1,0,6.0,98,2,1,2,0,1,0,1,3,0,1,0,0,Low,7.538461538461538,8.88,0.46153846153846156,0.75,0.7669999999999999
21,67,1,1,1,9.0,77,1,1,3,2,0,0,1,3,0,1,1,1,Low,3.5,14.07,0.4090909090909091,1.25,0.5705
23,75,1,2,1,5.0,98,1,1,3,1,2,0,2,1,0,1,0,1,High,4.083333333333333,17.25,0.20833333333333334,1.25,0.6545000000000001
24,77,0,2,1,7.0,65,2,1,1,1,2,1,2,4,0,2,0,0,High,2.6,18.48,0.28,1.0,0.5975
8,72,2,2,1,9.0,93,2,1,4,1,1,0,2,4,0,0,0,0,Medium,10.333333333333334,5.76,1.0,1.5,0.8220000000000001
15,86,2,1,1,9.0,68,2,1,0,1,0,0,1,3,0,0,0,0,Medium,4.25,12.9,0.5625,1.25,0.5720000000000001
15,97,1,2,0,6.0,90,2,1,2,2,2,1,1,0,0,0,0,0,High,5.625,14.55,0.375,1.5,0.735
21,76,0,1,1,9.0,96,1,1,1,0,0,0,0,5,0,0,0,0,Low,4.363636363636363,15.96,0.4090909090909091,0.5,0.5715
23,68,0,1,1,5.0,81,0,1,1,0,0,0,1,2,0,2,0,0,Low,3.375,15.64,0.20833333333333334,0.5,0.36150000000000004
29,71,1,1,1,6.0,86,1,1,1,0,1,0,2,2,0,1,0,1,Medium,2.8666666666666667,20.59,0.2,0.75,0.5315
17,94,1,0,1,7.0,98,0,1,1,1,2,0,0,2,0,0,0,0,Medium,5.444444444444445,15.98,0.3888888888888889,0.75,0.4295
17,83,1,0,1,8.0,69,0,1,4,0,2,0,1,3,0,1,0,0,Medium,3.8333333333333335,14.11,0.4444444444444444,0.5,0.42599999999999993
27,78,1,1,1,5.0,76,2,1,1,1,1,1,2,4,0,2,0,0,High,2.7142857142857144,21.06,0.17857142857142858,1.0,0.6415000000000001
22,66,1,0,1,10.0,95,1,1,1,1,1,1,0,3,0,0,0,0,Low,4.130434782608695,14.52,0.43478260869565216,0.75,0.5675
28,78,1,2,1,4.0,84,1,1,2,0,0,0,0,3,0,1,2,1,Medium,2.896551724137931,21.84,0.13793103448275862,1.0,0.5609999999999999
22,71,1,2,1,7.0,94,1,1,1,1,1,0,1,4,0,0,0,0,Medium,4.086956521739131,15.62,0.30434782608695654,1.25,0.5635
13,98,2,0,1,7.0,81,1,1,1,1,0,1,0,3,0,2,0,0,Medium,5.785714285714286,12.74,0.5,1.0,0.5115000000000001
12,95,1,1,0,4.0,87,1,1,0,0,1,0,2,3,0,0,1,0,Medium,6.6923076923076925,11.4,0.3076923076923077,0.75,0.498
11,63,1,2,1,9.0,51,2,1,0,0,0,0,0,3,1,1,1,0,Low,4.25,6.93,0.75,1.0,0.504
24,81,0,1,1,6.0,67,2,1,0,1,2,0,0,2,0,0,2,0,Low,2.68,19.44,0.24,0.75,0.5680000000000001
27,69,1,2,1,7.0,89,0,1,2,2,2,1,1,1,0,0,1,0,Medium,3.1785714285714284,18.63,0.25,1.5,0.43100000000000005
31,76,1,2,1,7.0,70,0,1,3,0,1,0,1,3,0,1,1,0,High,2.1875,23.56,0.21875,1.0,0.39249999999999996
25,95,1,0,1,5.0,68,1,1,1,1,2,0,2,3,0,0,2,0,High,2.6153846153846154,23.75,0.19230769230769232,0.75,0.4595
27,81,1,0,1,5.0,98,1,1,0,2,1,0,2,3,0,0,0,0,High,3.5,21.87,0.17857142857142858,1.0,0.542
17,73,2,2,0,9.0,78,1,1,0,0,2,0,0,3,0,2,1,1,Low,4.333333333333333,12.41,0.5,1.25,0.4620000000000001
13,68,0,2,0,7.0,60,1,1,1,1,0,1,2,3,0,1,1,1,Low,4.285714285714286,8.84,0.5,1.0,0.4275
25,92,1,1,1,4.0,74,1,1,3,0,2,0,2,2,1,0,1,1,High,2.8461538461538463,23.0,0.15384615384615385,0.75,0.5585
23,85,2,0,1,7.0,76,2,1,2,0,1,0,1,3,0,1,0,1,Medium,3.1666666666666665,19.55,0.2916666666666667,0.75,0.679
21,79,1,1,1,7.0,99,1,1,2,0,1,0,2,2,0,2,0,0,Medium,4.5,16.59,0.3181818181818182,0.75,0.621
22,69,2,1,0,7.0,86,0,1,0,1,1,0,1,1,0,0,0,1,Low,3.739130434782609,15.18,0.30434782608695654,1.25,0.34400000000000003
22,73,2,2,1,4.0,76,2,1,3,1,1,0,0,4,0,1,2,0,Medium,3.3043478260869565,16.06,0.17391304347826086,1.5,0.7165000000000001
28,98,1,2,1,7.0,72,1,1,1,0,2,1,2,2,0,1,0,0,High,2.4827586206896552,27.44,0.2413793103448276,1.0,0.4754999999999999
28,81,1,1,1,6.0,96,2,1,2,0,1,1,2,5,0,0,1,0,High,3.310344827586207,22.68,0.20689655172413793,0.75,0.7589999999999999
23,76,2,1,0,7.0,82,2,1,0,1,2,1,1,1,0,1,0,0,Medium,3.4166666666666665,17.48,0.2916666666666667,1.25,0.628
25,81,2,2,1,8.0,68,0,1,0,0,2,0,1,3,0,1,1,1,Medium,2.6153846153846154,20.25,0.3076923076923077,1.25,0.272
23,91,0,1,1,8.0,73,1,0,3,1,1,0,0,5,0,0,2,0,Medium,3.0416666666666665,20.93,0.3333333333333333,0.5,0.5545
17,74,1,0,0,9.0,64,1,1,2,1,1,0,1,3,0,0,0,0,Low,3.5555555555555554,12.58,0.5,0.75,0.48100000000000004
25,67,1,1,1,10.0,98,2,1,0,2,1,0,2,2,0,0,0,0,Medium,3.769230769230769,16.75,0.38461538461538464,1.25,0.692
12,83,2,1,1,5.0,85,1,1,2,0,2,1,0,2,0,1,0,0,Medium,6.538461538461538,9.96,0.38461538461538464,1.0,0.565
26,87,1,2,0,6.0,70,0,1,3,1,1,0,1,3,0,1,1,0,High,2.5925925925925926,22.62,0.2222222222222222,1.25,0.39249999999999996
13,89,2,2,0,8.0,59,0,1,0,0,2,0,1,2,0,2,1,0,Low,4.214285714285714,11.57,0.5714285714285714,1.25,0.236
22,95,2,1,0,7.0,59,1,1,2,0,1,0,0,3,1,0,0,0,Medium,2.5652173913043477,20.9,0.30434782608695654,1.0,0.461
15,75,2,1,1,4.0,74,1,1,3,1,2,0,2,4,0,1,0,1,Medium,4.625,11.25,0.25,1.25,0.5585
23,63,1,1,0,7.0,73,0,1,1,0,1,0,1,3,0,1,1,0,Low,3.0416666666666665,14.49,0.2916666666666667,0.75,0.32949999999999996
20,98,1,1,0,9.0,71,1,1,0,0,1,0,0,4,0,1,1,0,Medium,3.380952380952381,19.6,0.42857142857142855,0.75,0.43399999999999994
10,77,0,2,1,5.0,93,1,1,3,0,1,0,2,3,0,1,0,1,Low,8.454545454545455,7.7,0.45454545454545453,0.75,0.6345000000000001
23,85,1,1,1,7.0,99,2,1,1,0,2,0,1,5,0,1,0,1,High,4.125,19.55,0.2916666666666667,0.75,0.7334999999999999
17,87,1,2,0,4.0,68,1,1,2,0,0,0,2,4,0,2,1,0,Medium,3.7777777777777777,14.79,0.2222222222222222,1.0,0.49700000000000005
25,82,1,1,1,8.0,65,1,1,0,2,1,1,1,4,0,0,0,0,Medium,2.5,20.5,0.3076923076923077,1.25,0.41000000000000003
20,68,1,1,1,7.0,89,1,1,0,1,2,1,2,3,0,0,2,1,Low,4.238095238095238,13.6,0.3333333333333333,1.0,0.506
22,90,1,0,1,6.0,72,1,1,0,0,1,0,1,4,0,1,0,0,Medium,3.130434782608696,19.8,0.2608695652173913,0.5,0.43799999999999994
14,92,2,1,1,6.0,61,2,1,0,0,1,1,1,2,0,1,1,0,Medium,4.066666666666666,12.88,0.4,1.0,0.544
16,82,1,1,0,5.0,59,1,1,1,1,1,0,2,3,0,0,0,0,Low,3.4705882352941178,13.12,0.29411764705882354,1.0,0.4235
17,80,0,1,1,9.0,64,1,1,1,0,1,1,2,4,0,2,2,1,Low,3.5555555555555554,13.6,0.5,0.5,0.4435
25,65,1,0,1,6.0,50,1,1,2,0,1,0,2,2,0,1,0,1,Low,1.9230769230769231,16.25,0.23076923076923078,0.5,0.425
30,63,2,2,0,8.0,97,1,1,1,0,2,0,1,3,0,0,0,1,Medium,3.129032258064516,18.9,0.25806451612903225,1.25,0.5755
15,74,2,0,0,6.0,72,0,1,2,0,1,0,2,3,0,0,0,0,Low,4.5,11.1,0.375,0.75,0.363
26,72,1,1,0,10.0,54,1,0,2,2,2,0,1,2,0,1,1,0,Low,2.0,18.72,0.37037037037037035,1.0,0.441
7,98,1,0,1,9.0,58,1,1,2,1,1,1,1,5,1,1,0,0,Low,7.25,6.86,1.125,0.75,0.457
13,91,2,1,1,10.0,66,1,1,2,1,1,0,2,4,0,0,0,1,Medium,4.714285714285714,11.83,0.7142857142857143,1.25,0.48900000000000005
14,86,0,1,1,10.0,78,1,1,3,1,2,1,0,4,1,0,0,1,Low,5.2,12.04,0.6666666666666666,0.75,0.5745
12,81,1,1,1,6.0,85,2,1,0,0,1,1,2,2,1,0,0,0,Low,6.538461538461538,9.72,0.46153846153846156,0.75,0.64
10,67,1,1,1,6.0,65,1,1,1,1,2,0,0,4,0,0,0,1,Low,5.909090909090909,6.7,0.5454545454545454,1.0,0.4475
22,99,1,1,0,10.0,98,0,1,1,1,1,1,1,1,0,1,0,0,High,4.260869565217392,21.78,0.43478260869565216,1.0,0.4295
19,75,1,1,1,7.0,88,0,1,1,1,1,1,2,3,0,2,1,0,Medium,4.4,14.25,0.35,1.0,0.3895
22,64,0,1,1,8.0,91,0,1,0,0,1,0,1,4,0,1,1,1,Low,3.9565217391304346,14.08,0.34782608695652173,0.5,0.36400000000000005
24,80,1,2,0,6.0,66,2,1,1,1,1,0,1,3,0,1,1,0,Medium,2.64,19.2,0.24,1.25,0.6015
22,95,0,2,1,6.0,69,2,1,3,1,1,0,1,2,1,2,2,0,High,3.0,20.9,0.2608695652173913,1.0,0.6884999999999999
24,95,1,2,1,8.0,77,0,1,1,0,1,0,2,3,1,0,0,0,High,3.08,22.8,0.32,1.0,0.34550000000000003
20,60,1,0,1,4.0,73,1,1,0,0,0,0,1,1,0,2,1,1,Low,3.4761904761904763,12.0,0.19047619047619047,0.5,0.44199999999999995
13,95,1,2,1,8.0,63,1,1,3,1,1,1,1,2,0,2,0,1,High,4.5,12.35,0.5714285714285714,1.25,0.5145
26,71,0,2,0,8.0,100,0,1,1,0,2,1,2,4,0,1,0,1,Medium,3.7037037037037037,18.46,0.2962962962962963,0.75,0.4375
16,62,1,2,0,6.0,92,1,0,0,1,1,1,2,4,0,0,0,1,Low,5.411764705882353,9.92,0.35294117647058826,1.0,0.518
14,94,1,1,1,7.0,62,2,1,2,1,2,1,0,1,0,2,0,0,Medium,4.133333333333334,13.16,0.4666666666666667,1.0,0.623
19,95,1,1,1,7.0,95,2,1,0,1,2,1,0,2,0,1,0,0,High,4.75,18.05,0.35,1.0,0.6799999999999999
15,84,1,2,1,7.0,79,1,1,1,1,2,0,1,4,0,0,0,1,Medium,4.9375,12.6,0.4375,1.25,0.5035000000000001
17,83,1,2,0,8.0,51,0,1,0,0,1,0,0,4,0,0,1,0,Low,2.8333333333333335,14.11,0.4444444444444444,1.0,0.20400000000000001
22,93,0,1,0,6.0,67,1,1,0,1,1,0,1,3,0,1,0,1,Medium,2.9130434782608696,20.46,0.2608695652173913,0.75,0.41800000000000004
22,91,0,1,1,10.0,51,2,1,2,2,1,0,1,3,0,0,0,1,Medium,2.217391304347826,20.02,0.43478260869565216,1.0,0.579
15,96,1,0,0,7.0,54,0,1,0,0,1,0,1,3,0,1,0,1,Low,3.375,14.4,0.4375,0.5,0.21600000000000003
17,82,1,1,1,7.0,59,1,1,3,1,1,0,2,4,0,1,0,0,Medium,3.2777777777777777,13.94,0.3888888888888889,1.0,0.4985
26,99,1,2,1,10.0,74,1,1,1,1,1,1,1,2,0,1,0,0,High,2.740740740740741,25.74,0.37037037037037035,1.25,0.48349999999999993
23,100,2,0,1,4.0,69,0,1,0,0,2,0,2,4,0,2,0,1,High,2.875,23.0,0.16666666666666666,0.75,0.27599999999999997
32,65,2,1,0,10.0,57,1,1,1,2,1,1,0,2,0,0,0,1,Medium,1.7272727272727273,20.8,0.30303030303030304,1.5,0.4155
27,94,2,2,1,7.0,70,0,1,1,1,2,0,1,2,0,0,1,1,High,2.5,25.38,0.25,1.5,0.31749999999999995
27,80,1,1,0,6.0,65,2,0,1,2,1,1,1,4,0,1,1,0,Medium,2.3214285714285716,21.6,0.21428571428571427,1.0,0.5975
12,76,1,0,1,5.0,71,0,1,0,1,1,0,0,4,0,0,0,0,Low,5.461538461538462,9.12,0.38461538461538464,0.75,0.284
25,85,2,2,0,5.0,59,1,1,3,0,1,0,1,4,0,0,0,1,High,2.269230769230769,21.25,0.19230769230769232,1.25,0.4985
20,62,1,0,1,6.0,80,2,0,1,1,2,0,1,3,0,1,1,1,Low,3.8095238095238093,12.4,0.2857142857142857,0.5,0.6575000000000001
17,80,1,1,1,7.0,52,2,1,2,1,1,1,1,3,0,2,0,1,Medium,2.888888888888889,13.6,0.3888888888888889,1.0,0.583
21,95,0,2,1,8.0,69,1,0,0,0,2,0,0,3,0,2,0,0,Medium,3.1363636363636362,19.95,0.36363636363636365,0.5,0.42599999999999993
26,69,2,2,0,7.0,95,0,0,0,1,1,0,0,3,0,2,0,1,High,3.5185185185185186,17.94,0.25925925925925924,1.25,0.38
23,77,1,2,0,6.0,71,0,1,3,1,0,1,2,4,0,0,1,0,Medium,2.9583333333333335,17.71,0.25,1.25,0.39649999999999996
15,98,1,1,1,9.0,72,1,1,1,0,2,0,1,2,0,1,0,1,Medium,4.5,14.7,0.5625,0.75,0.4754999999999999
24,77,1,1,1,10.0,53,2,1,2,2,1,0,1,4,0,1,1,0,Medium,2.12,18.48,0.4,1.25,0.587
16,74,1,2,0,9.0,80,0,1,0,1,1,0,0,5,0,0,0,0,Low,4.705882352941177,11.84,0.5294117647058824,1.25,0.32000000000000006
21,78,2,1,1,6.0,97,1,1,0,1,1,0,2,2,0,0,0,1,Medium,4.409090909090909,16.38,0.2727272727272727,1.25,0.538
18,81,1,1,0,8.0,65,0,1,2,0,1,0,1,4,0,2,0,0,Low,3.4210526315789473,14.58,0.42105263157894735,0.75,0.335
19,85,1,1,0,8.0,70,0,1,4,2,1,0,1,3,0,0,1,0,Medium,3.5,16.15,0.4,1.25,0.42999999999999994
25,92,1,1,1,9.0,79,1,1,3,1,2,0,0,4,0,1,1,0,High,3.0384615384615383,23.0,0.34615384615384615,1.0,0.5785
14,78,2,1,0,6.0,55,0,1,2,0,1,1,1,2,0,0,0,1,Low,3.6666666666666665,10.92,0.4,1.0,0.29500000000000004
32,93,2,1,0,6.0,98,1,1,0,1,1,0,1,4,1,0,0,0,High,2.9696969696969697,29.76,0.18181818181818182,1.25,0.542
9,81,2,1,1,9.0,73,1,1,1,1,1,0,0,1,0,2,0,0,Low,7.3,7.29,0.9,1.25,0.4794999999999999
16,74,2,2,1,8.0,56,0,1,1,0,1,1,2,2,0,0,0,1,Low,3.2941176470588234,11.84,0.47058823529411764,1.25,0.2615
22,86,0,1,1,5.0,67,1,1,0,2,1,0,2,2,0,1,0,0,Medium,2.9130434782608696,18.92,0.21739130434782608,1.0,0.41800000000000004
24,89,2,1,0,8.0,69,0,0,3,2,1,0,1,2,0,1,0,0,High,2.76,21.36,0.32,1.25,0.38849999999999996
19,82,1,1,0,10.0,67,1,1,0,0,0,0,2,2,0,2,2,0,Low,3.35,15.58,0.5,0.75,0.41800000000000004
20,62,2,1,1,6.0,85,1,1,2,1,1,0,1,3,0,1,0,1,Low,4.0476190476190474,12.4,0.2857142857142857,1.25,0.565
22,67,1,2,1,6.0,67,2,1,1,0,1,1,1,1,0,1,0,0,Low,2.9130434782608696,14.74,0.2608695652173913,1.0,0.6055
19,71,1,2,1,7.0,66,0,1,2,0,1,0,1,3,0,0,0,1,Low,3.3,13.49,0.35,1.0,0.339
28,71,1,2,0,8.0,66,1,1,2,0,1,1,2,3,0,1,0,0,Medium,2.2758620689655173,19.88,0.27586206896551724,1.0,0.48900000000000005
25,87,0,2,1,7.0,89,1,1,1,0,1,0,1,4,1,0,0,1,Medium,3.423076923076923,21.75,0.2692307692307692,0.75,0.5435
25,61,1,2,0,9.0,65,1,1,2,1,1,1,1,4,1,0,1,1,Low,2.5,15.25,0.34615384615384615,1.25,0.48500000000000004
14,90,1,1,1,7.0,51,1,1,1,1,1,0,2,4,1,0,0,1,Low,3.4,12.6,0.4666666666666667,1.0,0.39149999999999996
20,71,0,1,1,9.0,68,1,1,1,0,1,1,2,3,0,0,2,0,Low,3.238095238095238,14.2,0.42857142857142855,0.5,0.4595
18,72,2,1,1,6.0,64,1,1,4,0,1,0,2,3,0,2,0,1,Medium,3.3684210526315788,12.96,0.3157894736842105,1.0,0.556
14,81,2,1,1,5.0,95,0,1,2,0,2,0,2,3,0,0,0,0,Medium,6.333333333333333,11.34,0.3333333333333333,1.0,0.455
22,69,2,1,0,6.0,74,2,1,1,1,0,0,0,3,1,1,0,1,Low,3.217391304347826,15.18,0.2608695652173913,1.25,0.6335
17,95,2,1,0,5.0,62,2,1,1,1,1,1,2,3,0,0,1,0,Medium,3.4444444444444446,16.15,0.2777777777777778,1.25,0.5855
24,63,1,1,0,8.0,99,0,1,2,0,2,0,1,1,0,2,0,1,Low,3.96,15.12,0.32,0.75,0.47100000000000003
14,78,1,1,0,4.0,62,1,1,1,0,1,0,1,4,0,1,0,0,Low,4.133333333333334,10.92,0.26666666666666666,0.75,0.4355
30,94,0,1,1,6.0,88,0,1,2,0,1,1,1,3,1,1,0,1,High,2.838709677419355,28.2,0.1935483870967742,0.5,0.42700000000000005
15,85,2,1,0,7.0,82,2,1,2,1,1,0,0,4,0,0,2,0,Medium,5.125,12.75,0.4375,1.25,0.703
21,72,2,2,0,5.0,73,1,1,1,1,1,0,1,3,0,0,0,0,Medium,3.3181818181818183,15.12,0.22727272727272727,1.5,0.4794999999999999
25,77,2,1,1,7.0,70,1,1,0,1,1,0,1,5,0,0,0,0,Medium,2.6923076923076925,19.25,0.2692307692307692,1.25,0.42999999999999994
17,88,2,2,1,7.0,94,1,0,2,1,2,0,2,3,0,0,0,0,High,5.222222222222222,14.96,0.3888888888888889,1.25,0.601
25,99,1,2,0,9.0,74,1,1,1,1,2,1,0,3,0,0,0,0,High,2.8461538461538463,24.75,0.34615384615384615,1.25,0.48349999999999993
13,96,1,1,0,5.0,69,1,1,2,1,0,0,2,3,0,0,0,0,Medium,4.928571428571429,12.48,0.35714285714285715,1.0,0.5009999999999999
29,74,2,1,0,8.0,68,1,1,0,1,2,0,2,4,0,0,0,1,Medium,2.2666666666666666,21.46,0.26666666666666666,1.25,0.42200000000000004
20,100,1,1,1,8.0,64,1,1,0,0,1,0,1,2,0,0,1,0,Medium,3.0476190476190474,20.0,0.38095238095238093,0.75,0.406
16,60,1,2,0,7.0,70,0,1,3,2,2,1,0,4,0,0,0,1,Low,4.117647058823529,9.6,0.4117647058823529,1.5,0.39249999999999996
18,61,1,1,1,6.0,56,1,1,3,0,1,0,1,3,0,0,1,0,Low,2.9473684210526314,10.98,0.3157894736842105,0.75,0.4865
25,93,1,1,1,5.0,53,1,1,0,2,1,1,1,5,0,1,1,1,High,2.0384615384615383,23.25,0.19230769230769232,1.25,0.362
16,68,2,1,0,10.0,77,1,1,1,2,1,0,2,3,0,2,0,0,Low,4.529411764705882,10.88,0.5882352941176471,1.5,0.49550000000000005
16,62,1,1,0,7.0,73,0,1,3,2,1,0,0,3,0,0,0,1,Low,4.294117647058823,9.92,0.4117647058823529,1.25,0.40449999999999997
19,69,1,2,1,7.0,59,0,1,2,0,0,1,1,2,0,2,1,1,Low,2.95,13.11,0.35,1.0,0.311
13,77,1,1,1,10.0,55,0,1,2,0,1,1,2,3,0,1,1,0,Low,3.9285714285714284,10.01,0.7142857142857143,0.75,0.29500000000000004
31,89,1,1,1,7.0,57,1,1,1,2,0,0,2,2,0,1,1,1,High,1.78125,27.59,0.21875,1.25,0.4155
17,85,2,1,1,10.0,66,1,1,1,2,1,0,1,1,1,2,1,0,Medium,3.6666666666666665,14.45,0.5555555555555556,1.5,0.4515
25,70,0,2,1,5.0,73,1,1,2,1,1,1,1,1,0,2,0,0,Medium,2.8076923076923075,17.5,0.19230769230769232,1.0,0.5169999999999999
21,80,0,2,1,7.0,60,1,1,1,1,2,0,2,2,0,1,1,0,Medium,2.727272727272727,16.8,0.3181818181818182,1.0,0.4275
14,97,0,1,1,5.0,88,1,1,2,2,1,0,2,3,0,2,0,0,High,5.866666666666666,13.58,0.3333333333333333,1.0,0.577
20,93,2,1,0,7.0,60,2,1,0,0,2,0,1,3,0,0,0,0,Medium,2.857142857142857,18.6,0.3333333333333333,1.0,0.54
25,73,1,1,1,7.0,56,1,1,2,2,1,0,1,4,0,0,0,1,High,2.1538461538461537,18.25,0.2692307692307692,1.25,0.449
19,99,2,1,1,6.0,100,1,1,1,0,1,1,2,1,0,0,1,0,High,5.0,18.81,0.3,1.0,0.5875
27,88,1,2,0,7.0,72,1,1,1,0,2,0,2,1,0,0,0,1,High,2.5714285714285716,23.76,0.25,1.0,0.4754999999999999
26,62,1,1,0,6.0,59,1,1,1,1,1,0,1,3,0,0,1,0,Low,2.185185185185185,16.12,0.2222222222222222,1.0,0.4235
26,61,2,0,1,7.0,95,0,0,0,1,2,0,1,3,0,2,1,0,Low,3.5185185185185186,15.86,0.25925925925925924,0.75,0.38
17,67,0,1,1,6.0,62,1,1,0,1,1,0,1,3,0,1,1,1,Low,3.4444444444444446,11.39,0.3333333333333333,0.75,0.398
14,89,1,0,0,9.0,96,0,1,2,0,2,1,1,3,0,1,1,1,Low,6.4,12.46,0.6,0.5,0.459
16,67,1,1,1,5.0,56,0,1,1,0,1,0,0,2,0,1,0,1,Low,3.2941176470588234,10.72,0.29411764705882354,0.75,0.2615
21,80,1,1,0,7.0,92,0,1,1,1,1,0,2,3,0,0,1,0,Medium,4.181818181818182,16.8,0.3181818181818182,1.0,0.4055
23,64,1,0,1,5.0,59,1,1,3,0,1,0,2,5,0,0,1,1,Low,2.4583333333333335,14.72,0.20833333333333334,0.5,0.4985
7,97,0,2,0,6.0,97,1,1,3,1,2,1,2,2,0,1,1,1,Medium,12.125,6.79,0.75,1.0,0.6505000000000001
20,74,0,1,0,6.0,79,1,1,1,2,1,0,1,2,1,1,2,0,Low,3.761904761904762,14.8,0.2857142857142857,1.0,0.5035000000000001
21,96,1,1,1,7.0,59,0,1,2,2,1,0,0,2,0,1,0,0,High,2.6818181818181817,20.16,0.3181818181818182,1.25,0.311
18,98,2,1,1,7.0,92,1,1,2,0,2,1,1,4,0,0,0,0,High,4.842105263157895,17.64,0.3684210526315789,1.0,0.593
28,60,0,1,1,5.0,70,0,1,0,0,1,1,1,5,0,0,0,0,Low,2.413793103448276,16.8,0.1724137931034483,0.5,0.27999999999999997
23,79,1,1,1,6.0,87,1,0,2,0,2,0,1,4,0,1,1,0,Medium,3.625,18.17,0.25,0.5,0.573
28,61,0,0,1,6.0,82,0,1,0,1,1,0,2,3,0,1,0,1,Low,2.8275862068965516,17.08,0.20689655172413793,0.5,0.328
19,96,1,0,1,5.0,86,1,0,3,1,1,0,2,3,0,0,1,0,Medium,4.3,18.24,0.25,0.5,0.6065
26,81,1,1,1,9.0,67,1,1,3,0,1,0,1,2,0,1,0,1,Medium,2.4814814814814814,21.06,0.3333333333333333,0.75,0.5305
30,63,2,0,0,5.0,97,2,1,2,0,1,0,2,2,1,1,1,1,Medium,3.129032258064516,18.9,0.16129032258064516,0.75,0.7629999999999999
28,64,2,0,1,7.0,78,1,1,3,1,1,1,2,4,0,2,1,0,Medium,2.689655172413793,17.92,0.2413793103448276,1.0,0.5745
13,75,1,2,0,10.0,54,1,1,1,0,1,1,0,3,1,1,0,0,Low,3.857142857142857,9.75,0.7142857142857143,1.0,0.40349999999999997
18,98,0,1,0,9.0,53,1,1,0,2,1,0,1,1,0,0,1,0,Low,2.789473684210526,17.64,0.47368421052631576,1.0,0.362
18,88,0,1,0,8.0,87,1,1,2,1,1,0,1,2,0,2,1,1,Medium,4.578947368421052,15.84,0.42105263157894735,0.75,0.573
23,95,2,0,0,7.0,92,2,1,1,0,1,0,2,1,0,0,0,1,High,3.8333333333333335,21.85,0.2916666666666667,0.75,0.7055
24,75,1,0,0,8.0,85,1,1,1,0,1,0,2,2,1,2,0,0,Low,3.4,18.0,0.32,0.5,0.5275
15,62,0,2,0,8.0,64,2,1,2,0,1,0,1,4,0,1,0,1,Low,4.0,9.3,0.5,0.75,0.631
20,99,0,0,1,9.0,61,0,1,1,2,1,1,1,4,0,0,1,0,Medium,2.9047619047619047,19.8,0.42857142857142855,0.75,0.2815
8,61,1,0,1,7.0,78,1,1,0,1,1,1,2,3,0,0,0,1,Low,8.666666666666666,4.88,0.7777777777777778,0.75,0.4620000000000001
29,98,1,1,1,9.0,60,0,1,0,0,1,1,0,4,0,0,0,1,High,2.0,28.42,0.3,0.75,0.24
17,75,2,0,1,7.0,69,1,1,1,2,1,0,2,4,0,0,0,0,Low,3.8333333333333335,12.75,0.3888888888888889,1.25,0.4634999999999999
20,60,1,1,1,10.0,81,1,1,3,0,1,0,2,3,0,1,0,0,Low,3.857142857142857,12.0,0.47619047619047616,0.75,0.5865
18,88,1,1,0,7.0,64,0,1,0,1,1,0,2,4,0,1,1,0,Low,3.3684210526315788,15.84,0.3684210526315789,1.0,0.256
27,99,1,1,1,5.0,69,1,1,2,1,1,0,2,2,0,2,1,0,High,2.4642857142857144,26.73,0.17857142857142858,1.0,0.5009999999999999
3,99,1,0,1,7.0,68,1,1,2,2,1,1,1,3,0,0,0,1,Low,17.0,2.97,1.75,1.0,0.49700000000000005
20,66,1,2,1,8.0,73,1,1,0,2,1,0,2,3,0,0,1,0,Low,3.4761904761904763,13.2,0.38095238095238093,1.5,0.44199999999999995
19,67,2,1,0,9.0,84,0,1,0,1,1,0,2,3,0,0,1,1,Low,4.2,12.73,0.45,1.25,0.336
17,83,1,1,1,6.0,89,2,1,0,0,1,0,2,4,0,2,0,0,Medium,4.944444444444445,14.11,0.3333333333333333,0.75,0.656
30,85,1,1,0,4.0,83,0,1,2,2,1,0,2,3,0,2,0,1,High,2.6774193548387095,25.5,0.12903225806451613,1.25,0.40700000000000003
15,90,2,2,1,8.0,51,2,1,2,2,1,0,0,2,0,0,1,1,Medium,3.1875,13.5,0.5,1.75,0.579
25,67,0,1,0,8.0,95,1,1,0,1,1,0,1,4,0,2,1,1,Low,3.6538461538461537,16.75,0.3076923076923077,0.75,0.53
22,98,1,2,1,5.0,79,1,0,2,2,1,0,1,5,0,0,1,0,High,3.4347826086956523,21.56,0.21739130434782608,1.25,0.541
28,86,1,1,1,7.0,96,1,1,2,1,1,0,1,4,0,0,0,0,High,3.310344827586207,24.08,0.2413793103448276,1.0,0.609
16,94,2,1,0,7.0,98,1,1,0,0,1,0,1,4,0,0,1,1,Medium,5.764705882352941,15.04,0.4117647058823529,1.0,0.542
16,82,0,2,1,8.0,73,0,1,3,0,1,0,2,1,0,1,0,0,Medium,4.294117647058823,13.12,0.47058823529411764,0.75,0.40449999999999997
27,77,1,2,1,6.0,96,0,1,0,1,1,0,2,3,0,2,1,0,High,3.4285714285714284,20.79,0.21428571428571427,1.25,0.384
23,99,0,0,1,6.0,68,2,1,1,1,1,0,1,3,1,1,2,0,Medium,2.8333333333333335,22.77,0.25,0.5,0.6095
11,83,0,1,0,7.0,63,2,1,3,2,1,0,0,2,0,0,2,1,Low,5.25,9.13,0.5833333333333334,1.0,0.6645000000000001
17,95,2,1,0,5.0,54,0,1,2,2,1,0,1,2,0,1,1,1,Medium,3.0,16.15,0.2777777777777778,1.5,0.29100000000000004
22,98,1,0,0,10.0,73,1,1,1,0,1,0,0,4,1,1,0,1,Medium,3.1739130434782608,21.56,0.43478260869565216,0.5,0.4794999999999999
25,87,2,2,1,8.0,84,0,1,2,2,1,0,2,4,0,1,1,0,High,3.230769230769231,21.75,0.3076923076923077,1.75,0.41100000000000003
16,82,1,1,1,6.0,99,1,1,3,2,1,0,2,2,0,0,0,0,Medium,5.823529411764706,13.12,0.35294117647058826,1.25,0.6585000000000001
3,60,1,1,1,5.0,76,1,1,0,1,1,1,1,4,0,0,1,1,Low,19.0,1.8,1.25,1.0,0.45400000000000007
23,62,2,0,0,5.0,87,1,1,1,2,1,1,2,3,0,0,0,0,Low,3.625,14.26,0.20833333333333334,1.25,0.5355
13,68,1,1,1,8.0,95,1,1,2,0,1,1,2,4,0,0,1,0,Low,6.785714285714286,8.84,0.5714285714285714,0.75,0.605
8,67,0,0,0,5.0,77,0,1,1,1,1,0,2,2,0,1,0,0,Low,8.555555555555555,5.36,0.5555555555555556,0.5,0.34550000000000003
3,70,1,1,1,7.0,58,1,1,0,1,1,1,1,2,0,0,1,0,Low,14.5,2.1,1.75,1.0,0.382
25,72,1,1,1,4.0,92,2,1,1,0,1,1,0,2,1,0,0,0,Low,3.5384615384615383,18.0,0.15384615384615385,0.75,0.7055
21,74,1,2,1,8.0,79,1,1,0,0,1,1,2,4,0,0,0,0,Medium,3.590909090909091,15.54,0.36363636363636365,1.0,0.4660000000000001
19,77,2,1,1,8.0,88,1,0,3,0,1,0,2,3,0,1,1,0,Medium,4.4,14.63,0.4,0.75,0.6145
28,64,2,1,0,7.0,83,0,1,2,2,1,1,1,4,0,0,1,0,Medium,2.8620689655172415,17.92,0.2413793103448276,1.5,0.40700000000000003
24,62,2,0,1,7.0,53,1,1,0,1,1,0,2,6,0,2,0,1,Low,2.12,14.88,0.28,1.0,0.362
30,87,2,1,1,8.0,58,2,1,1,0,1,0,0,1,0,1,0,0,High,1.8709677419354838,26.1,0.25806451612903225,1.0,0.5695
12,81,1,1,1,7.0,64,2,1,2,2,1,0,1,3,0,0,0,0,Low,4.923076923076923,9.72,0.5384615384615384,1.25,0.631
20,78,1,2,1,8.0,64,1,1,2,2,1,1,2,2,0,0,1,1,Medium,3.0476190476190474,15.6,0.38095238095238093,1.5,0.48100000000000004
10,85,1,2,1,5.0,92,1,1,0,0,1,1,2,4,1,0,2,1,Low,8.363636363636363,8.5,0.45454545454545453,1.0,0.518
19,93,2,2,0,8.0,80,1,1,1,1,1,1,1,3,0,1,1,0,High,4.0,17.67,0.4,1.5,0.5075000000000001
19,77,1,0,1,7.0,54,0,1,2,0,1,1,2,4,0,0,0,1,Low,2.7,14.63,0.35,0.5,0.29100000000000004
24,86,1,2,1,9.0,69,2,1,1,1,1,0,1,3,0,2,0,0,High,2.76,20.64,0.36,1.25,0.6134999999999999
20,98,0,0,0,7.0,78,0,1,4,2,1,0,1,2,0,0,2,0,Medium,3.7142857142857144,19.6,0.3333333333333333,0.75,0.4620000000000001
24,94,1,1,0,7.0,63,1,1,1,0,1,0,1,3,0,0,0,0,High,2.52,22.56,0.28,0.75,0.4395
24,77,1,1,1,6.0,52,1,1,0,1,1,1,0,4,0,0,0,0,Low,2.08,18.48,0.24,1.0,0.358
33,86,1,1,0,9.0,69,1,0,0,1,1,0,1,3,0,1,0,1,High,2.0294117647058822,28.38,0.2647058823529412,0.75,0.42599999999999993
18,67,2,0,0,4.0,73,0,1,0,1,1,1,1,2,0,2,1,0,Low,3.8421052631578947,12.06,0.21052631578947367,1.0,0.292
14,82,0,1,1,8.0,95,1,1,1,0,1,1,1,3,0,2,1,0,Low,6.333333333333333,11.48,0.5333333333333333,0.5,0.5675
21,99,2,0,0,7.0,95,0,1,2,0,1,0,0,1,0,0,0,1,High,4.318181818181818,20.79,0.3181818181818182,0.75,0.455
15,81,0,0,1,7.0,75,0,1,1,1,1,0,0,1,0,2,1,0,Low,4.6875,12.15,0.4375,0.5,0.3375
29,97,2,1,1,7.0,74,1,1,1,1,1,0,2,4,1,0,0,1,High,2.466666666666667,28.13,0.23333333333333334,1.25,0.48349999999999993
18,76,1,2,1,7.0,82,2,1,2,1,1,0,1,4,0,2,0,1,High,4.315789473684211,13.68,0.3684210526315789,1.25,0.703
17,100,2,2,0,8.0,63,0,1,1,0,1,1,2,5,0,0,0,0,High,3.5,17.0,0.4444444444444444,1.25,0.2895
17,83,0,1,0,6.0,64,1,1,1,1,1,1,2,4,0,0,0,1,Low,3.5555555555555554,14.11,0.3333333333333333,0.75,0.4435
24,62,1,0,1,7.0,50,1,1,1,2,1,1,0,2,0,2,0,0,Low,2.0,14.88,0.28,1.0,0.38749999999999996
19,83,2,0,1,8.0,54,1,1,1,0,1,1,2,4,0,0,1,0,Low,2.7,15.77,0.4,0.75,0.40349999999999997
16,71,0,0,1,6.0,59,2,1,1,0,1,0,2,3,0,2,0,0,High,3.4705882352941178,11.36,0.35294117647058826,0.25,0.5735
30,61,0,2,1,8.0,82,0,1,2,0,1,0,1,3,0,2,0,1,Medium,2.6451612903225805,18.3,0.25806451612903225,0.75,0.403
15,93,1,1,0,8.0,61,2,1,1,1,1,0,1,4,0,0,0,1,Medium,3.8125,13.95,0.5,1.0,0.5815
20,71,0,2,1,6.0,56,2,1,5,1,1,1,2,5,0,1,0,0,Medium,2.6666666666666665,14.2,0.2857142857142857,1.0,0.7115
24,92,0,2,1,5.0,81,1,1,2,0,1,1,0,3,1,0,0,0,Medium,3.24,22.08,0.2,0.75,0.549
10,72,1,1,1,6.0,83,1,1,0,1,1,0,2,4,0,0,0,0,Low,7.545454545454546,7.2,0.5454545454545454,1.0,0.482
23,68,1,2,0,7.0,53,2,1,3,2,1,0,1,3,0,0,1,1,Low,2.2083333333333335,15.64,0.2916666666666667,1.5,0.6245
14,99,1,1,0,7.0,89,2,0,0,1,1,1,2,2,0,2,2,1,Medium,5.933333333333334,13.86,0.4666666666666667,0.75,0.656
25,74,2,1,1,9.0,80,1,1,4,1,1,0,2,3,0,1,1,1,High,3.076923076923077,18.5,0.34615384615384615,1.25,0.6200000000000001
14,84,1,2,1,6.0,70,2,1,2,2,1,0,2,3,0,1,0,1,Medium,4.666666666666667,11.76,0.4,1.5,0.6549999999999999
24,84,0,1,1,6.0,99,1,1,1,1,1,0,2,2,0,2,2,1,High,3.96,20.16,0.24,0.75,0.5835
27,82,1,1,0,8.0,51,2,1,3,2,1,0,1,2,0,1,0,0,High,1.8214285714285714,22.14,0.2857142857142857,1.25,0.6165
25,97,1,1,1,6.0,77,0,1,1,0,1,1,2,4,0,2,0,0,High,2.9615384615384617,24.25,0.23076923076923078,0.75,0.34550000000000003
22,87,1,2,1,6.0,58,1,1,0,0,1,1,1,4,0,0,0,1,Medium,2.5217391304347827,19.14,0.2608695652173913,1.0,0.382
19,76,1,0,1,6.0,66,1,1,1,2,1,0,2,3,0,0,0,0,Low,3.3,14.44,0.3,1.0,0.4515
17,94,2,2,1,4.0,57,1,1,4,1,1,0,1,4,0,0,1,0,High,3.1666666666666665,15.98,0.2222222222222222,1.5,0.528
29,67,2,0,1,8.0,83,1,1,2,0,1,1,2,4,1,0,0,1,Medium,2.7666666666666666,19.43,0.26666666666666666,0.75,0.5569999999999999
16,82,0,1,1,8.0,70,2,1,4,0,1,0,1,4,0,1,0,1,Medium,4.117647058823529,13.12,0.47058823529411764,0.5,0.73
14,98,1,1,1,8.0,99,0,1,0,2,1,0,1,3,0,0,0,0,Medium,6.6,13.72,0.5333333333333333,1.25,0.396
24,85,1,1,1,10.0,83,0,1,1,1,1,0,2,4,0,1,1,1,High,3.32,20.4,0.4,1.0,0.3695
15,93,2,1,1,9.0,96,1,1,1,1,1,0,0,2,0,0,1,1,Medium,6.0,13.95,0.5625,1.25,0.5715
14,86,2,2,1,6.0,62,1,1,1,1,1,1,2,2,0,0,0,0,Medium,4.133333333333334,12.04,0.4,1.5,0.4355
11,94,1,1,0,9.0,66,1,0,2,0,1,1,2,2,0,0,1,0,Low,5.5,10.34,0.75,0.5,0.48900000000000005
17,98,1,2,1,7.0,68,1,1,1,0,1,0,2,4,0,1,1,0,High,3.7777777777777777,16.66,0.3888888888888889,1.0,0.4595
20,71,1,0,1,6.0,92,2,1,1,0,1,1,0,4,0,1,0,0,Low,4.380952380952381,14.2,0.2857142857142857,0.5,0.7055
21,67,1,0,0,6.0,61,1,1,0,0,1,1,2,3,0,0,1,1,Low,2.772727272727273,14.07,0.2727272727272727,0.5,0.394
26,79,1,0,0,7.0,97,1,1,1,2,1,1,2,2,0,0,0,0,Medium,3.5925925925925926,20.54,0.25925925925925924,1.0,0.5755
23,88,1,0,1,7.0,52,1,1,0,1,1,0,1,4,0,0,0,0,Medium,2.1666666666666665,20.24,0.2916666666666667,0.75,0.358
19,69,1,1,1,9.0,94,1,1,1,0,1,0,2,3,0,0,1,0,Low,4.7,13.11,0.45,0.75,0.5635
19,60,1,1,0,8.0,73,2,1,3,1,1,1,1,3,0,0,0,0,Low,3.65,11.4,0.4,1.0,0.7044999999999999
23,74,1,2,1,6.0,76,1,1,0,1,1,1,0,4,0,0,0,0,Medium,3.1666666666666665,17.02,0.25,1.25,0.45400000000000007
28,99,2,0,0,5.0,100,1,1,6,1,1,1,1,5,0,0,1,1,High,3.4482758620689653,27.72,0.1724137931034483,1.0,0.775
21,88,1,1,0,8.0,94,1,1,0,1,1,0,1,3,0,1,0,0,High,4.2727272727272725,18.48,0.36363636363636365,1.0,0.526
17,76,1,2,1,8.0,95,0,1,1,0,1,1,1,4,0,2,0,1,Medium,5.277777777777778,12.92,0.4444444444444444,1.0,0.4175
14,68,2,2,1,9.0,79,0,1,2,0,1,1,2,4,0,1,0,1,Low,5.266666666666667,9.52,0.6,1.25,0.39100000000000007
11,74,1,2,1,7.0,98,0,1,1,0,1,0,2,2,0,0,0,0,Low,8.166666666666666,8.14,0.5833333333333334,1.0,0.4295
24,67,0,2,0,8.0,84,2,1,0,0,1,0,1,1,0,1,0,1,Low,3.36,16.08,0.32,0.75,0.636
23,64,0,1,0,8.0,91,1,1,2,0,1,0,0,3,0,0,2,1,Low,3.7916666666666665,14.72,0.3333333333333333,0.5,0.589
23,96,1,2,1,5.0,86,1,1,3,1,1,0,1,3,1,0,0,0,High,3.5833333333333335,22.08,0.20833333333333334,1.25,0.6065
19,100,0,2,1,7.0,89,2,1,2,2,1,1,1,3,0,1,1,0,High,4.45,19.0,0.35,1.25,0.731
28,67,2,2,0,8.0,82,0,1,1,2,1,0,1,4,0,0,0,1,Medium,2.8275862068965516,18.76,0.27586206896551724,1.75,0.3655
17,62,1,0,0,8.0,86,2,1,2,1,1,0,1,4,0,0,1,1,Low,4.777777777777778,10.54,0.4444444444444444,0.75,0.719
26,73,0,2,0,7.0,72,1,1,1,0,1,1,1,3,0,1,2,0,Low,2.6666666666666665,18.98,0.25925925925925924,0.75,0.4754999999999999
20,78,2,1,1,10.0,85,1,1,1,2,1,1,0,3,0,0,0,0,Medium,4.0476190476190474,15.6,0.47619047619047616,1.5,0.5275
16,68,1,0,1,10.0,64,1,1,2,2,1,0,0,2,0,0,1,0,Low,3.764705882352941,10.88,0.5882352941176471,1.0,0.48100000000000004
24,72,1,1,1,7.0,82,2,1,2,1,1,1,2,4,0,0,2,0,Medium,3.28,17.28,0.28,1.0,0.703
22,68,1,2,0,7.0,76,1,1,1,1,1,0,2,4,0,0,0,0,Low,3.3043478260869565,14.96,0.30434782608695654,1.25,0.49150000000000005
22,91,0,1,1,8.0,95,1,1,1,0,1,1,1,2,0,0,0,0,High,4.130434782608695,20.02,0.34782608695652173,0.5,0.5675
20,89,1,2,0,7.0,84,0,1,5,2,1,0,1,3,0,2,1,0,High,4.0,17.8,0.3333333333333333,1.5,0.5235000000000001
20,85,2,0,1,9.0,80,1,1,3,0,1,1,1,3,0,2,1,0,Medium,3.8095238095238093,17.0,0.42857142857142855,0.75,0.5825
34,75,0,1,1,5.0,66,1,1,0,0,1,1,2,3,0,0,0,0,Medium,1.8857142857142857,25.5,0.14285714285714285,0.5,0.41400000000000003
27,96,1,1,0,7.0,93,1,1,2,1,1,0,1,2,0,1,0,0,High,3.3214285714285716,25.92,0.25,1.0,0.597
24,99,2,1,0,8.0,53,2,1,1,0,1,1,1,3,1,0,0,0,High,2.12,23.76,0.32,1.0,0.5495
21,67,1,1,1,9.0,95,2,1,1,1,1,1,2,4,0,0,0,0,Medium,4.318181818181818,14.07,0.4090909090909091,1.0,0.7174999999999999
26,69,1,1,1,5.0,83,1,1,4,1,1,1,1,2,0,0,1,1,Medium,3.074074074074074,17.94,0.18518518518518517,1.0,0.632
23,81,2,0,0,6.0,59,1,1,2,2,1,1,1,1,0,2,0,1,Medium,2.4583333333333335,18.63,0.25,1.25,0.461
20,64,2,0,0,4.0,95,1,1,4,1,1,0,1,4,0,0,0,0,Low,4.523809523809524,12.8,0.19047619047619047,1.0,0.68
18,77,1,0,0,6.0,66,2,1,3,1,1,0,2,3,0,1,1,0,Low,3.473684210526316,13.86,0.3157894736842105,0.75,0.6765000000000001
20,83,2,2,1,5.0,58,1,1,1,1,1,0,1,3,0,0,0,0,Medium,2.761904761904762,16.6,0.23809523809523808,1.5,0.4195
1,81,1,1,1,8.0,66,1,1,1,0,1,0,0,2,0,1,0,0,Low,33.0,0.81,4.0,0.75,0.4515
21,73,2,1,0,7.0,98,2,1,0,2,1,0,2,4,1,2,0,0,Medium,4.454545454545454,15.33,0.3181818181818182,1.5,0.692
17,82,2,1,0,7.0,88,1,1,1,1,1,0,0,1,1,0,0,0,Low,4.888888888888889,13.94,0.3888888888888889,1.25,0.5395
30,98,1,2,1,7.0,96,1,1,1,1,1,1,1,3,0,2,0,1,High,3.096774193548387,29.4,0.22580645161290322,1.25,0.5715
20,68,1,0,0,9.0,65,0,1,1,2,1,0,0,5,0,1,0,0,Low,3.0952380952380953,13.6,0.42857142857142855,1.0,0.2975
13,86,1,0,1,5.0,54,1,1,3,2,1,0,1,3,1,1,0,0,Low,3.857142857142857,11.18,0.35714285714285715,1.0,0.4785
20,62,2,1,1,4.0,78,1,0,1,2,1,1,2,4,0,0,1,1,Low,3.7142857142857144,12.4,0.19047619047619047,1.25,0.49950000000000006
14,63,2,2,0,8.0,74,1,1,1,0,1,1,1,4,0,2,1,1,Low,4.933333333333334,8.82,0.5333333333333333,1.25,0.48349999999999993
23,82,0,1,1,6.0,86,1,1,0,2,1,0,1,4,0,0,0,0,Medium,3.5833333333333335,18.86,0.25,1.0,0.494
22,64,2,1,0,5.0,77,1,1,1,2,1,1,0,2,0,1,0,0,Low,3.347826086956522,14.08,0.21739130434782608,1.5,0.49550000000000005
26,61,2,1,1,8.0,70,0,1,1,1,1,1,1,4,1,2,1,0,Low,2.5925925925925926,15.86,0.2962962962962963,1.25,0.31749999999999995
15,67,2,2,1,4.0,50,0,1,0,1,1,0,2,1,0,1,0,0,Low,3.125,10.05,0.25,1.5,0.2
20,83,2,1,1,6.0,73,1,1,0,2,1,0,2,3,0,1,2,0,Medium,3.4761904761904763,16.6,0.2857142857142857,1.5,0.44199999999999995
12,88,0,1,1,4.0,56,1,1,0,0,1,1,1,2,0,0,2,0,Low,4.3076923076923075,10.56,0.3076923076923077,0.5,0.374
24,68,1,1,1,7.0,96,1,1,1,0,1,0,2,3,0,0,0,0,Medium,3.84,16.32,0.28,0.75,0.5715
23,87,2,2,1,9.0,96,2,1,1,1,1,1,2,1,0,1,0,1,High,4.0,20.01,0.375,1.5,0.7214999999999999
23,67,2,2,1,6.0,90,1,1,2,2,1,1,2,3,0,0,0,1,Medium,3.75,15.41,0.25,1.75,0.585
20,85,1,1,0,6.0,58,0,1,0,0,1,1,0,2,0,2,0,0,Low,2.761904761904762,17.0,0.2857142857142857,0.75,0.23199999999999998
22,76,1,1,1,10.0,57,1,1,1,1,1,1,1,3,0,0,2,0,Low,2.4782608695652173,16.72,0.43478260869565216,1.0,0.4155
30,86,2,1,0,8.0,78,1,1,4,1,1,0,2,2,0,1,2,0,High,2.5161290322580645,25.8,0.25806451612903225,1.25,0.6120000000000001
18,100,2,1,1,10.0,86,1,1,1,1,1,0,1,3,0,0,0,0,High,4.526315789473684,18.0,0.5263157894736842,1.25,0.5315
21,98,1,1,1,7.0,95,0,1,3,2,1,0,1,1,0,0,0,0,High,4.318181818181818,20.58,0.3181818181818182,1.25,0.4925
13,60,0,2,1,7.0,95,1,1,1,0,1,1,2,1,0,0,0,1,Low,6.785714285714286,7.8,0.5,0.75,0.5675
15,95,2,1,1,9.0,58,0,1,2,0,1,1,1,3,0,0,0,1,Medium,3.625,14.25,0.5625,1.0,0.307
21,63,2,1,0,7.0,100,1,1,1,2,1,1,1,2,0,2,1,1,Low,4.545454545454546,13.23,0.3181818181818182,1.5,0.5875
27,98,2,2,0,7.0,58,1,1,1,2,1,0,2,3,0,2,2,1,High,2.0714285714285716,26.46,0.25,1.75,0.4195
18,71,2,0,1,4.0,92,1,1,1,0,1,0,0,4,1,1,0,1,Low,4.842105263157895,12.78,0.21052631578947367,0.75,0.5555
19,75,1,2,1,10.0,79,1,1,1,1,1,0,1,2,0,0,0,1,Low,3.95,14.25,0.5,1.25,0.5035000000000001
18,64,2,1,1,8.0,84,1,0,2,1,1,0,1,3,0,1,0,1,Low,4.421052631578948,11.52,0.42105263157894735,1.0,0.5609999999999999
17,64,2,2,0,7.0,80,0,1,3,1,1,1,2,4,0,0,0,0,Low,4.444444444444445,10.88,0.3888888888888889,1.5,0.43250000000000005
22,89,1,2,0,8.0,93,1,1,2,2,1,1,1,5,0,0,0,0,High,4.043478260869565,19.58,0.34782608695652173,1.5,0.597
11,98,2,2,1,5.0,82,2,1,1,1,1,1,1,2,0,2,0,0,High,6.833333333333333,10.78,0.4166666666666667,1.5,0.6655
28,84,2,1,1,6.0,92,1,1,1,1,1,0,0,3,1,0,0,1,High,3.1724137931034484,23.52,0.20689655172413793,1.25,0.5555
16,89,2,1,1,8.0,58,0,1,2,0,1,0,1,3,0,1,1,0,Medium,3.411764705882353,14.24,0.47058823529411764,1.0,0.307
24,90,1,2,0,7.0,93,0,1,1,0,1,0,1,2,1,2,0,0,High,3.72,21.6,0.28,1.0,0.40950000000000003
12,71,1,0,0,8.0,100,1,1,2,2,1,0,1,3,1,1,0,0,Low,7.6923076923076925,8.52,0.6153846153846154,1.0,0.625
24,62,1,2,0,7.0,83,0,1,1,1,1,0,1,2,0,1,1,1,Low,3.32,14.88,0.28,1.25,0.3695
24,60,1,1,1,8.0,99,1,1,2,0,1,0,1,1,0,0,1,0,Low,3.96,14.4,0.32,0.75,0.621
22,74,1,0,0,5.0,61,1,1,1,0,1,0,2,3,0,2,0,1,Low,2.652173913043478,16.28,0.21739130434782608,0.5,0.4315
14,70,1,1,1,9.0,91,2,1,2,1,1,0,1,4,0,0,0,1,Low,6.066666666666666,9.8,0.6,1.0,0.739
21,62,1,0,0,6.0,58,1,1,2,0,1,1,1,3,0,1,1,1,Low,2.6363636363636362,13.02,0.2727272727272727,0.5,0.457
13,67,2,2,1,7.0,76,1,1,2,0,1,1,1,5,0,0,0,0,Low,5.428571428571429,8.71,0.5,1.25,0.529
18,65,1,2,0,6.0,83,0,1,1,1,1,1,1,2,0,0,0,0,Low,4.368421052631579,11.7,0.3157894736842105,1.25,0.3695
26,97,1,1,1,7.0,83,0,1,2,0,1,0,2,3,0,2,0,0,High,3.074074074074074,25.22,0.25925925925925924,0.75,0.40700000000000003
25,66,1,2,1,7.0,84,0,1,2,2,1,0,2,1,0,0,0,0,Medium,3.230769230769231,16.5,0.2692307692307692,1.5,0.41100000000000003
20,82,0,1,0,8.0,66,0,1,0,2,1,0,2,2,0,2,0,0,Low,3.142857142857143,16.4,0.38095238095238093,1.0,0.264
14,84,2,2,0,8.0,99,1,0,3,1,1,0,1,4,0,2,0,1,High,6.6,11.76,0.5333333333333333,1.25,0.6585000000000001
24,82,1,2,0,8.0,50,1,1,0,1,1,0,2,2,0,2,1,0,Medium,2.0,19.68,0.32,1.25,0.35
20,64,1,1,0,6.0,81,1,1,0,2,1,0,2,1,0,0,1,1,Low,3.857142857142857,12.8,0.2857142857142857,1.25,0.4740000000000001
6,73,1,1,0,8.0,93,0,1,0,0,1,1,1,1,1,0,2,1,Low,13.285714285714286,4.38,1.1428571428571428,0.75,0.37200000000000005
25,62,1,1,1,7.0,95,0,1,1,2,1,0,1,4,1,1,0,0,Low,3.6538461538461537,15.5,0.2692307692307692,1.25,0.4175
20,76,1,2,1,7.0,86,1,1,2,1,1,0,0,5,0,0,0,1,Medium,4.095238095238095,15.2,0.3333333333333333,1.25,0.569
27,68,0,1,0,8.0,79,1,1,2,0,1,1,0,1,1,2,1,1,Low,2.8214285714285716,18.36,0.2857142857142857,0.5,0.541
13,82,1,2,0,5.0,73,0,1,4,0,1,0,0,4,0,0,0,0,Low,5.214285714285714,10.66,0.35714285714285715,1.0,0.44199999999999995
1,88,1,2,1,4.0,72,2,1,3,1,1,1,0,2,0,1,0,0,High,36.0,0.88,2.0,1.25,0.7004999999999999
22,81,2,1,1,9.0,71,1,1,2,2,1,0,0,4,0,0,0,0,Medium,3.0869565217391304,17.82,0.391304347826087,1.5,0.5089999999999999
22,77,1,2,0,7.0,85,0,1,2,0,1,0,1,2,0,1,0,0,Medium,3.6956521739130435,16.94,0.30434782608695654,1.0,0.41500000000000004
10,75,1,1,0,8.0,87,0,1,2,1,1,0,2,4,1,0,0,1,Low,7.909090909090909,7.5,0.7272727272727273,1.0,0.42300000000000004
14,94,0,1,1,6.0,76,1,0,0,0,1,0,1,3,0,0,0,0,Low,5.066666666666666,13.16,0.4,0.25,0.45400000000000007
37,69,1,2,1,9.0,87,1,0,1,0,1,0,0,2,0,1,2,1,Medium,2.289473684210526,25.53,0.23684210526315788,0.75,0.5355
18,89,1,0,0,8.0,76,2,1,0,0,1,0,2,2,0,0,0,0,Medium,4.0,16.02,0.42105263157894735,0.5,0.6040000000000001
24,90,0,1,1,7.0,55,1,1,1,2,1,0,0,2,0,2,2,0,Medium,2.2,21.6,0.28,1.0,0.4075
16,77,1,1,1,7.0,93,1,1,1,0,1,0,2,2,0,0,1,0,Low,5.470588235294118,12.32,0.4117647058823529,0.75,0.5595
7,72,1,1,1,4.0,94,1,1,4,1,1,1,2,4,0,2,0,0,Low,11.75,5.04,0.5,1.0,0.676
19,79,1,2,1,8.0,63,1,1,4,0,1,0,1,2,0,0,1,0,Medium,3.15,15.01,0.4,1.0,0.552
18,64,1,2,1,9.0,89,0,1,1,1,1,1,1,3,0,0,1,0,Low,4.684210526315789,11.52,0.47368421052631576,1.25,0.3935
18,62,2,1,1,7.0,76,1,1,2,1,1,1,0,3,1,1,0,1,Low,4.0,11.16,0.3684210526315789,1.25,0.529
19,64,1,1,1,7.0,56,1,1,0,0,1,1,1,4,0,0,0,1,Low,2.8,12.16,0.35,0.75,0.374
22,67,1,2,0,7.0,70,2,1,2,0,1,1,2,2,0,0,0,0,Low,3.0434782608695654,14.74,0.30434782608695654,1.0,0.6549999999999999
19,80,2,1,1,9.0,54,1,1,0,0,1,0,0,2,0,2,1,0,Low,2.7,15.2,0.45,1.0,0.366
12,94,1,0,1,9.0,89,1,1,1,0,1,1,0,3,0,0,0,0,Low,6.846153846153846,11.28,0.6923076923076923,0.5,0.5435
23,69,1,2,1,6.0,60,1,1,2,0,1,1,0,4,0,0,0,0,Low,2.5,15.87,0.25,1.0,0.465
8,97,1,2,1,8.0,58,2,1,2,2,1,0,1,2,0,1,0,1,Medium,6.444444444444445,7.76,0.8888888888888888,1.5,0.607
8,98,0,1,1,7.0,60,1,1,1,2,1,1,0,3,0,2,0,1,Medium,6.666666666666667,7.84,0.7777777777777778,1.0,0.4275
24,98,1,2,0,8.0,61,1,1,6,1,1,1,2,3,0,0,0,1,High,2.44,23.52,0.32,1.25,0.619
23,94,2,1,1,6.0,84,2,1,0,0,1,0,1,3,0,2,0,0,High,3.5,21.62,0.25,1.0,0.636
20,75,1,1,1,9.0,82,2,1,0,0,1,0,2,5,0,1,1,1,Low,3.9047619047619047,15.0,0.42857142857142855,0.75,0.628
12,63,1,1,0,8.0,56,0,1,4,1,1,0,2,4,0,1,1,0,Low,4.3076923076923075,7.56,0.6153846153846154,1.0,0.374
16,83,1,1,1,9.0,86,1,1,5,0,1,1,0,4,0,0,1,1,Medium,5.0588235294117645,13.28,0.5294117647058824,0.75,0.6815
18,82,1,1,1,5.0,67,2,0,1,1,1,0,1,4,0,1,0,0,Medium,3.526315789473684,14.76,0.2631578947368421,0.75,0.6055
10,94,1,2,0,5.0,73,1,1,1,1,1,0,0,3,0,0,1,0,Low,6.636363636363637,9.4,0.45454545454545453,1.25,0.4794999999999999
16,100,1,2,0,10.0,56,1,1,1,2,1,0,1,2,0,0,0,1,Medium,3.2941176470588234,16.0,0.5882352941176471,1.5,0.4115
24,80,1,1,0,9.0,85,0,1,3,0,1,0,2,4,0,0,0,0,Medium,3.4,19.2,0.36,0.75,0.4525
29,74,1,2,1,6.0,69,1,1,1,0,1,1,0,1,0,1,2,1,Medium,2.3,21.46,0.2,1.0,0.4634999999999999
17,67,2,1,0,8.0,82,1,1,0,1,1,0,2,4,0,0,0,1,Low,4.555555555555555,11.39,0.4444444444444444,1.25,0.478
25,60,1,0,0,6.0,71,0,1,2,2,1,0,2,2,0,0,0,0,Low,2.730769230769231,15.0,0.23076923076923078,1.0,0.359
9,80,1,0,1,4.0,52,0,1,1,2,1,0,2,2,0,2,0,1,Low,5.2,7.2,0.4,1.0,0.24550000000000002
24,82,1,1,0,4.0,85,0,0,1,0,1,0,0,2,0,0,0,0,Low,3.4,19.68,0.16,0.5,0.3775
15,93,1,1,1,7.0,78,0,1,0,1,1,0,0,4,0,0,1,0,Low,4.875,13.95,0.4375,1.0,0.31200000000000006
22,80,1,2,1,9.0,72,0,1,2,1,1,0,1,4,0,1,0,1,Medium,3.130434782608696,17.6,0.391304347826087,1.25,0.363
19,97,2,1,1,9.0,60,2,1,3,1,1,0,0,4,0,2,1,1,High,3.0,18.43,0.45,1.25,0.6525000000000001
28,85,1,1,1,9.0,81,0,1,2,0,1,0,1,3,0,0,0,0,High,2.793103448275862,23.8,0.3103448275862069,0.75,0.3990000000000001
15,94,1,2,1,8.0,64,1,1,2,0,1,0,0,1,0,1,0,0,Medium,4.0,14.1,0.5,1.0,0.48100000000000004
24,66,2,1,1,7.0,71,0,1,1,0,1,0,1,3,0,0,0,0,Low,2.84,15.84,0.28,1.0,0.32149999999999995
18,94,0,1,1,9.0,53,1,1,3,0,1,0,0,3,0,1,1,1,Medium,2.789473684210526,16.92,0.47368421052631576,0.5,0.4745
19,87,2,1,0,4.0,89,1,1,0,0,1,0,2,5,1,2,1,1,Medium,4.45,16.53,0.2,1.0,0.506
19,67,1,0,1,8.0,55,1,0,0,1,1,1,2,4,0,0,0,0,Low,2.75,12.73,0.4,0.5,0.37
15,68,1,2,0,5.0,95,2,1,1,1,1,1,2,2,1,1,0,1,Low,5.9375,10.2,0.3125,1.25,0.7174999999999999
20,97,2,0,1,6.0,93,0,1,1,2,1,0,2,1,0,1,2,0,High,4.428571428571429,19.4,0.2857142857142857,1.25,0.40950000000000003
20,61,2,1,0,8.0,99,1,1,0,1,1,0,1,4,0,1,0,0,Low,4.714285714285714,12.2,0.38095238095238093,1.25,0.546
21,79,1,1,1,8.0,95,2,1,0,1,1,0,1,2,0,2,0,1,Medium,4.318181818181818,16.59,0.36363636363636365,1.0,0.6799999999999999
21,73,1,1,0,6.0,99,1,0,1,0,1,0,1,5,0,0,0,0,Low,4.5,15.33,0.2727272727272727,0.5,0.5835
25,87,1,1,0,8.0,94,2,1,0,1,1,0,2,4,0,0,0,0,High,3.6153846153846154,21.75,0.3076923076923077,1.0,0.6759999999999999
26,94,0,1,0,8.0,56,0,1,1,2,1,0,0,2,0,1,0,1,Medium,2.074074074074074,24.44,0.2962962962962963,1.0,0.2615
14,74,2,1,1,7.0,72,2,0,2,1,1,1,0,3,0,1,0,0,Low,4.8,10.36,0.4666666666666667,1.0,0.6629999999999999
25,77,0,1,1,7.0,54,1,1,2,1,1,0,1,1,0,1,1,0,Low,2.076923076923077,19.25,0.2692307692307692,0.75,0.441
13,99,1,1,1,10.0,77,0,1,0,1,1,1,0,3,0,1,1,1,Medium,5.5,12.87,0.7142857142857143,1.0,0.30800000000000005
24,91,2,2,1,7.0,76,1,1,0,1,1,1,2,2,0,0,1,1,High,3.04,21.84,0.28,1.5,0.45400000000000007
24,96,2,2,1,7.0,96,1,1,1,1,1,0,0,3,0,0,0,1,High,3.84,23.04,0.28,1.5,0.5715
9,78,1,1,0,7.0,98,0,1,3,0,1,0,2,2,0,0,0,0,Low,9.8,7.02,0.7,0.75,0.5045
21,69,2,0,1,7.0,63,1,1,0,1,1,0,2,3,0,0,1,0,Low,2.8636363636363638,14.49,0.3181818181818182,1.0,0.402
17,76,1,1,1,8.0,79,0,0,1,0,1,0,1,4,1,2,2,1,Low,4.388888888888889,12.92,0.4444444444444444,0.5,0.35350000000000004
15,89,2,0,0,9.0,73,2,1,2,0,1,1,1,2,0,0,0,0,Low,4.5625,13.35,0.5625,0.75,0.6669999999999999
28,64,1,1,1,7.0,77,1,1,1,2,1,0,2,2,0,0,0,0,Medium,2.6551724137931036,17.92,0.2413793103448276,1.25,0.49550000000000005
16,71,2,0,1,6.0,77,0,1,4,1,1,0,1,5,1,1,1,0,Low,4.529411764705882,11.36,0.35294117647058826,1.0,0.4580000000000001
15,62,0,2,0,10.0,96,0,1,0,1,1,1,2,4,0,0,2,0,Low,6.0,9.3,0.625,1.0,0.384
20,77,1,0,1,7.0,95,2,1,0,1,1,0,2,1,0,0,2,0,Low,4.523809523809524,15.4,0.3333333333333333,0.75,0.6799999999999999
24,93,1,2,0,4.0,56,0,1,4,0,1,0,0,2,0,2,1,1,High,2.24,22.32,0.16,1.0,0.374
19,61,2,0,1,10.0,67,0,0,1,1,1,0,2,6,0,2,0,1,Low,3.35,11.59,0.5,0.75,0.3055
27,87,2,1,1,9.0,88,1,1,1,0,1,0,2,4,1,1,0,0,High,3.142857142857143,23.49,0.32142857142857145,1.0,0.5395
23,97,1,2,0,9.0,84,0,1,1,2,1,0,2,3,1,0,2,1,High,3.5,22.31,0.375,1.5,0.3735
7,69,0,1,0,9.0,82,0,1,1,1,1,1,2,3,0,2,0,1,Low,10.25,4.83,1.125,0.75,0.3655
17,88,1,2,1,10.0,100,1,1,1,0,1,0,2,2,0,2,0,1,High,5.555555555555555,14.96,0.5555555555555556,1.0,0.5875
17,99,1,1,0,5.0,67,0,1,2,1,1,1,1,4,0,2,2,0,Medium,3.7222222222222223,16.83,0.2777777777777778,1.0,0.343
23,98,1,2,1,6.0,76,0,1,3,0,1,0,2,3,0,0,0,0,High,3.1666666666666665,22.54,0.25,1.0,0.41650000000000004
4,69,1,2,1,6.0,99,1,1,0,1,1,0,1,2,0,0,1,0,Low,19.8,2.76,1.2,1.25,0.546
35,64,1,0,0,6.0,85,2,1,2,1,1,1,1,2,0,0,1,0,Medium,2.361111111111111,22.4,0.16666666666666666,0.75,0.715
23,66,1,2,1,7.0,82,2,1,1,1,1,0,2,2,0,0,0,0,Medium,3.4166666666666665,15.18,0.2916666666666667,1.25,0.6655
21,88,2,0,0,6.0,58,1,1,3,2,1,1,1,4,0,1,0,0,High,2.6363636363636362,18.48,0.2727272727272727,1.25,0.4945
27,89,1,1,0,5.0,62,1,1,0,0,1,0,1,3,0,0,0,0,Medium,2.2142857142857144,24.03,0.17857142857142858,0.75,0.398
34,87,1,0,0,6.0,69,2,1,3,0,1,1,1,2,0,1,1,0,High,1.9714285714285715,29.58,0.17142857142857143,0.5,0.6884999999999999
25,73,1,0,1,7.0,73,1,1,1,1,1,0,2,2,0,0,0,0,Low,2.8076923076923075,18.25,0.2692307692307692,0.75,0.4794999999999999
26,67,1,1,0,9.0,75,1,1,2,1,1,0,2,3,0,0,0,0,Medium,2.7777777777777777,17.42,0.3333333333333333,1.0,0.525
21,83,1,1,0,6.0,95,2,1,4,2,1,0,1,2,0,0,2,1,High,4.318181818181818,17.43,0.2727272727272727,1.25,0.83
19,79,1,2,1,8.0,55,1,1,3,1,1,1,1,4,1,2,0,0,Medium,2.75,15.01,0.4,1.25,0.4825
17,89,0,1,1,5.0,62,2,1,2,1,1,1,2,2,0,1,0,1,Medium,3.4444444444444446,15.13,0.2777777777777778,0.75,0.623
15,78,1,2,0,4.0,57,2,1,2,1,1,0,0,2,0,0,0,1,Low,3.5625,11.7,0.25,1.25,0.603
16,74,1,0,1,7.0,87,1,1,0,0,1,0,2,3,0,1,0,1,Low,5.117647058823529,11.84,0.4117647058823529,0.5,0.498
12,72,0,0,1,6.0,99,2,1,0,0,1,0,2,4,0,1,2,1,Low,7.615384615384615,8.64,0.46153846153846156,0.25,0.696
20,68,1,2,1,6.0,95,1,1,0,0,1,0,2,4,0,0,0,1,Low,4.523809523809524,13.6,0.2857142857142857,1.0,0.53
10,71,1,2,1,6.0,86,1,1,1,1,0,0,0,2,1,2,0,0,Low,7.818181818181818,7.1,0.5454545454545454,1.25,0.5315
21,64,0,2,1,6.0,51,0,1,0,2,0,0,0,3,0,1,1,1,Low,2.3181818181818183,13.44,0.2727272727272727,1.25,0.20400000000000001
20,74,0,1,1,6.0,67,2,1,0,1,1,1,0,4,1,1,1,1,Low,3.1904761904761907,14.8,0.2857142857142857,0.75,0.5680000000000001
21,61,1,1,1,6.0,93,0,1,3,1,2,1,1,3,0,0,0,1,Low,4.2272727272727275,12.81,0.2727272727272727,1.0,0.48450000000000004
17,67,2,0,0,5.0,83,2,1,3,0,1,0,2,3,0,0,1,0,Low,4.611111111111111,11.39,0.2777777777777778,0.75,0.7444999999999999
38,90,2,1,1,4.0,60,0,1,2,0,1,0,1,4,0,1,1,0,High,1.5384615384615385,34.2,0.10256410256410256,1.0,0.315
28,73,0,1,1,4.0,73,1,1,2,2,2,0,2,2,0,2,0,1,High,2.5172413793103448,20.44,0.13793103448275862,1.0,0.5169999999999999
13,87,0,1,0,10.0,54,0,1,2,0,1,0,2,2,0,0,1,1,Low,3.857142857142857,11.31,0.7142857142857143,0.5,0.29100000000000004
21,89,0,1,0,7.0,76,1,1,3,2,1,0,2,2,0,0,2,1,Medium,3.4545454545454546,18.69,0.3181818181818182,1.0,0.5665
16,83,1,2,1,9.0,95,1,1,2,0,2,0,1,2,0,1,0,0,Medium,5.588235294117647,13.28,0.5294117647058824,1.0,0.605
14,98,1,2,1,7.0,52,2,1,1,1,2,1,0,4,0,0,1,0,High,3.466666666666667,13.72,0.4666666666666667,1.25,0.5455
12,61,1,1,1,7.0,81,1,1,2,2,1,0,1,3,0,1,2,0,Low,6.230769230769231,7.32,0.5384615384615384,1.25,0.549
23,90,2,1,1,7.0,62,1,1,3,1,0,1,2,2,0,2,1,0,High,2.5833333333333335,20.7,0.2916666666666667,1.25,0.5105
16,98,1,0,0,8.0,100,0,1,2,0,1,0,1,1,0,0,0,0,Medium,5.882352941176471,15.68,0.47058823529411764,0.5,0.47500000000000003
26,94,2,0,1,5.0,53,0,1,0,0,2,0,1,2,0,0,0,0,Medium,1.962962962962963,24.44,0.18518518518518517,0.75,0.21200000000000002
26,67,0,2,1,6.0,81,2,1,4,0,2,0,1,3,1,1,0,0,Medium,3.0,17.42,0.2222222222222222,0.75,0.7740000000000001
28,73,0,1,1,7.0,63,0,1,0,0,1,0,2,2,0,0,0,0,Low,2.1724137931034484,20.44,0.2413793103448276,0.5,0.252
15,67,1,2,1,4.0,94,2,1,1,1,1,1,2,5,0,0,2,0,Low,5.875,10.05,0.25,1.25,0.7134999999999999
23,84,0,0,1,9.0,56,0,0,1,1,2,0,2,4,0,0,0,1,Low,2.3333333333333335,19.32,0.375,0.25,0.2615
24,88,2,2,0,9.0,71,1,1,2,2,2,0,0,3,0,0,0,1,High,2.84,21.12,0.36,1.75,0.5089999999999999
17,73,1,0,0,4.0,59,2,1,2,0,2,1,0,4,0,0,1,1,Low,3.2777777777777777,12.41,0.2222222222222222,0.5,0.611
15,82,1,2,1,6.0,90,2,0,2,2,1,0,2,2,0,0,0,0,Medium,5.625,12.3,0.375,1.25,0.735
30,88,1,1,1,7.0,68,0,1,1,1,2,0,2,3,0,1,0,1,High,2.193548387096774,26.4,0.22580645161290322,1.0,0.3095
21,77,1,0,1,8.0,59,1,1,3,0,1,1,2,2,0,0,0,0,Low,2.6818181818181817,16.17,0.36363636363636365,0.5,0.4985
24,94,0,1,0,9.0,86,2,1,2,0,1,0,1,3,0,1,0,1,High,3.44,22.56,0.36,0.5,0.719
15,91,1,0,1,6.0,91,0,1,0,1,1,0,2,3,0,1,1,1,Medium,5.6875,13.65,0.375,0.75,0.36400000000000005
13,63,1,1,0,10.0,73,0,1,2,0,2,0,0,3,0,2,1,0,Low,5.214285714285714,8.19,0.7142857142857143,0.75,0.367
17,85,2,2,1,7.0,69,1,1,4,0,2,1,1,2,0,0,0,1,High,3.8333333333333335,14.45,0.3888888888888889,1.25,0.576
19,69,1,1,1,7.0,82,0,0,2,0,1,0,1,3,0,1,0,0,Low,4.1,13.11,0.35,0.5,0.403
14,82,1,1,1,8.0,83,1,1,0,1,1,0,0,2,0,0,1,0,Low,5.533333333333333,11.48,0.5333333333333333,1.0,0.482
20,98,0,2,1,7.0,83,1,0,0,0,1,0,1,3,0,0,2,1,Medium,3.9523809523809526,19.6,0.3333333333333333,0.5,0.482
10,95,2,1,0,7.0,64,2,1,4,0,1,1,2,3,0,2,0,0,High,5.818181818181818,9.5,0.6363636363636364,1.0,0.7060000000000001
13,76,0,1,1,10.0,97,2,1,4,0,0,0,1,3,0,1,1,0,Low,6.928571428571429,9.88,0.7142857142857143,0.5,0.838
24,72,2,2,0,7.0,61,1,1,3,0,1,1,1,2,0,0,0,1,Medium,2.44,17.28,0.28,1.25,0.5065
24,69,1,0,1,6.0,69,1,1,0,0,2,1,1,4,0,1,0,0,Low,2.76,16.56,0.24,0.5,0.42599999999999993
18,81,0,1,1,6.0,64,1,1,1,1,1,0,2,4,0,0,1,1,Low,3.3684210526315788,14.58,0.3157894736842105,0.75,0.4435
14,65,1,2,1,9.0,97,0,1,3,0,2,0,2,4,0,0,0,1,Low,6.466666666666667,9.1,0.6,1.0,0.5005
14,82,2,0,1,8.0,91,2,1,1,0,1,0,0,2,0,0,0,0,Low,6.066666666666666,11.48,0.5333333333333333,0.75,0.7015
18,60,1,2,0,5.0,91,0,1,2,0,1,0,0,4,1,0,0,0,Low,4.7894736842105265,10.8,0.2631578947368421,1.0,0.43900000000000006
24,73,1,1,1,5.0,50,0,1,1,0,1,0,0,2,0,0,0,0,Low,2.0,17.52,0.2,0.75,0.23750000000000002
26,69,0,0,1,7.0,84,1,1,0,1,1,1,1,3,1,0,1,0,Low,3.111111111111111,17.94,0.25925925925925924,0.5,0.486
17,99,1,1,1,8.0,62,1,1,3,1,1,1,1,3,0,0,0,0,High,3.4444444444444446,16.83,0.4444444444444444,1.0,0.5105
13,89,0,2,1,6.0,98,1,1,0,1,1,1,0,4,0,0,0,0,Medium,7.0,11.57,0.42857142857142855,1.0,0.542
22,74,2,2,0,4.0,77,0,1,0,2,1,1,0,3,1,0,0,0,Low,3.347826086956522,16.28,0.17391304347826086,1.75,0.30800000000000005
15,64,2,1,0,5.0,78,1,1,2,0,1,0,2,2,0,0,1,0,Low,4.875,9.6,0.3125,1.0,0.537
17,81,2,0,1,9.0,68,2,1,1,0,0,1,2,3,0,1,0,1,Low,3.7777777777777777,13.77,0.5,0.75,0.6095
28,69,0,1,0,8.0,77,1,1,3,1,1,0,1,4,0,1,1,1,Medium,2.6551724137931036,19.32,0.27586206896551724,0.75,0.5705
25,81,1,1,0,9.0,87,0,1,1,0,2,1,0,1,0,2,1,1,Medium,3.3461538461538463,20.25,0.34615384615384615,0.75,0.3855
21,93,0,2,1,9.0,78,0,1,1,1,0,0,1,2,1,0,2,0,Medium,3.5454545454545454,19.53,0.4090909090909091,1.0,0.34950000000000003
12,85,1,2,1,6.0,82,1,1,1,2,1,0,1,2,0,0,2,0,Low,6.3076923076923075,10.2,0.46153846153846156,1.5,0.5155
21,85,2,2,1,6.0,74,1,1,2,1,1,0,1,4,0,0,0,1,High,3.3636363636363638,17.85,0.2727272727272727,1.5,0.5209999999999999
26,82,1,1,1,7.0,86,1,1,0,0,2,0,1,2,1,2,0,0,Medium,3.185185185185185,21.32,0.25925925925925924,0.75,0.494
18,97,2,0,1,8.0,95,2,1,1,1,1,0,2,2,0,2,1,0,High,5.0,17.46,0.42105263157894735,1.0,0.7174999999999999
28,97,2,0,1,9.0,53,0,1,0,0,1,1,0,3,0,1,1,1,High,1.8275862068965518,27.16,0.3103448275862069,0.75,0.21200000000000002
28,81,1,1,1,10.0,55,1,1,2,1,0,1,1,3,0,0,0,0,Medium,1.896551724137931,22.68,0.3448275862068966,1.0,0.445
30,72,1,1,0,8.0,84,1,1,1,0,2,1,2,1,0,0,0,0,Medium,2.7096774193548385,21.6,0.25806451612903225,0.75,0.5235
22,78,0,2,1,8.0,69,2,1,2,0,1,0,0,2,0,0,0,1,Medium,3.0,17.16,0.34782608695652173,0.75,0.6509999999999999
24,67,1,1,0,10.0,64,0,1,1,0,1,0,2,2,1,1,2,1,Low,2.56,16.08,0.4,0.75,0.2935
28,85,1,0,0,7.0,59,0,1,1,0,1,0,1,3,0,2,2,0,Medium,2.0344827586206895,23.8,0.2413793103448276,0.5,0.27349999999999997
23,80,2,1,0,9.0,79,1,1,1,1,2,0,0,2,0,2,0,0,Medium,3.2916666666666665,18.4,0.375,1.25,0.5035000000000001
17,64,1,2,1,8.0,67,1,1,3,0,1,0,0,3,0,1,0,0,Low,3.7222222222222223,10.88,0.4444444444444444,1.0,0.5305
17,68,1,2,1,8.0,75,1,1,2,0,2,1,2,3,0,1,0,1,Low,4.166666666666667,11.56,0.4444444444444444,1.0,0.525
21,79,2,0,1,7.0,98,2,1,2,0,1,0,2,1,0,0,0,0,Medium,4.454545454545454,16.59,0.3181818181818182,0.75,0.7669999999999999
12,96,2,2,0,5.0,88,2,1,0,1,1,1,2,2,0,1,1,1,High,6.769230769230769,11.52,0.38461538461538464,1.5,0.652
19,83,2,1,0,8.0,90,0,1,3,0,1,0,2,3,0,1,1,1,Medium,4.5,15.77,0.4,1.0,0.47250000000000003
27,87,1,1,1,8.0,56,1,1,3,1,2,0,1,3,0,2,0,0,High,2.0,23.49,0.2857142857142857,1.0,0.4865
7,74,1,1,1,6.0,66,0,1,1,0,2,1,2,2,0,0,0,1,Low,8.25,5.18,0.75,0.75,0.3015
29,83,1,1,0,7.0,55,2,1,2,0,0,1,0,4,0,0,0,1,Medium,1.8333333333333333,24.07,0.23333333333333334,0.75,0.595
27,78,1,1,0,6.0,98,0,1,1,1,1,0,2,3,0,0,2,0,Medium,3.5,21.06,0.21428571428571427,1.0,0.4295
17,86,0,1,0,6.0,84,2,1,0,1,1,1,1,3,0,0,0,1,Low,4.666666666666667,14.62,0.3333333333333333,0.75,0.636
23,62,1,1,0,6.0,51,1,1,5,2,1,0,0,2,0,1,0,0,Low,2.125,14.26,0.25,1.25,0.5415
20,80,2,0,1,5.0,74,1,1,2,0,0,0,0,4,0,1,1,1,Low,3.5238095238095237,16.0,0.23809523809523808,0.75,0.5209999999999999
27,72,1,1,0,6.0,63,1,1,1,2,1,1,0,5,0,1,1,1,Medium,2.25,19.44,0.21428571428571427,1.25,0.4395
26,73,1,2,0,8.0,77,1,1,0,1,2,1,2,2,0,1,2,0,Medium,2.8518518518518516,18.98,0.2962962962962963,1.25,0.4580000000000001
12,98,0,1,0,9.0,59,0,1,1,2,1,0,1,2,0,2,0,1,Medium,4.538461538461538,11.76,0.6923076923076923,1.0,0.27349999999999997
24,67,0,1,1,10.0,53,1,1,0,1,1,0,2,3,1,1,0,1,Low,2.12,16.08,0.4,0.75,0.362
19,72,1,0,0,6.0,66,1,1,0,1,2,1,1,2,0,2,0,0,Low,3.3,13.68,0.3,0.75,0.41400000000000003
20,80,1,0,0,9.0,65,2,1,1,1,1,1,2,3,0,1,2,0,Low,3.0952380952380953,16.0,0.42857142857142855,0.75,0.5975
16,95,2,1,1,8.0,86,1,1,0,0,0,0,2,4,0,0,1,0,Medium,5.0588235294117645,15.2,0.47058823529411764,1.0,0.494
30,77,1,0,1,7.0,74,1,1,3,2,1,1,1,3,0,2,1,0,High,2.3870967741935485,23.1,0.22580645161290322,1.0,0.5585
26,90,1,1,0,8.0,65,2,1,3,1,2,1,2,2,0,0,0,1,High,2.4074074074074074,23.4,0.2962962962962963,1.0,0.6725000000000001
16,94,1,2,0,9.0,79,2,1,2,2,1,0,2,5,0,0,1,1,High,4.647058823529412,15.04,0.5294117647058824,1.5,0.6910000000000001
12,72,1,1,1,6.0,54,0,1,3,0,1,0,2,2,0,2,0,0,Low,4.153846153846154,8.64,0.46153846153846156,0.75,0.3285
18,76,2,2,0,6.0,83,1,1,1,2,1,0,1,4,0,0,0,0,Medium,4.368421052631579,13.68,0.3157894736842105,1.75,0.5195
23,74,1,2,1,6.0,57,0,0,1,2,2,1,1,3,0,1,0,0,Medium,2.375,17.02,0.25,1.25,0.26549999999999996
21,93,1,0,0,6.0,64,1,1,2,0,1,0,2,4,0,2,1,0,Medium,2.909090909090909,19.53,0.2727272727272727,0.5,0.48100000000000004
28,62,1,1,0,9.0,64,2,1,1,0,1,1,0,2,0,2,0,0,Low,2.206896551724138,17.36,0.3103448275862069,0.75,0.5935
25,72,2,0,1,6.0,73,2,1,4,1,2,0,1,4,0,1,1,0,Medium,2.8076923076923075,18.0,0.23076923076923078,1.0,0.742
26,87,1,1,0,6.0,98,2,1,0,1,2,0,0,4,0,1,1,0,High,3.6296296296296298,22.62,0.2222222222222222,1.0,0.692
22,83,1,0,1,7.0,66,1,1,2,1,1,1,1,3,0,0,0,1,Medium,2.869565217391304,18.26,0.30434782608695654,0.75,0.48900000000000005
12,77,0,1,0,7.0,64,0,1,2,2,2,0,2,4,0,1,1,1,Low,4.923076923076923,9.24,0.5384615384615384,1.0,0.331
19,82,2,1,1,6.0,58,0,1,2,1,2,1,2,3,0,1,0,1,Medium,2.9,15.58,0.3,1.25,0.307
26,68,2,0,1,10.0,70,1,1,1,0,1,0,2,3,0,1,0,0,Medium,2.5925925925925926,17.68,0.37037037037037035,0.75,0.4674999999999999
20,77,0,0,0,6.0,59,0,1,1,2,1,0,0,2,0,0,1,1,Low,2.8095238095238093,15.4,0.2857142857142857,0.75,0.27349999999999997
23,80,2,1,0,7.0,57,0,1,2,1,2,0,0,2,0,2,1,1,Medium,2.375,18.4,0.2916666666666667,1.25,0.303
18,96,1,1,1,4.0,93,1,1,0,1,2,0,2,4,0,1,0,1,High,4.894736842105263,17.28,0.21052631578947367,1.0,0.522
14,70,1,2,1,7.0,53,0,1,0,1,1,0,0,3,0,0,1,0,Low,3.533333333333333,9.8,0.4666666666666667,1.25,0.21200000000000002
19,95,0,0,1,5.0,86,1,1,0,2,1,0,0,4,0,0,1,0,Medium,4.3,18.05,0.25,0.75,0.494
22,86,2,1,0,6.0,60,2,1,0,2,2,0,1,3,0,2,0,0,High,2.608695652173913,18.92,0.2608695652173913,1.5,0.54
16,61,0,1,1,4.0,51,0,1,1,0,1,0,1,3,0,0,0,0,Low,3.0,9.76,0.23529411764705882,0.5,0.24150000000000002
19,89,2,1,1,6.0,90,2,1,0,0,2,1,0,4,0,1,1,1,High,4.5,16.91,0.3,1.0,0.66
14,61,0,1,0,7.0,85,2,1,1,0,1,0,1,1,0,0,0,1,Low,5.666666666666667,8.54,0.4666666666666667,0.5,0.6775
27,100,2,1,0,7.0,67,1,1,1,2,2,0,1,3,0,1,1,0,High,2.392857142857143,27.0,0.25,1.5,0.4555
18,95,0,2,1,6.0,54,2,1,0,1,2,1,0,3,0,1,1,0,Medium,2.8421052631578947,17.1,0.3157894736842105,1.0,0.516
29,72,1,1,0,7.0,68,0,1,0,0,1,0,2,3,0,1,0,1,Medium,2.2666666666666666,20.88,0.23333333333333334,0.75,0.272
29,70,1,0,0,6.0,59,2,1,2,1,1,1,1,4,0,2,2,0,Medium,1.9666666666666666,20.3,0.2,0.75,0.611
20,75,0,1,1,7.0,97,2,1,0,1,1,0,1,2,0,1,0,1,Low,4.619047619047619,15.0,0.3333333333333333,0.75,0.688
14,74,1,1,0,7.0,76,2,1,1,0,2,0,1,2,0,0,2,1,Low,5.066666666666666,10.36,0.4666666666666667,0.75,0.6415000000000001
7,75,1,1,0,7.0,98,0,0,1,0,2,0,2,3,0,1,0,0,Low,12.25,5.25,0.875,0.5,0.4295
11,73,2,0,1,7.0,68,2,1,3,0,2,1,1,3,0,1,1,1,Low,5.666666666666667,8.03,0.5833333333333334,0.75,0.6845000000000001
12,85,1,1,1,6.0,78,2,1,3,1,1,0,1,4,0,1,0,0,Medium,6.0,10.2,0.46153846153846156,1.0,0.7245000000000001
28,67,1,1,0,8.0,60,2,1,0,1,1,0,2,3,0,0,1,1,Low,2.0689655172413794,18.76,0.27586206896551724,1.0,0.54
21,94,1,0,1,8.0,90,0,1,1,1,1,0,2,4,0,2,0,1,High,4.090909090909091,19.74,0.36363636363636365,0.75,0.3975
22,92,1,1,1,7.0,52,0,0,1,1,1,1,0,3,0,2,0,1,Medium,2.260869565217391,20.24,0.30434782608695654,0.75,0.24550000000000002
7,79,0,2,1,9.0,85,1,1,0,1,1,0,0,2,0,0,0,0,Low,10.625,5.53,1.125,1.0,0.49
13,94,2,2,1,7.0,70,1,1,1,1,1,1,0,3,0,0,1,0,Medium,5.0,12.22,0.5,1.5,0.4674999999999999
25,70,1,1,1,7.0,79,0,1,3,2,1,0,1,3,0,0,0,0,Medium,3.0384615384615383,17.5,0.2692307692307692,1.25,0.42850000000000005
22,61,2,1,1,7.0,80,2,1,3,1,2,0,1,3,0,2,1,0,Medium,3.4782608695652173,13.42,0.30434782608695654,1.25,0.7325000000000002
19,85,1,1,1,7.0,86,1,1,0,0,1,0,2,2,0,1,1,1,Medium,4.3,16.15,0.35,0.75,0.494
23,78,2,2,1,6.0,60,1,1,2,2,2,0,2,4,0,0,2,0,High,2.5,17.94,0.25,1.75,0.465
30,83,0,1,1,4.0,77,1,1,0,0,1,0,1,4,0,0,0,1,Medium,2.4838709677419355,24.9,0.12903225806451613,0.5,0.4580000000000001
19,96,0,1,0,7.0,71,1,1,2,0,2,1,2,3,0,2,1,0,High,3.55,18.24,0.35,0.5,0.5089999999999999
20,99,1,0,0,8.0,64,0,1,1,2,1,0,2,2,0,0,0,0,Medium,3.0476190476190474,19.8,0.38095238095238093,1.0,0.2935
21,85,2,1,1,5.0,75,0,1,1,2,2,0,2,2,0,0,1,1,High,3.409090909090909,17.85,0.22727272727272727,1.5,0.3375
34,91,1,0,0,9.0,98,1,1,0,1,1,0,1,4,0,0,1,0,High,2.8,30.94,0.2571428571428571,0.75,0.542
7,63,0,1,0,5.0,97,1,1,1,0,1,0,1,2,0,0,0,1,Low,12.125,4.41,0.625,0.5,0.5755
24,66,1,1,0,6.0,64,1,0,0,1,2,0,1,4,0,0,0,0,Low,2.56,15.84,0.24,0.75,0.406
19,89,2,2,1,10.0,94,1,1,0,2,1,1,1,1,0,1,0,1,High,4.7,16.91,0.5,1.75,0.526
23,77,0,2,1,8.0,94,1,1,0,2,1,1,2,3,0,2,0,0,High,3.9166666666666665,17.71,0.3333333333333333,1.25,0.526
16,78,0,2,0,7.0,62,1,1,0,2,2,0,0,1,0,0,2,1,Low,3.6470588235294117,12.48,0.4117647058823529,1.25,0.398
20,72,2,1,1,7.0,80,1,1,1,0,2,1,0,3,0,1,0,0,Low,3.8095238095238093,14.4,0.3333333333333333,1.0,0.5075000000000001
24,84,2,2,0,9.0,93,1,1,3,2,1,0,1,4,0,0,2,0,High,3.72,20.16,0.36,1.75,0.6345000000000001
39,67,2,2,1,5.0,76,1,0,2,1,1,1,0,4,0,0,0,1,High,1.9,26.13,0.125,1.25,0.529
25,85,2,2,0,9.0,68,1,1,1,2,1,0,0,3,0,2,2,1,High,2.6153846153846154,21.25,0.34615384615384615,1.75,0.4595
15,67,0,1,1,6.0,83,0,1,3,1,0,0,2,3,0,0,1,0,Low,5.1875,10.05,0.375,0.75,0.4445
17,63,1,1,1,8.0,59,1,1,1,0,2,0,2,1,0,2,1,0,Low,3.2777777777777777,10.71,0.4444444444444444,0.75,0.4235
17,73,1,0,0,6.0,58,1,1,4,1,1,0,2,1,0,1,0,0,Low,3.2222222222222223,12.41,0.3333333333333333,0.75,0.532
9,69,2,2,1,10.0,92,1,1,2,0,1,1,1,3,0,2,0,0,Low,9.2,6.21,1.0,1.25,0.593
18,96,2,0,1,7.0,52,0,1,1,0,1,1,1,4,0,1,0,1,Medium,2.736842105263158,17.28,0.3684210526315789,0.75,0.24550000000000002
24,62,2,1,1,5.0,90,0,1,0,2,1,1,2,3,0,1,0,0,Medium,3.6,14.88,0.2,1.5,0.36000000000000004
12,67,1,1,1,8.0,65,0,1,1,2,1,0,1,3,0,0,1,0,Low,5.0,8.04,0.6153846153846154,1.25,0.2975
26,82,0,0,1,9.0,74,2,1,2,1,1,0,0,5,0,0,1,1,Medium,2.740740740740741,21.32,0.3333333333333333,0.5,0.6709999999999999
23,79,1,2,0,9.0,77,1,1,1,0,2,0,1,3,0,0,0,0,Medium,3.2083333333333335,18.17,0.375,1.0,0.49550000000000005
16,62,1,1,0,7.0,88,1,1,1,0,2,0,1,1,0,0,0,1,Low,5.176470588235294,9.92,0.4117647058823529,0.75,0.5395
19,60,1,0,0,8.0,94,2,1,1,0,0,1,1,3,0,0,0,1,Low,4.7,11.4,0.4,0.5,0.7134999999999999
30,100,2,2,1,6.0,90,0,1,0,1,0,0,2,2,1,0,0,0,High,2.903225806451613,30.0,0.1935483870967742,1.5,0.36000000000000004
24,86,1,1,1,8.0,79,1,0,0,0,1,0,1,4,0,0,0,1,Medium,3.16,20.64,0.32,0.5,0.4660000000000001
20,75,0,2,0,8.0,67,1,1,1,2,0,0,2,4,0,1,1,0,Low,3.1904761904761907,15.0,0.38095238095238093,1.25,0.4555
19,79,1,1,0,4.0,76,2,1,1,1,1,1,1,3,0,0,0,0,Medium,3.8,15.01,0.2,1.0,0.6415000000000001
20,71,2,1,0,5.0,52,2,1,1,1,2,0,1,3,0,0,1,0,Low,2.4761904761904763,14.2,0.23809523809523808,1.25,0.5455
17,74,1,1,1,7.0,62,1,1,2,2,1,0,2,4,0,0,0,0,Low,3.4444444444444446,12.58,0.3888888888888889,1.25,0.47300000000000003
7,86,2,1,0,7.0,68,1,1,5,0,1,0,2,4,0,2,1,0,Medium,8.5,6.02,0.875,1.0,0.6095
32,95,1,1,1,7.0,66,2,1,5,2,1,1,0,3,0,1,0,0,High,2.0,30.4,0.21212121212121213,1.25,0.7515000000000001
21,67,0,2,1,7.0,55,2,1,2,2,2,1,2,3,0,0,1,1,Low,2.5,14.07,0.3181818181818182,1.25,0.595
22,94,0,0,0,9.0,53,2,1,1,1,2,0,1,3,0,1,0,1,Medium,2.3043478260869565,20.68,0.391304347826087,0.5,0.5495
20,65,2,1,1,8.0,71,0,1,2,0,1,1,1,3,1,1,0,1,Low,3.380952380952381,13.0,0.38095238095238093,1.0,0.359
16,69,1,2,1,4.0,54,1,1,4,0,0,0,2,4,0,1,0,1,Low,3.176470588235294,11.04,0.23529411764705882,1.0,0.516
19,61,2,1,0,10.0,64,1,1,3,0,1,0,2,3,0,0,1,0,Low,3.2,11.59,0.5,1.0,0.5185
10,66,1,1,0,4.0,74,0,1,2,0,1,0,0,2,0,0,1,0,Low,6.7272727272727275,6.6,0.36363636363636365,0.75,0.371
34,97,1,1,0,8.0,60,1,1,2,1,1,1,1,4,0,0,0,0,High,1.7142857142857142,32.98,0.22857142857142856,1.0,0.465
13,78,1,0,1,5.0,54,0,1,2,0,2,0,2,3,1,1,0,0,Low,3.857142857142857,10.14,0.35714285714285715,0.5,0.29100000000000004
14,63,0,0,1,9.0,72,1,1,3,0,0,0,2,4,1,0,0,1,Low,4.8,8.82,0.6,0.25,0.5505
17,98,1,2,1,7.0,72,2,1,0,0,1,0,2,3,0,0,0,0,High,4.0,16.66,0.3888888888888889,1.0,0.588
28,95,1,1,0,8.0,96,1,1,1,1,1,0,1,3,0,2,1,0,High,3.310344827586207,26.6,0.27586206896551724,1.0,0.5715
20,90,2,1,1,4.0,56,1,1,0,0,2,1,2,1,0,0,1,0,Medium,2.6666666666666665,18.0,0.19047619047619047,1.0,0.374
13,97,1,1,1,8.0,81,1,1,3,0,1,0,1,1,0,0,2,0,Medium,5.785714285714286,12.61,0.5714285714285714,0.75,0.5865
28,69,1,1,1,8.0,66,1,1,0,0,1,0,2,6,0,1,2,0,Low,2.2758620689655173,19.32,0.27586206896551724,0.75,0.41400000000000003
24,93,0,2,1,8.0,56,1,1,1,0,1,0,1,3,0,1,1,0,Medium,2.24,22.32,0.32,0.75,0.4115
23,88,1,1,0,8.0,70,1,1,2,1,2,0,1,4,0,0,0,1,High,2.9166666666666665,20.24,0.3333333333333333,1.0,0.5049999999999999
24,95,1,2,1,7.0,71,2,1,1,1,2,0,2,3,0,0,0,0,High,2.84,22.8,0.28,1.25,0.6214999999999999
34,92,2,1,0,7.0,68,0,1,0,1,2,0,2,5,0,1,0,1,High,1.9428571428571428,31.28,0.2,1.25,0.272
33,74,1,1,1,6.0,88,1,1,2,1,1,1,1,3,0,1,0,0,High,2.588235294117647,24.42,0.17647058823529413,1.0,0.577
16,91,2,2,1,6.0,92,0,1,2,0,2,1,2,3,0,0,1,0,High,5.411764705882353,14.56,0.35294117647058826,1.25,0.44300000000000006
30,70,1,1,0,9.0,57,1,1,1,0,1,0,0,4,0,1,2,1,Low,1.8387096774193548,21.0,0.2903225806451613,0.75,0.4155
22,73,0,1,0,6.0,58,2,1,1,1,1,1,2,3,0,2,1,0,Low,2.5217391304347827,16.06,0.2608695652173913,0.75,0.5695
23,64,1,2,0,4.0,71,0,1,2,1,1,0,0,1,0,2,0,0,Low,2.9583333333333335,14.72,0.16666666666666666,1.25,0.359
10,97,1,1,0,6.0,66,1,1,2,0,1,0,1,2,0,2,0,1,Medium,6.0,9.7,0.5454545454545454,0.75,0.48900000000000005
19,72,1,1,1,8.0,91,2,1,1,0,1,1,2,4,0,0,1,0,Medium,4.55,13.68,0.4,0.75,0.7015
15,81,1,1,1,7.0,100,1,1,1,0,1,0,1,3,0,2,1,0,Medium,6.25,12.15,0.4375,0.75,0.5875
25,76,2,2,1,8.0,59,1,1,4,1,1,1,1,4,0,1,0,1,High,2.269230769230769,19.0,0.3076923076923077,1.5,0.536
26,98,2,0,0,4.0,88,0,1,1,1,2,0,1,1,0,1,1,1,High,3.259259259259259,25.48,0.14814814814814814,1.0,0.3895
8,73,1,2,1,4.0,80,0,1,0,0,2,0,1,4,0,1,1,0,Low,8.88888888888889,5.84,0.4444444444444444,1.0,0.32000000000000006
20,91,2,0,1,7.0,82,1,1,0,1,1,0,1,4,0,1,0,0,High,3.9047619047619047,18.2,0.3333333333333333,1.0,0.478
27,94,1,2,0,9.0,63,2,1,0,0,1,0,1,4,0,1,0,1,High,2.25,25.38,0.32142857142857145,1.0,0.552
19,77,0,1,1,4.0,55,1,1,0,1,0,0,2,4,0,1,1,0,Low,2.75,14.63,0.2,0.75,0.37
24,75,2,0,1,8.0,77,2,1,1,0,1,1,0,1,0,1,1,0,Low,3.08,18.0,0.32,0.75,0.6455000000000001
22,90,0,1,1,9.0,81,1,1,0,1,1,0,1,4,0,0,0,0,Medium,3.5217391304347827,19.8,0.391304347826087,0.75,0.4740000000000001
22,97,2,1,0,7.0,98,2,1,0,1,1,0,0,0,0,1,1,1,High,4.260869565217392,21.34,0.30434782608695654,1.25,0.692
18,90,1,0,0,8.0,84,2,1,2,0,2,1,2,3,0,0,1,0,Medium,4.421052631578948,16.2,0.42105263157894735,0.5,0.711
13,69,1,1,1,7.0,72,0,1,2,2,1,0,2,2,0,0,1,1,Low,5.142857142857143,8.97,0.5,1.25,0.363
13,96,1,2,1,7.0,100,1,0,4,1,2,0,0,3,0,0,0,0,High,7.142857142857143,12.48,0.5,1.0,0.7000000000000001
24,76,2,0,1,8.0,69,0,1,3,0,1,1,0,1,0,0,0,0,Low,2.76,18.24,0.32,0.75,0.38849999999999996
20,83,0,2,1,10.0,58,1,1,0,0,2,0,1,1,0,0,0,1,Low,2.761904761904762,16.6,0.47619047619047616,0.75,0.382
19,93,0,0,1,6.0,81,1,1,2,2,1,1,2,3,1,1,1,1,Medium,4.05,17.67,0.3,0.75,0.549
17,68,1,1,1,7.0,63,1,0,0,0,1,0,1,3,0,0,1,0,Low,3.5,11.56,0.3888888888888889,0.5,0.402
18,91,0,2,0,6.0,96,1,1,2,0,1,1,2,3,0,2,0,0,High,5.052631578947368,16.38,0.3157894736842105,0.75,0.609
26,84,1,2,1,7.0,71,1,1,0,1,1,0,1,2,0,0,0,1,High,2.6296296296296298,21.84,0.25925925925925924,1.25,0.43399999999999994
18,96,2,0,0,7.0,57,0,1,1,0,1,0,0,3,0,0,1,1,Low,3.0,17.28,0.3684210526315789,0.75,0.26549999999999996
12,67,2,1,1,9.0,57,0,1,0,0,1,1,2,2,0,1,1,0,Low,4.384615384615385,8.04,0.6923076923076923,1.0,0.22799999999999998
24,77,2,0,1,9.0,82,0,1,1,1,1,1,1,2,0,0,0,0,Medium,3.28,18.48,0.36,1.0,0.3655
19,93,2,1,1,8.0,68,1,1,1,2,2,0,2,3,0,2,0,1,High,3.4,17.67,0.4,1.5,0.4595
20,61,2,2,0,9.0,68,1,1,1,2,0,1,2,3,0,0,0,1,Low,3.238095238095238,12.2,0.42857142857142855,1.75,0.4595
30,64,2,1,0,6.0,81,0,1,3,1,1,0,0,2,0,1,0,1,Medium,2.6129032258064515,19.2,0.1935483870967742,1.25,0.43650000000000005
20,100,0,1,1,6.0,61,2,0,3,1,1,0,2,4,0,1,2,0,High,2.9047619047619047,20.0,0.2857142857142857,0.5,0.6565000000000001
22,71,1,0,1,8.0,57,1,1,1,0,2,0,0,4,0,0,1,0,Low,2.4782608695652173,15.62,0.34782608695652173,0.5,0.4155
13,99,2,0,0,7.0,83,1,1,1,1,1,0,1,4,0,2,2,1,Medium,5.928571428571429,12.87,0.5,1.0,0.5195
19,67,1,0,0,10.0,50,1,1,0,2,1,0,2,3,0,0,0,0,Low,2.5,12.73,0.5,1.0,0.35
24,74,2,2,0,4.0,95,2,1,1,2,1,0,1,4,0,2,1,1,High,3.8,17.76,0.16,1.75,0.7174999999999999
11,90,0,0,1,8.0,59,0,1,1,0,2,0,2,4,0,0,0,0,Low,4.916666666666667,9.9,0.6666666666666666,0.25,0.27349999999999997
21,86,2,1,0,8.0,72,1,1,0,2,2,0,2,3,0,0,1,0,Medium,3.272727272727273,18.06,0.36363636363636365,1.5,0.43799999999999994
21,83,1,2,1,6.0,61,2,1,2,0,2,0,2,3,0,2,0,0,High,2.772727272727273,17.43,0.2727272727272727,1.0,0.619
20,81,0,1,1,6.0,61,0,0,0,0,1,0,2,4,1,0,0,1,Low,2.9047619047619047,16.2,0.2857142857142857,0.25,0.244
26,94,0,2,1,6.0,92,0,1,1,0,2,0,1,3,0,0,0,1,High,3.4074074074074074,24.44,0.2222222222222222,0.75,0.4055
22,69,1,1,1,5.0,79,1,1,1,0,0,0,2,3,0,1,0,0,Low,3.4347826086956523,15.18,0.21739130434782608,0.75,0.5035000000000001
29,78,2,1,1,9.0,66,1,1,2,0,1,0,1,4,0,0,1,0,Medium,2.2,22.62,0.3,1.0,0.48900000000000005
14,66,1,1,1,10.0,63,0,1,0,0,1,0,2,3,0,0,1,0,Low,4.2,9.24,0.6666666666666666,0.75,0.252
21,84,2,2,1,6.0,61,0,1,1,1,2,1,0,4,0,0,1,1,Medium,2.772727272727273,17.64,0.2727272727272727,1.5,0.2815
21,70,1,2,0,6.0,78,1,1,3,1,0,0,1,2,0,1,2,0,Low,3.5454545454545454,14.7,0.2727272727272727,1.25,0.5745
14,73,2,1,0,5.0,87,2,1,2,1,1,0,2,4,0,1,0,1,Medium,5.8,10.22,0.3333333333333333,1.25,0.723
26,79,1,0,1,5.0,63,1,1,0,0,1,0,2,2,0,0,0,0,Low,2.3333333333333335,20.54,0.18518518518518517,0.5,0.402
34,61,1,1,1,6.0,67,2,1,1,2,1,1,1,2,0,2,1,0,Medium,1.9142857142857144,20.74,0.17142857142857143,1.25,0.6055
20,64,0,1,1,9.0,86,1,1,0,0,2,1,0,4,0,0,0,1,Low,4.095238095238095,12.8,0.42857142857142855,0.5,0.494
23,87,2,2,1,10.0,87,1,1,1,1,1,1,2,3,0,1,0,0,High,3.625,20.01,0.4166666666666667,1.5,0.5355
21,77,1,1,1,6.0,60,1,1,1,1,1,1,1,3,0,1,1,0,Low,2.727272727272727,16.17,0.2727272727272727,1.0,0.4275
16,95,0,1,1,6.0,69,0,1,2,0,2,0,1,3,1,1,0,0,Medium,4.0588235294117645,15.2,0.35294117647058826,0.5,0.351
9,88,0,1,1,5.0,93,0,1,2,1,1,0,1,4,0,2,0,0,Low,9.3,7.92,0.5,0.75,0.44700000000000006
16,60,1,0,0,8.0,87,0,1,0,0,0,0,2,5,0,0,0,0,Low,5.117647058823529,9.6,0.47058823529411764,0.5,0.34800000000000003
12,85,2,2,0,8.0,58,0,1,1,0,2,0,2,3,0,2,0,0,Medium,4.461538461538462,10.2,0.6153846153846154,1.25,0.26949999999999996
30,64,1,1,0,7.0,69,1,1,3,2,0,0,0,4,0,0,0,1,Medium,2.225806451612903,19.2,0.22580645161290322,1.25,0.5385
19,91,1,1,1,6.0,99,2,1,0,1,1,0,1,2,0,0,0,1,High,4.95,17.29,0.3,1.0,0.696
18,100,2,0,0,9.0,76,0,1,1,0,1,0,2,2,0,0,0,1,Medium,4.0,18.0,0.47368421052631576,0.75,0.3415
25,81,1,0,1,8.0,86,1,1,1,0,1,0,0,3,0,2,0,0,Medium,3.3076923076923075,20.25,0.3076923076923077,0.5,0.5315
13,87,2,0,1,8.0,55,2,1,1,2,2,1,2,3,0,0,0,1,Medium,3.9285714285714284,11.31,0.5714285714285714,1.25,0.5575
15,69,1,2,0,8.0,92,0,1,0,0,1,0,1,1,0,1,1,0,Low,5.75,10.35,0.5,1.0,0.36800000000000005
20,78,2,1,0,7.0,80,2,1,2,2,1,0,2,3,0,1,0,0,High,3.8095238095238093,15.6,0.3333333333333333,1.5,0.6950000000000001
26,94,0,1,0,6.0,59,2,1,4,0,1,0,1,3,0,0,0,1,High,2.185185185185185,24.44,0.2222222222222222,0.5,0.686
23,67,2,2,1,8.0,69,0,1,1,2,1,0,1,2,0,0,0,1,Medium,2.875,15.41,0.3333333333333333,1.75,0.31349999999999995
21,71,1,1,0,8.0,54,2,1,1,1,1,1,1,3,0,0,0,0,Low,2.4545454545454546,14.91,0.36363636363636365,1.0,0.5535
20,78,0,1,0,8.0,89,2,0,0,1,1,1,1,4,0,1,0,1,Low,4.238095238095238,15.6,0.38095238095238093,0.5,0.656
22,88,1,1,1,5.0,87,0,1,1,0,2,0,1,3,0,2,0,0,High,3.782608695652174,19.36,0.21739130434782608,0.75,0.3855
21,75,1,0,1,8.0,75,2,1,1,1,1,1,0,2,0,0,1,0,Low,3.409090909090909,15.75,0.36363636363636365,0.75,0.6375000000000001
14,97,0,1,1,7.0,73,1,1,2,1,0,0,2,3,0,1,1,0,Medium,4.866666666666666,13.58,0.4666666666666667,0.75,0.5169999999999999
20,64,1,0,1,6.0,73,2,1,3,1,2,0,0,5,0,2,2,1,Low,3.4761904761904763,12.8,0.2857142857142857,0.75,0.7044999999999999
14,75,2,1,0,8.0,52,1,1,3,1,1,0,1,1,0,2,0,0,Low,3.466666666666667,10.5,0.5333333333333333,1.25,0.4705
20,88,1,1,1,7.0,68,1,1,0,0,2,0,2,4,0,1,0,1,Medium,3.238095238095238,17.6,0.3333333333333333,0.75,0.42200000000000004
17,69,1,1,0,10.0,56,1,1,1,1,1,0,1,4,0,0,0,1,Low,3.111111111111111,11.73,0.5555555555555556,1.0,0.4115
35,86,0,1,0,8.0,59,1,1,2,0,0,0,2,2,0,1,1,1,High,1.6388888888888888,30.1,0.2222222222222222,0.5,0.461
20,67,0,0,1,7.0,98,1,1,1,1,1,0,1,4,0,1,0,0,Low,4.666666666666667,13.4,0.3333333333333333,0.5,0.5795
12,62,1,2,1,7.0,63,2,1,1,2,1,0,1,4,0,0,0,1,Low,4.846153846153846,7.44,0.5384615384615384,1.5,0.5895
19,65,2,2,1,5.0,74,1,1,1,0,1,1,2,3,0,0,0,1,Low,3.7,12.35,0.25,1.25,0.48349999999999993
23,97,2,0,1,9.0,94,2,1,2,0,1,0,2,3,0,0,1,0,High,3.9166666666666665,22.31,0.375,0.75,0.7509999999999999
30,82,1,2,1,7.0,71,1,1,3,0,2,0,1,3,0,2,2,1,High,2.2903225806451615,24.6,0.22580645161290322,1.0,0.5465
16,92,1,1,1,7.0,76,2,0,0,2,1,1,1,2,0,2,2,0,Medium,4.470588235294118,14.72,0.4117647058823529,1.0,0.6040000000000001
11,73,1,2,0,5.0,58,1,0,0,1,1,1,2,4,0,1,0,0,Low,4.833333333333333,8.03,0.4166666666666667,1.0,0.382
25,84,1,0,0,8.0,64,1,1,2,0,1,1,1,4,0,0,0,0,Medium,2.4615384615384617,21.0,0.3076923076923077,0.5,0.48100000000000004
12,80,1,0,0,6.0,75,1,1,1,0,2,0,0,4,0,0,1,0,Low,5.769230769230769,9.6,0.46153846153846156,0.5,0.48750000000000004
17,98,2,2,0,6.0,68,1,1,2,1,1,0,2,3,0,0,0,0,High,3.7777777777777777,16.66,0.3333333333333333,1.5,0.49700000000000005
18,90,0,2,0,7.0,52,2,1,2,1,2,0,0,2,0,0,0,0,Medium,2.736842105263158,16.2,0.3684210526315789,1.0,0.583
20,89,2,1,1,6.0,70,0,1,1,0,1,1,2,3,0,0,1,1,Medium,3.3333333333333335,17.8,0.2857142857142857,1.0,0.31749999999999995
24,62,0,2,1,6.0,91,1,1,2,1,1,0,1,3,0,0,1,1,Low,3.64,14.88,0.24,1.0,0.589
16,82,1,1,0,7.0,56,0,1,0,2,2,1,0,1,1,0,2,1,High,3.2941176470588234,13.12,0.4117647058823529,1.25,0.22400000000000003
18,79,2,0,0,9.0,51,2,1,2,1,1,1,2,3,0,0,0,0,Low,2.6842105263157894,14.22,0.47368421052631576,1.0,0.579
20,97,1,1,1,8.0,56,0,1,1,0,1,1,1,2,0,0,0,1,Medium,2.6666666666666665,19.4,0.38095238095238093,0.75,0.2615
21,70,0,0,1,8.0,84,1,1,1,2,2,0,2,3,1,2,0,0,Low,3.8181818181818183,14.7,0.36363636363636365,0.75,0.5235
21,71,1,2,1,8.0,90,1,1,3,0,1,0,1,4,0,0,1,1,Medium,4.090909090909091,14.91,0.36363636363636365,1.0,0.6225
23,76,1,2,1,6.0,52,0,1,3,1,1,0,1,4,0,1,1,0,Medium,2.1666666666666665,17.48,0.25,1.25,0.3205
25,70,0,1,1,9.0,94,1,1,1,1,1,0,1,4,0,0,1,0,Medium,3.6153846153846154,17.5,0.34615384615384615,0.75,0.5635
22,65,1,1,1,4.0,81,2,1,5,1,1,0,2,4,0,1,2,1,Medium,3.5217391304347827,14.3,0.17391304347826086,1.0,0.8115000000000001
23,94,1,2,0,8.0,76,0,1,3,1,1,0,2,3,0,0,1,0,High,3.1666666666666665,21.62,0.3333333333333333,1.25,0.41650000000000004
11,82,2,1,0,8.0,63,2,1,1,1,1,0,1,5,0,0,0,0,Low,5.25,9.02,0.6666666666666666,1.25,0.5895
20,94,0,1,0,7.0,69,0,1,0,0,1,0,2,3,1,0,1,1,Low,3.2857142857142856,18.8,0.3333333333333333,0.5,0.27599999999999997
23,93,1,1,1,6.0,97,0,0,1,1,1,0,2,2,0,1,1,0,High,4.041666666666667,21.39,0.25,0.75,0.4255
24,71,1,1,1,7.0,96,1,1,2,0,1,0,0,2,0,0,0,0,Medium,3.84,17.04,0.28,0.75,0.609
16,82,1,2,1,6.0,81,1,1,1,1,1,1,1,4,0,1,0,0,Medium,4.764705882352941,13.12,0.35294117647058826,1.25,0.5115000000000001
16,63,1,1,0,8.0,79,1,1,2,0,2,0,2,3,0,1,1,0,Low,4.647058823529412,10.08,0.47058823529411764,0.75,0.541
17,97,1,1,1,8.0,61,0,1,2,0,1,0,1,2,0,0,0,0,Medium,3.388888888888889,16.49,0.4444444444444444,0.75,0.319
23,76,1,2,1,8.0,98,1,1,0,1,0,0,1,2,0,2,1,1,Medium,4.083333333333333,17.48,0.3333333333333333,1.25,0.542
26,76,0,0,1,8.0,88,0,1,2,0,0,0,2,4,0,0,0,0,Low,3.259259259259259,19.76,0.2962962962962963,0.25,0.42700000000000005
18,72,2,1,1,8.0,69,2,0,2,2,1,0,1,4,1,0,2,1,Low,3.6315789473684212,12.96,0.42105263157894735,1.25,0.6509999999999999
25,78,2,0,1,8.0,91,1,1,3,0,1,0,0,4,0,0,0,0,Medium,3.5,19.5,0.3076923076923077,0.75,0.6265000000000001
21,70,0,1,0,6.0,61,1,1,1,0,1,0,1,3,0,0,0,0,Low,2.772727272727273,14.7,0.2727272727272727,0.5,0.4315
19,75,1,2,1,5.0,61,2,1,0,1,1,0,0,3,0,0,0,1,Low,3.05,14.25,0.25,1.25,0.544
19,92,1,1,1,7.0,90,1,1,1,0,2,0,2,2,0,0,0,1,High,4.5,17.48,0.35,0.75,0.5475
24,93,0,2,1,8.0,78,1,1,1,2,1,0,1,4,0,0,0,1,High,3.12,22.32,0.32,1.25,0.49950000000000006
22,72,1,1,0,5.0,78,2,1,1,0,2,0,2,3,0,0,0,1,Low,3.391304347826087,15.84,0.21739130434782608,0.75,0.6495000000000001
34,79,2,0,1,7.0,79,0,1,3,1,2,1,0,2,1,0,1,0,High,2.257142857142857,26.86,0.2,1.0,0.42850000000000005
15,95,1,1,0,9.0,56,1,0,3,0,2,0,2,1,0,0,0,0,Medium,3.5,14.25,0.5625,0.5,0.4865
23,62,2,2,1,7.0,67,0,1,1,0,1,0,0,4,0,2,1,1,Low,2.7916666666666665,14.26,0.2916666666666667,1.25,0.3055
17,96,1,0,1,9.0,79,0,0,3,1,1,1,1,2,0,2,1,0,Medium,4.388888888888889,16.32,0.5,0.5,0.42850000000000005
15,69,0,1,1,9.0,62,0,1,2,1,2,0,1,3,0,0,1,0,Low,3.875,10.35,0.5625,0.75,0.323
20,87,0,1,1,7.0,75,2,1,1,0,1,0,0,3,0,2,0,0,Medium,3.5714285714285716,17.4,0.3333333333333333,0.5,0.6375000000000001
21,83,2,1,0,6.0,78,1,1,2,2,2,0,2,3,1,0,0,1,Medium,3.5454545454545454,17.43,0.2727272727272727,1.5,0.537
38,82,1,0,0,6.0,97,0,1,2,0,1,1,0,3,0,1,0,0,High,2.4871794871794872,31.16,0.15384615384615385,0.5,0.463
19,94,0,1,0,7.0,62,1,1,0,1,1,0,0,3,1,0,1,0,Low,3.1,17.86,0.35,0.75,0.398
13,64,1,2,1,5.0,72,1,1,2,1,1,1,1,2,0,2,1,0,Low,5.142857142857143,8.32,0.35714285714285715,1.25,0.5129999999999999
22,74,2,2,1,5.0,99,1,1,0,0,1,0,1,2,0,1,0,1,Medium,4.304347826086956,16.28,0.21739130434782608,1.25,0.546
8,82,2,0,0,4.0,59,1,1,1,1,1,0,1,2,0,1,0,0,Low,6.555555555555555,6.56,0.4444444444444444,1.0,0.4235
19,92,1,1,1,7.0,89,1,0,0,0,2,1,1,2,0,2,0,0,Medium,4.45,17.48,0.35,0.5,0.506
20,69,1,0,0,10.0,59,1,1,2,2,2,0,2,4,0,0,0,1,Low,2.8095238095238093,13.8,0.47619047619047616,1.0,0.461
25,92,2,1,0,4.0,93,2,1,3,2,1,0,1,2,0,0,0,1,High,3.576923076923077,23.0,0.15384615384615385,1.5,0.7845
26,76,2,0,1,7.0,74,1,1,4,1,2,0,2,3,0,0,1,1,High,2.740740740740741,19.76,0.25925925925925924,1.0,0.596
17,68,1,0,1,7.0,99,2,1,2,1,1,0,2,3,0,0,0,1,Low,5.5,11.56,0.3888888888888889,0.75,0.7709999999999999
19,90,2,2,0,7.0,59,0,1,3,2,1,0,1,3,0,1,1,0,High,2.95,17.1,0.35,1.75,0.3485
15,64,0,0,1,9.0,84,0,1,0,1,1,0,1,3,0,1,2,0,Low,5.25,9.6,0.5625,0.5,0.336
13,81,0,1,1,6.0,85,0,1,1,0,1,1,1,3,0,0,1,0,Low,6.071428571428571,10.53,0.42857142857142855,0.5,0.3775
22,63,0,2,1,4.0,86,0,1,0,0,2,0,1,4,0,1,0,1,Low,3.739130434782609,13.86,0.17391304347826086,0.75,0.34400000000000003
12,74,0,2,1,6.0,55,2,1,0,1,0,0,2,3,0,2,0,0,Low,4.230769230769231,8.88,0.46153846153846156,1.0,0.52
18,84,2,0,0,6.0,64,1,1,2,0,2,0,2,2,0,0,0,1,Medium,3.3684210526315788,15.12,0.3157894736842105,0.75,0.48100000000000004
14,82,1,1,1,4.0,67,1,1,1,2,1,0,1,4,0,0,1,1,Low,4.466666666666667,11.48,0.26666666666666666,1.25,0.4555
23,76,1,1,0,7.0,66,1,1,2,1,1,0,1,3,0,1,0,0,Medium,2.75,17.48,0.2916666666666667,1.0,0.48900000000000005
31,77,2,1,0,5.0,84,1,1,2,2,2,0,2,5,0,0,0,0,High,2.625,23.87,0.15625,1.5,0.5609999999999999
12,69,2,2,1,7.0,53,0,1,2,0,2,0,1,3,0,1,0,0,Low,4.076923076923077,8.28,0.5384615384615384,1.25,0.28700000000000003
9,78,0,2,0,6.0,87,1,1,0,1,2,1,2,3,0,2,0,0,Low,8.7,7.02,0.6,1.0,0.498
19,98,1,2,1,5.0,76,1,1,2,1,1,1,2,3,0,0,1,0,High,3.8,18.62,0.25,1.25,0.529
20,94,2,1,0,8.0,59,2,1,3,1,1,0,2,4,0,0,0,1,High,2.8095238095238093,18.8,0.38095238095238093,1.25,0.6485000000000001
21,66,2,1,0,7.0,61,1,1,2,2,2,0,1,2,0,1,0,0,Low,2.772727272727273,13.86,0.3181818181818182,1.5,0.46900000000000003
17,61,2,1,1,7.0,55,2,1,1,1,1,1,0,2,1,1,0,0,Low,3.0555555555555554,10.37,0.3888888888888889,1.25,0.5575
19,97,0,1,0,8.0,73,1,1,2,1,1,1,0,1,0,1,0,0,Medium,3.65,18.43,0.4,0.75,0.5169999999999999
22,81,1,0,1,7.0,80,0,1,1,1,1,0,2,3,0,1,1,1,Medium,3.4782608695652173,17.82,0.30434782608695654,0.75,0.35750000000000004
26,82,2,0,0,7.0,79,1,1,1,1,1,0,2,2,1,2,0,1,Medium,2.925925925925926,21.32,0.25925925925925924,1.0,0.5035000000000001
8,91,2,0,0,6.0,98,1,1,1,1,1,1,2,3,0,0,0,1,Medium,10.88888888888889,7.28,0.6666666666666666,1.0,0.5795
18,73,1,1,0,5.0,65,1,1,1,0,2,0,0,3,0,1,1,1,Low,3.4210526315789473,13.14,0.2631578947368421,0.75,0.4475
21,79,0,1,1,7.0,88,0,1,0,0,1,1,0,4,0,0,1,0,Low,4.0,16.59,0.3181818181818182,0.5,0.35200000000000004
14,99,2,1,0,6.0,86,0,1,2,2,2,1,0,4,0,1,0,0,High,5.733333333333333,13.86,0.4,1.5,0.41900000000000004
30,87,1,1,0,8.0,53,0,1,1,0,2,1,1,1,0,2,0,0,High,1.7096774193548387,26.1,0.25806451612903225,0.75,0.24950000000000003
16,66,1,1,1,7.0,97,1,1,5,0,2,0,2,3,0,2,0,0,Medium,5.705882352941177,10.56,0.4117647058823529,0.75,0.7255
20,65,1,1,1,8.0,97,2,1,0,0,1,0,0,3,0,1,0,1,Low,4.619047619047619,13.0,0.38095238095238093,0.75,0.688
23,68,1,2,1,6.0,70,1,1,4,1,1,0,2,2,0,0,0,0,Medium,2.9166666666666665,15.64,0.25,1.25,0.58
16,91,1,1,1,5.0,71,1,1,2,2,1,0,0,3,0,1,0,0,Medium,4.176470588235294,14.56,0.29411764705882354,1.25,0.5089999999999999
9,72,1,2,1,10.0,91,1,0,1,2,1,0,1,2,0,0,2,1,Low,9.1,6.48,1.0,1.25,0.5515
17,61,0,2,1,7.0,75,1,0,2,1,2,0,0,4,0,1,0,1,Low,4.166666666666667,10.37,0.3888888888888889,0.75,0.525
26,98,2,0,0,8.0,90,0,1,1,2,0,0,2,2,1,2,1,1,High,3.3333333333333335,25.48,0.2962962962962963,1.25,0.3975
18,67,2,1,0,5.0,52,2,1,0,1,1,1,1,4,0,2,1,0,Low,2.736842105263158,12.06,0.2631578947368421,1.25,0.508
15,60,2,1,0,7.0,63,0,1,0,0,2,0,2,1,1,0,2,1,Low,3.9375,9.0,0.4375,1.0,0.252
26,69,2,1,0,9.0,55,0,1,1,0,1,0,1,3,0,1,0,0,Low,2.037037037037037,17.94,0.3333333333333333,1.0,0.2575
18,69,1,0,1,5.0,73,0,1,1,0,2,0,2,4,0,2,1,0,Low,3.8421052631578947,12.42,0.2631578947368421,0.5,0.32949999999999996
17,77,1,2,1,10.0,93,0,1,3,2,2,1,2,1,0,1,2,1,Medium,5.166666666666667,13.09,0.5555555555555556,1.5,0.48450000000000004
21,97,0,0,0,7.0,78,1,1,0,2,1,0,1,3,0,2,0,1,Medium,3.5454545454545454,20.37,0.3181818181818182,0.75,0.4620000000000001
25,95,0,2,0,6.0,76,1,1,1,0,1,0,2,5,0,0,0,0,High,2.923076923076923,23.75,0.23076923076923078,0.75,0.49150000000000005
34,78,1,2,1,8.0,68,1,1,1,1,1,0,0,2,0,1,0,0,High,1.9428571428571428,26.52,0.22857142857142856,1.25,0.4595
25,76,1,1,1,9.0,53,1,1,0,2,2,1,2,3,0,0,1,0,Medium,2.0384615384615383,19.0,0.34615384615384615,1.25,0.362
27,82,2,0,1,6.0,88,1,1,2,2,2,1,1,3,0,0,0,0,High,3.142857142857143,22.14,0.21428571428571427,1.25,0.577
17,70,1,1,1,6.0,79,0,1,2,1,1,0,2,3,0,0,0,1,Low,4.388888888888889,11.9,0.3333333333333333,1.0,0.39100000000000007
14,62,1,1,1,7.0,97,2,1,0,1,1,0,2,1,0,0,1,0,Low,6.466666666666667,8.68,0.4666666666666667,1.0,0.688
20,98,1,1,0,8.0,72,1,1,1,2,1,0,0,4,0,0,0,1,High,3.4285714285714284,19.6,0.38095238095238093,1.25,0.4754999999999999
21,67,0,2,0,7.0,70,0,1,2,0,1,1,0,2,0,2,1,1,Low,3.1818181818181817,14.07,0.3181818181818182,0.75,0.355
14,68,2,1,1,8.0,99,2,1,0,2,1,0,2,3,0,0,0,1,Low,6.6,9.52,0.5333333333333333,1.5,0.696
19,79,1,1,1,8.0,57,0,1,2,0,0,0,2,3,0,0,1,0,Low,2.85,15.01,0.4,0.75,0.303
22,80,1,2,0,7.0,63,1,1,1,2,1,0,2,3,0,1,0,0,Medium,2.739130434782609,17.6,0.30434782608695654,1.5,0.4395
22,61,2,0,1,6.0,74,1,1,1,0,1,0,0,3,0,0,0,0,Low,3.217391304347826,13.42,0.2608695652173913,0.75,0.48349999999999993
23,66,1,1,0,7.0,76,0,1,1,2,1,0,1,2,0,1,1,0,Low,3.1666666666666665,15.18,0.2916666666666667,1.25,0.3415
22,75,1,1,1,10.0,77,2,1,2,0,0,0,1,2,0,0,0,0,Low,3.347826086956522,16.5,0.43478260869565216,0.75,0.683
17,87,1,1,1,7.0,61,1,1,4,2,1,0,0,3,1,0,0,1,Medium,3.388888888888889,14.79,0.3888888888888889,1.25,0.544
17,69,2,2,1,9.0,96,1,1,2,0,1,0,0,3,0,1,2,0,Low,5.333333333333333,11.73,0.5,1.25,0.609
13,77,0,2,0,6.0,85,0,1,2,0,1,0,1,4,0,2,0,1,Low,6.071428571428571,10.01,0.42857142857142855,0.75,0.41500000000000004
31,82,2,1,1,7.0,63,1,0,2,2,1,1,2,2,0,2,1,0,High,1.96875,25.42,0.21875,1.25,0.47700000000000004
20,96,2,1,1,8.0,65,2,1,0,1,0,0,1,2,0,0,0,1,High,3.0952380952380953,19.2,0.38095238095238093,1.25,0.56
19,73,1,1,1,9.0,94,1,1,1,2,0,0,2,1,0,1,0,1,Medium,4.7,13.87,0.45,1.25,0.5635
14,65,1,2,0,9.0,69,0,1,4,1,1,0,1,3,0,1,0,0,Low,4.6,9.1,0.6,1.25,0.42599999999999993
38,80,2,1,0,5.0,78,1,1,1,0,1,0,2,4,0,1,2,1,High,2.0,30.4,0.1282051282051282,1.0,0.49950000000000006
14,90,1,1,1,9.0,56,1,1,0,0,1,0,1,4,0,0,0,1,Low,3.7333333333333334,12.6,0.6,0.75,0.374
17,64,2,0,1,10.0,63,1,1,0,2,1,0,2,3,0,0,1,1,Low,3.5,10.88,0.5555555555555556,1.25,0.402
22,77,1,2,0,6.0,71,2,1,3,0,1,0,0,4,0,0,2,1,Medium,3.0869565217391304,16.94,0.2608695652173913,1.0,0.6964999999999999
24,61,1,1,0,6.0,83,2,1,0,1,1,0,2,3,1,0,0,0,Low,3.32,14.64,0.24,1.0,0.632
26,61,1,1,0,7.0,64,0,1,0,1,1,1,0,3,0,2,0,0,Low,2.3703703703703702,15.86,0.25925925925925924,1.0,0.256
31,79,1,2,0,7.0,98,1,1,1,1,2,0,1,2,0,1,1,0,High,3.0625,24.49,0.21875,1.25,0.5795
23,72,0,1,0,6.0,61,2,1,1,2,1,0,2,5,0,0,0,0,Low,2.5416666666666665,16.56,0.25,1.0,0.5815
14,94,2,1,1,5.0,89,1,1,0,1,1,0,2,1,0,2,0,1,High,5.933333333333334,13.16,0.3333333333333333,1.25,0.506
18,84,1,0,1,9.0,68,0,1,0,1,2,1,0,2,0,2,0,1,Low,3.5789473684210527,15.12,0.47368421052631576,0.75,0.272
22,78,2,2,0,6.0,92,0,1,1,2,2,0,2,3,0,0,1,0,High,4.0,17.16,0.2608695652173913,1.75,0.4055
32,76,0,0,1,6.0,96,0,1,0,0,2,0,1,2,0,0,1,1,Medium,2.909090909090909,24.32,0.18181818181818182,0.25,0.384
12,80,1,1,1,7.0,59,2,1,1,0,2,0,2,2,0,0,0,1,Low,4.538461538461538,9.6,0.5384615384615384,0.75,0.5735
27,62,2,1,0,5.0,75,1,1,2,1,2,0,2,2,0,0,0,0,Medium,2.6785714285714284,16.74,0.17857142857142858,1.25,0.525
21,96,2,2,1,5.0,58,1,1,0,2,2,0,1,4,0,1,2,0,High,2.6363636363636362,20.16,0.22727272727272727,1.75,0.382
25,100,2,0,0,6.0,85,0,1,1,1,1,0,2,3,0,0,0,0,High,3.269230769230769,25.0,0.23076923076923078,1.0,0.3775
19,67,2,1,1,8.0,92,0,1,2,2,1,0,1,5,0,2,1,1,Medium,4.6,12.73,0.4,1.5,0.44300000000000006
15,65,1,1,1,7.0,69,1,1,1,2,1,0,1,3,0,2,0,1,Low,4.3125,9.75,0.4375,1.25,0.4634999999999999
25,66,2,1,1,4.0,70,1,0,1,2,1,0,2,3,0,0,1,0,Low,2.6923076923076925,16.5,0.15384615384615385,1.25,0.4674999999999999
24,86,0,2,0,9.0,60,1,1,0,0,2,1,2,3,0,1,2,0,Medium,2.4,20.64,0.36,0.75,0.39
26,86,0,0,0,8.0,65,0,1,0,0,2,0,1,4,0,0,0,1,Low,2.4074074074074074,22.36,0.2962962962962963,0.25,0.26
20,94,0,2,1,7.0,66,2,1,1,0,2,1,2,1,0,0,0,1,High,3.142857142857143,18.8,0.3333333333333333,0.75,0.6015
16,90,2,2,1,7.0,58,2,1,1,0,1,0,1,4,0,2,0,1,High,3.411764705882353,14.4,0.4117647058823529,1.25,0.5695
11,78,0,2,1,8.0,65,1,1,0,1,1,1,1,2,0,0,0,1,Low,5.416666666666667,8.58,0.6666666666666666,1.0,0.41000000000000003
25,85,0,1,1,10.0,95,1,1,0,1,0,0,2,1,0,1,0,0,Medium,3.6538461538461537,21.25,0.38461538461538464,0.75,0.53
23,88,1,1,1,8.0,66,0,1,2,1,2,1,2,2,0,1,1,0,Medium,2.75,20.24,0.3333333333333333,1.0,0.339
14,81,1,1,1,7.0,64,1,1,2,1,1,0,2,4,1,1,0,0,Low,4.266666666666667,11.34,0.4666666666666667,1.0,0.48100000000000004
17,79,2,2,0,5.0,69,1,1,4,0,1,0,0,3,0,2,0,1,Medium,3.8333333333333335,13.43,0.2777777777777778,1.25,0.576
17,86,1,2,0,7.0,98,1,1,2,0,2,0,2,5,0,2,1,0,High,5.444444444444445,14.62,0.3888888888888889,1.0,0.617
11,82,1,1,1,8.0,88,1,0,1,0,1,1,0,2,0,2,1,1,Low,7.333333333333333,9.02,0.6666666666666666,0.5,0.5395
15,86,0,2,0,7.0,60,1,1,2,1,1,0,2,3,0,1,0,0,Medium,3.75,12.9,0.4375,1.0,0.465
13,85,1,2,1,6.0,88,1,1,2,1,2,0,2,3,0,0,1,1,Medium,6.285714285714286,11.05,0.42857142857142855,1.25,0.577
18,89,0,2,1,8.0,88,0,1,0,2,1,0,0,1,0,0,1,0,Medium,4.631578947368421,16.02,0.42105263157894735,1.25,0.35200000000000004
16,86,1,1,0,6.0,98,2,1,1,0,1,0,1,3,0,2,0,0,Medium,5.764705882352941,13.76,0.35294117647058826,0.75,0.7294999999999999
10,81,1,2,1,8.0,95,1,1,5,0,2,0,2,3,0,0,0,1,Medium,8.636363636363637,8.1,0.7272727272727273,1.0,0.7175
32,87,1,2,1,6.0,55,1,1,0,0,2,0,1,3,0,0,0,0,High,1.6666666666666667,27.84,0.18181818181818182,1.0,0.37
28,78,2,0,1,4.0,73,0,0,3,0,1,1,2,4,0,0,1,1,Medium,2.5172413793103448,21.84,0.13793103448275862,0.5,0.40449999999999997
15,70,2,2,0,6.0,85,2,1,0,0,1,1,2,2,0,1,1,0,Low,5.3125,10.5,0.375,1.25,0.64
22,60,0,1,0,7.0,99,1,1,1,0,2,0,1,3,0,1,1,0,Low,4.304347826086956,13.2,0.30434782608695654,0.5,0.5835
23,82,0,1,1,8.0,54,1,1,0,1,2,0,0,1,0,0,0,1,Low,2.25,18.86,0.3333333333333333,0.75,0.366
27,84,2,2,0,8.0,68,0,1,3,0,2,1,2,2,1,2,0,1,High,2.4285714285714284,22.68,0.2857142857142857,1.25,0.3845
15,99,0,1,1,5.0,75,0,1,2,1,0,0,1,1,0,1,1,0,Medium,4.6875,14.85,0.3125,0.75,0.37500000000000006
27,74,1,2,0,7.0,71,1,1,1,1,1,0,2,3,0,0,0,1,Medium,2.5357142857142856,19.98,0.25,1.25,0.4714999999999999
17,76,1,1,0,6.0,73,1,1,3,0,2,1,1,3,0,2,0,0,Medium,4.055555555555555,12.92,0.3333333333333333,0.75,0.5545
12,68,2,1,1,6.0,68,0,1,2,1,1,0,2,4,0,1,0,0,Low,5.230769230769231,8.16,0.46153846153846156,1.25,0.34700000000000003
24,63,1,0,0,6.0,99,0,0,0,0,1,0,2,3,0,0,1,1,Low,3.96,15.12,0.24,0.25,0.396
28,91,0,1,0,7.0,90,1,1,2,2,0,1,1,3,0,0,0,0,High,3.103448275862069,25.48,0.2413793103448276,1.0,0.585
36,70,0,2,0,10.0,87,1,1,2,0,1,0,2,3,0,0,0,0,High,2.3513513513513513,25.2,0.2702702702702703,0.75,0.573
13,84,0,1,0,10.0,71,0,1,1,1,2,0,1,3,0,1,1,0,Low,5.071428571428571,10.92,0.7142857142857143,0.75,0.32149999999999995
24,88,1,1,1,6.0,94,1,1,0,0,1,1,0,2,0,2,1,0,Medium,3.76,21.12,0.24,0.75,0.526
18,79,1,1,1,7.0,55,1,1,1,0,2,0,2,3,0,0,1,1,Low,2.8947368421052633,14.22,0.3684210526315789,0.75,0.4075
25,95,2,2,1,7.0,57,1,1,2,2,1,1,0,2,0,1,1,1,High,2.1923076923076925,23.75,0.2692307692307692,1.75,0.453
11,78,1,0,1,7.0,98,0,1,2,1,1,0,1,3,0,0,0,1,Low,8.166666666666666,8.58,0.5833333333333334,0.75,0.467
12,71,1,2,1,8.0,78,0,1,2,1,1,0,0,2,0,2,0,1,Low,6.0,8.52,0.6153846153846154,1.25,0.38700000000000007
15,96,1,1,1,7.0,58,1,1,3,1,1,0,1,4,0,2,1,0,High,3.625,14.4,0.4375,1.0,0.4945
20,94,0,0,1,6.0,97,0,1,2,1,1,0,2,5,0,1,0,0,High,4.619047619047619,18.8,0.2857142857142857,0.5,0.463
16,67,2,2,0,9.0,99,1,1,2,1,1,0,1,2,1,0,1,0,Low,5.823529411764706,10.72,0.5294117647058824,1.5,0.621
24,61,0,1,0,5.0,94,1,1,3,1,2,1,1,2,1,1,1,1,Low,3.76,14.64,0.2,0.75,0.6385000000000001
26,64,1,1,1,7.0,62,2,1,3,1,2,1,0,2,0,0,0,0,Low,2.2962962962962963,16.64,0.25925925925925924,1.0,0.6605000000000001
24,71,0,2,1,5.0,64,1,1,1,1,1,0,1,3,0,1,0,0,Low,2.56,17.04,0.2,1.0,0.4435
30,99,1,1,1,5.0,70,0,1,2,1,1,0,1,4,0,0,0,1,High,2.2580645161290325,29.7,0.16129032258064516,1.0,0.355
22,82,2,2,0,8.0,79,1,0,2,1,1,0,0,1,0,1,0,1,Medium,3.4347826086956523,18.04,0.34782608695652173,1.25,0.541
13,75,0,2,1,6.0,100,2,1,1,1,1,0,2,3,0,2,0,0,Medium,7.142857142857143,9.75,0.42857142857142855,1.0,0.7374999999999999
28,96,1,1,0,4.0,98,2,1,5,0,1,0,1,5,1,0,2,0,High,3.3793103448275863,26.88,0.13793103448275862,0.75,0.8795
16,78,0,1,0,6.0,96,2,1,0,1,1,0,2,1,0,2,0,1,Low,5.647058823529412,12.48,0.35294117647058826,0.75,0.6839999999999999
25,73,2,1,0,6.0,54,2,1,2,1,1,0,1,4,0,0,1,1,Medium,2.076923076923077,18.25,0.23076923076923078,1.25,0.591
29,98,1,2,1,5.0,88,0,1,3,0,1,0,1,2,0,1,0,0,High,2.933333333333333,28.42,0.16666666666666666,1.0,0.4645
23,94,1,2,1,8.0,94,0,1,2,1,2,0,2,2,0,0,0,0,High,3.9166666666666665,21.62,0.3333333333333333,1.25,0.451
11,94,1,1,0,5.0,67,1,1,2,2,1,0,1,5,0,0,0,1,Medium,5.583333333333333,10.34,0.4166666666666667,1.25,0.49300000000000005
14,80,2,0,1,6.0,61,1,1,0,1,2,0,1,4,0,1,1,1,Low,4.066666666666666,11.2,0.4,1.0,0.394
28,92,1,1,1,7.0,87,0,1,1,0,0,0,2,1,0,0,0,1,High,3.0,25.76,0.2413793103448276,0.75,0.3855
19,67,1,1,1,6.0,55,0,1,1,1,1,0,1,4,0,0,0,0,Low,2.75,12.73,0.3,1.0,0.2575
20,83,1,0,1,6.0,97,2,1,2,0,2,0,1,4,0,0,1,1,Medium,4.619047619047619,16.6,0.2857142857142857,0.5,0.7629999999999999
25,99,1,2,0,6.0,58,2,1,0,1,1,1,2,4,0,0,0,0,High,2.230769230769231,24.75,0.23076923076923078,1.25,0.532
24,72,0,2,1,5.0,73,0,1,2,1,2,0,2,2,0,0,0,0,Medium,2.92,17.28,0.2,1.0,0.367
22,92,1,2,0,6.0,99,0,1,1,1,1,0,0,4,0,1,0,1,High,4.304347826086956,20.24,0.2608695652173913,1.25,0.4335
19,80,0,0,0,8.0,99,2,1,1,0,1,0,2,4,0,2,0,0,Medium,4.95,15.2,0.4,0.25,0.7334999999999999
18,62,1,2,1,6.0,89,1,1,0,2,2,1,2,3,0,2,0,1,Low,4.684210526315789,11.16,0.3157894736842105,1.5,0.506
25,91,1,2,0,7.0,92,1,1,3,0,1,0,0,5,0,0,0,0,High,3.5384615384615383,22.75,0.2692307692307692,1.0,0.6305000000000001
23,67,0,0,0,9.0,98,1,1,2,0,2,0,0,0,0,1,0,1,Low,4.083333333333333,15.41,0.375,0.25,0.617
18,85,1,1,0,8.0,96,1,1,0,2,2,0,0,3,0,1,1,0,Medium,5.052631578947368,15.3,0.42105263157894735,1.25,0.534
26,63,2,2,0,5.0,81,1,1,0,0,1,0,0,2,0,0,1,1,Low,3.0,16.38,0.18518518518518517,1.25,0.4740000000000001
19,98,1,2,1,8.0,87,2,1,1,1,1,1,2,4,0,2,1,0,High,4.35,18.62,0.4,1.25,0.6855
15,72,1,0,1,9.0,80,1,1,4,1,2,1,1,4,0,1,1,1,Low,5.0,10.8,0.5625,0.75,0.6200000000000001
15,69,2,0,1,6.0,75,1,0,2,0,2,0,2,2,0,0,0,1,Low,4.6875,10.35,0.375,0.5,0.525
14,65,1,1,1,5.0,94,1,1,5,0,1,1,0,3,0,2,1,0,Low,6.266666666666667,9.1,0.3333333333333333,0.75,0.7135
18,98,0,2,1,6.0,87,1,1,0,1,1,0,1,1,0,0,0,0,High,4.578947368421052,17.64,0.3157894736842105,1.0,0.498
27,88,1,2,1,7.0,93,1,1,0,0,1,0,1,4,0,0,1,0,High,3.3214285714285716,23.76,0.25,1.0,0.522
15,90,1,1,1,8.0,55,1,1,1,0,1,0,1,1,0,1,0,1,Low,3.4375,13.5,0.5,0.75,0.4075
21,80,1,1,1,6.0,79,0,1,2,1,2,0,2,3,0,1,0,0,Medium,3.590909090909091,16.8,0.2727272727272727,1.0,0.39100000000000007
16,79,1,2,1,4.0,66,2,1,2,1,1,0,1,2,0,1,1,0,Medium,3.8823529411764706,12.64,0.23529411764705882,1.25,0.639
18,64,1,2,1,5.0,76,0,1,1,0,1,0,2,4,0,0,1,0,Low,4.0,11.52,0.2631578947368421,1.0,0.3415
11,82,2,2,0,8.0,81,2,1,2,0,2,0,2,2,0,0,1,1,Medium,6.75,9.02,0.6666666666666666,1.25,0.6990000000000001
19,70,1,2,1,10.0,92,1,1,1,0,2,0,2,4,0,0,0,0,Medium,4.6,13.3,0.5,1.0,0.5555
19,99,2,1,0,7.0,52,1,1,1,1,1,0,1,4,0,0,0,0,High,2.6,18.81,0.35,1.25,0.39549999999999996
23,92,2,2,0,9.0,58,1,1,2,0,1,1,1,1,0,2,0,1,High,2.4166666666666665,21.16,0.375,1.25,0.457
21,77,1,0,1,5.0,96,2,1,2,0,2,1,1,5,0,0,0,1,Medium,4.363636363636363,16.17,0.22727272727272727,0.5,0.7589999999999999
13,66,2,2,0,6.0,98,0,1,1,2,2,0,2,2,0,0,0,0,Low,7.0,8.58,0.42857142857142855,1.75,0.4295
27,91,1,1,0,4.0,53,1,1,1,0,1,1,2,3,0,2,0,1,High,1.8928571428571428,24.57,0.14285714285714285,0.75,0.39949999999999997
21,65,1,2,1,8.0,67,0,0,1,0,1,0,2,4,0,0,0,1,Low,3.0454545454545454,13.65,0.36363636363636365,0.75,0.3055
21,68,2,2,1,6.0,50,2,1,3,1,0,1,1,4,0,0,0,0,Medium,2.272727272727273,14.28,0.2727272727272727,1.5,0.6125
20,68,0,0,0,8.0,88,1,1,5,0,0,1,1,3,0,0,1,0,Low,4.190476190476191,13.6,0.38095238095238093,0.25,0.6895
17,82,1,0,1,6.0,84,2,1,2,0,0,0,0,3,0,0,1,1,Low,4.666666666666667,13.94,0.3333333333333333,0.5,0.711
21,91,1,1,1,10.0,78,2,1,2,0,2,0,0,2,0,0,0,0,High,3.5454545454545454,19.11,0.45454545454545453,0.75,0.687
23,73,1,2,0,10.0,85,1,1,1,0,1,0,1,3,0,1,0,0,Medium,3.5416666666666665,16.79,0.4166666666666667,1.0,0.5275
10,63,1,2,0,4.0,77,0,0,3,0,1,1,1,3,0,0,0,0,Low,7.0,6.3,0.36363636363636365,0.75,0.42050000000000004
17,79,0,2,0,8.0,62,0,1,1,0,1,0,1,3,0,0,0,1,Low,3.4444444444444446,13.43,0.4444444444444444,0.75,0.2855
18,90,0,1,0,6.0,88,0,1,1,1,1,1,0,1,0,0,1,1,Low,4.631578947368421,16.2,0.3157894736842105,0.75,0.3895
22,69,1,1,0,8.0,89,0,0,0,0,2,0,2,5,0,0,1,1,Low,3.869565217391304,15.18,0.34782608695652173,0.5,0.35600000000000004
27,69,1,0,1,5.0,93,1,1,1,1,1,0,2,4,0,1,1,0,Medium,3.3214285714285716,18.63,0.17857142857142858,0.75,0.5595
15,98,1,1,1,9.0,98,2,1,0,1,1,1,2,3,0,0,0,1,High,6.125,14.7,0.5625,1.0,0.692
17,98,1,1,0,9.0,87,0,1,0,2,1,1,2,3,0,0,1,1,Medium,4.833333333333333,16.66,0.5,1.25,0.34800000000000003
17,100,1,2,1,5.0,53,0,1,1,1,2,0,2,4,0,0,0,0,High,2.9444444444444446,17.0,0.2777777777777778,1.25,0.24950000000000003
15,92,1,1,1,7.0,51,1,1,1,2,2,0,2,3,0,1,0,1,Medium,3.1875,13.8,0.4375,1.25,0.39149999999999996
18,68,2,2,1,7.0,87,2,1,3,1,1,0,2,4,0,0,0,0,Medium,4.578947368421052,12.24,0.3684210526315789,1.5,0.7605
25,68,0,1,1,8.0,53,0,1,2,1,1,0,1,3,0,1,1,1,Low,2.0384615384615383,17.0,0.3076923076923077,0.75,0.28700000000000003
14,74,0,1,1,7.0,66,1,1,0,1,2,1,0,3,0,2,0,0,Low,4.4,10.36,0.4666666666666667,0.75,0.41400000000000003
23,73,2,1,0,8.0,57,1,1,3,1,1,0,2,2,0,1,0,0,Medium,2.375,16.79,0.3333333333333333,1.25,0.4905
10,98,1,1,0,7.0,98,0,0,0,1,1,0,1,3,0,1,1,1,Low,8.909090909090908,9.8,0.6363636363636364,0.75,0.392
17,92,1,2,1,8.0,66,1,1,2,0,1,0,2,3,0,0,0,1,Medium,3.6666666666666665,15.64,0.4444444444444444,1.0,0.48900000000000005
18,89,1,1,0,5.0,53,1,1,5,0,2,1,1,4,0,1,0,0,Medium,2.789473684210526,16.02,0.2631578947368421,0.75,0.5495
30,67,1,1,0,7.0,97,2,1,2,2,1,0,1,3,1,0,0,0,Medium,3.129032258064516,20.1,0.22580645161290322,1.25,0.7629999999999999
18,96,1,2,1,9.0,80,2,1,1,0,1,0,2,3,0,1,0,0,High,4.2105263157894735,17.28,0.47368421052631576,1.0,0.6575000000000001
7,93,2,2,1,9.0,52,2,1,1,1,0,1,0,3,0,0,1,1,Low,6.5,6.51,1.125,1.5,0.5455
8,67,1,1,1,7.0,92,1,1,0,2,2,1,2,2,0,1,0,0,Low,10.222222222222221,5.36,0.7777777777777778,1.25,0.518
20,95,1,1,0,7.0,58,0,1,1,0,2,0,1,4,0,1,0,0,Medium,2.761904761904762,19.0,0.3333333333333333,0.75,0.26949999999999996
24,71,2,1,1,9.0,90,0,1,3,1,2,1,1,3,0,1,0,0,Medium,3.6,17.04,0.36,1.25,0.47250000000000003
22,63,1,0,1,7.0,80,1,1,2,2,2,1,0,2,0,1,1,1,Low,3.4782608695652173,13.86,0.30434782608695654,1.0,0.545
21,86,1,0,1,9.0,59,2,1,2,1,2,1,2,3,0,1,0,0,Medium,2.6818181818181817,18.06,0.4090909090909091,0.75,0.611
27,86,1,2,0,7.0,88,1,1,1,1,1,1,1,3,0,2,1,0,High,3.142857142857143,23.22,0.25,1.25,0.5395
17,64,1,0,0,7.0,73,2,1,1,0,1,0,1,4,0,1,0,0,Low,4.055555555555555,10.88,0.3888888888888889,0.5,0.6295
25,73,2,1,1,5.0,82,0,0,1,1,1,1,2,3,1,0,0,0,Low,3.1538461538461537,18.25,0.19230769230769232,1.0,0.3655
10,100,0,1,0,5.0,93,0,1,2,1,0,0,1,1,0,0,2,1,Low,8.454545454545455,10.0,0.45454545454545453,0.75,0.44700000000000006
15,87,2,2,1,8.0,63,1,1,0,2,1,0,1,3,0,1,0,1,Medium,3.9375,13.05,0.5,1.75,0.402
9,89,1,0,0,10.0,68,2,1,1,2,2,0,0,3,0,0,0,1,Low,6.8,8.01,1.0,1.0,0.6095
18,69,2,1,1,7.0,100,1,1,3,1,2,0,0,2,0,0,0,0,Medium,5.2631578947368425,12.42,0.3684210526315789,1.25,0.6625000000000001
20,63,0,1,1,7.0,75,0,1,2,1,2,0,1,2,0,0,0,1,Low,3.5714285714285716,12.6,0.3333333333333333,0.75,0.37500000000000006
21,71,2,1,0,9.0,78,0,1,2,1,1,0,1,4,0,0,0,0,Low,3.5454545454545454,14.91,0.4090909090909091,1.25,0.38700000000000007
20,70,0,1,0,8.0,64,0,1,0,0,0,1,2,3,0,0,2,0,Low,3.0476190476190474,14.0,0.38095238095238093,0.5,0.256
14,69,2,1,1,4.0,71,1,1,1,1,1,0,2,4,0,0,0,1,Low,4.733333333333333,9.66,0.26666666666666666,1.25,0.4714999999999999
19,68,1,0,1,8.0,75,0,1,1,1,1,1,1,4,0,2,0,0,Low,3.75,12.92,0.4,0.75,0.3375
11,83,1,1,1,5.0,63,1,1,2,0,1,0,1,3,0,1,0,0,Low,5.25,9.13,0.4166666666666667,0.75,0.47700000000000004
28,73,1,0,0,7.0,62,1,1,3,2,1,0,1,3,0,2,1,1,Medium,2.1379310344827585,20.44,0.2413793103448276,1.0,0.5105
18,93,0,2,1,6.0,80,1,1,1,1,1,1,0,3,0,0,0,0,Medium,4.2105263157894735,16.74,0.3157894736842105,1.0,0.5075000000000001
17,67,1,1,0,6.0,59,1,1,0,1,1,0,0,3,0,0,0,1,Low,3.2777777777777777,11.39,0.3333333333333333,1.0,0.386
30,79,1,2,0,7.0,78,1,0,3,2,2,1,2,2,0,2,1,1,High,2.5161290322580645,23.7,0.22580645161290322,1.25,0.5745
13,61,1,0,1,8.0,85,1,1,4,0,1,1,1,3,0,1,1,0,Low,6.071428571428571,7.93,0.5714285714285714,0.5,0.64
13,79,2,2,0,7.0,60,1,1,1,0,2,1,1,4,0,1,1,0,Low,4.285714285714286,10.27,0.5,1.25,0.4275
13,62,0,1,1,9.0,87,1,1,1,0,1,0,0,1,0,1,1,0,Low,6.214285714285714,8.06,0.6428571428571429,0.5,0.5355
20,99,1,0,0,9.0,68,0,1,1,0,2,0,2,3,0,2,2,0,Medium,3.238095238095238,19.8,0.42857142857142855,0.5,0.3095
23,92,1,2,0,9.0,100,1,1,1,2,2,0,1,2,1,1,0,0,High,4.166666666666667,21.16,0.375,1.5,0.5875
24,80,1,2,1,7.0,99,0,1,2,1,1,0,0,2,0,0,1,1,Medium,3.96,19.2,0.28,1.25,0.47100000000000003
35,63,2,2,1,6.0,90,0,1,0,1,1,0,2,3,0,1,0,0,High,2.5,22.05,0.16666666666666666,1.5,0.36000000000000004
7,84,1,2,0,7.0,67,1,1,1,1,1,1,1,3,0,1,0,0,Low,8.375,5.88,0.875,1.25,0.4555
24,90,0,0,1,9.0,97,2,1,3,0,1,0,2,4,0,0,0,0,High,3.88,21.6,0.36,0.25,0.8005
17,68,0,1,1,9.0,100,2,1,1,1,2,0,0,3,0,0,1,0,Low,5.555555555555555,11.56,0.5,0.75,0.7374999999999999
16,83,1,1,1,4.0,73,2,1,3,0,0,0,0,3,0,1,0,1,Medium,4.294117647058823,13.28,0.23529411764705882,0.75,0.7044999999999999
16,93,1,0,1,7.0,81,1,1,2,0,1,1,0,3,1,2,1,0,Medium,4.764705882352941,14.88,0.4117647058823529,0.5,0.549
15,91,0,2,1,4.0,50,2,1,1,1,1,0,1,3,0,0,1,1,Low,3.125,13.65,0.25,1.0,0.5375
30,92,0,1,1,7.0,52,1,1,3,2,1,1,2,4,0,1,0,0,High,1.6774193548387097,27.6,0.22580645161290322,1.0,0.4705
25,95,1,2,1,6.0,75,1,1,1,1,1,1,2,4,0,0,1,0,High,2.8846153846153846,23.75,0.23076923076923078,1.25,0.48750000000000004
20,98,1,1,0,6.0,80,1,1,0,1,1,0,2,2,0,1,1,0,High,3.8095238095238093,19.6,0.2857142857142857,1.0,0.4700000000000001
28,76,0,1,1,8.0,66,1,1,5,2,0,0,2,4,0,1,1,0,High,2.2758620689655173,21.28,0.27586206896551724,1.0,0.6015
11,83,1,0,1,6.0,55,0,1,0,0,1,0,2,4,1,2,0,1,Low,4.583333333333333,9.13,0.5,0.5,0.22000000000000003
12,92,2,0,1,7.0,89,1,1,1,1,2,1,1,2,0,2,1,0,Medium,6.846153846153846,11.04,0.5384615384615384,1.0,0.5435
7,88,2,2,1,6.0,71,1,1,0,0,1,0,2,3,0,0,1,1,Low,8.875,6.16,0.75,1.25,0.43399999999999994
16,100,2,2,1,7.0,82,1,1,2,2,1,0,2,2,0,0,0,0,High,4.823529411764706,16.0,0.4117647058823529,1.75,0.5529999999999999
21,61,2,1,1,8.0,83,2,0,1,0,1,1,1,3,0,1,0,1,Low,3.772727272727273,12.81,0.36363636363636365,0.75,0.6695
21,74,1,2,1,6.0,77,2,0,0,1,1,0,1,3,0,1,0,0,Low,3.5,15.54,0.2727272727272727,1.0,0.6080000000000001
21,71,0,1,1,8.0,59,1,1,3,0,1,0,1,3,0,1,1,0,Low,2.6818181818181817,14.91,0.36363636363636365,0.5,0.4985
12,70,1,2,0,7.0,81,2,1,0,0,1,0,2,3,0,0,0,0,Low,6.230769230769231,8.4,0.5384615384615384,1.0,0.6240000000000001
25,69,1,1,0,7.0,66,1,0,0,0,0,0,1,3,1,1,0,0,Low,2.5384615384615383,17.25,0.2692307692307692,0.5,0.41400000000000003
21,88,2,1,1,6.0,91,0,1,0,0,1,1,1,4,0,2,1,1,High,4.136363636363637,18.48,0.2727272727272727,1.0,0.36400000000000005
24,63,1,1,0,8.0,60,1,1,3,2,1,0,1,3,0,0,0,0,Low,2.4,15.12,0.32,1.25,0.5025
9,90,1,1,1,8.0,65,1,1,0,1,1,1,1,5,0,0,2,0,Low,6.5,8.1,0.8,1.0,0.41000000000000003
22,88,1,1,0,7.0,72,0,1,4,2,1,0,0,2,0,2,0,0,High,3.130434782608696,19.36,0.30434782608695654,1.25,0.43799999999999994
13,70,1,1,0,7.0,87,1,1,1,0,0,0,1,5,0,0,0,0,Low,6.214285714285714,9.1,0.5,0.75,0.5355
18,70,1,1,0,8.0,86,1,1,5,2,1,0,2,2,0,0,0,1,Medium,4.526315789473684,12.6,0.42105263157894735,1.25,0.6815
23,85,1,0,0,8.0,67,0,1,1,1,1,1,1,3,0,2,2,1,Low,2.7916666666666665,19.55,0.3333333333333333,0.75,0.3055
21,90,2,2,1,7.0,76,2,1,2,2,2,0,2,3,0,1,1,1,High,3.4545454545454546,18.9,0.3181818181818182,1.75,0.679
15,95,1,2,1,9.0,62,1,1,2,1,1,0,2,3,0,0,2,0,Medium,3.875,14.25,0.5625,1.25,0.47300000000000003
20,94,1,2,1,8.0,89,0,1,0,1,1,0,2,4,1,0,1,1,High,4.238095238095238,18.8,0.38095238095238093,1.25,0.35600000000000004
11,99,1,1,0,10.0,60,1,1,1,2,1,0,2,1,0,1,0,1,Medium,5.0,10.89,0.8333333333333334,1.25,0.4275
27,83,1,0,0,5.0,91,1,1,3,0,1,0,1,2,0,2,0,0,High,3.25,22.41,0.17857142857142858,0.5,0.6265000000000001
19,96,1,1,1,8.0,97,1,1,3,1,1,0,0,2,0,0,0,0,High,4.85,18.24,0.4,1.0,0.6505000000000001
277,92,1,0,1,9.0,100,2,1,2,1,2,0,2,0,0,2,1,1,High,0.3597122302158273,254.84,0.03237410071942446,0.75,0.7749999999999999
17,96,1,1,0,9.0,93,0,1,3,1,1,1,1,2,0,0,2,0,Medium,5.166666666666667,16.32,0.5,1.0,0.48450000000000004
17,60,0,0,1,7.0,61,1,1,1,0,1,0,2,4,0,2,0,1,Low,3.388888888888889,10.2,0.3888888888888889,0.25,0.4315
15,99,1,1,1,5.0,71,1,1,0,1,1,0,1,2,0,1,1,0,Medium,4.4375,14.85,0.3125,1.0,0.43399999999999994
25,79,1,0,1,9.0,54,1,1,1,0,1,1,2,2,0,2,2,0,Low,2.076923076923077,19.75,0.34615384615384615,0.5,0.40349999999999997
16,92,2,0,1,6.0,58,0,1,0,2,1,1,2,4,0,0,0,1,Medium,3.411764705882353,14.72,0.35294117647058826,1.25,0.23199999999999998
24,65,0,2,1,7.0,52,1,1,1,2,1,0,1,1,0,2,1,1,Low,2.08,15.6,0.28,1.25,0.39549999999999996
18,76,0,2,1,10.0,82,2,1,1,1,1,1,0,4,0,1,0,0,Medium,4.315789473684211,13.68,0.5263157894736842,1.0,0.6655
8,71,2,1,1,5.0,77,1,0,0,2,1,0,1,4,0,0,1,1,Low,8.555555555555555,5.68,0.5555555555555556,1.25,0.4580000000000001
17,72,0,1,0,8.0,96,2,1,2,0,2,0,1,3,0,0,0,0,Low,5.333333333333333,12.24,0.4444444444444444,0.5,0.7589999999999999
13,65,0,2,1,6.0,73,1,1,0,0,1,1,2,3,0,2,0,1,Low,5.214285714285714,8.45,0.42857142857142855,0.75,0.44199999999999995
20,92,0,2,0,6.0,82,1,1,0,1,1,0,1,5,0,0,0,1,Medium,3.9047619047619047,18.4,0.2857142857142857,1.0,0.478
13,60,2,2,0,7.0,70,1,1,1,1,1,0,0,3,0,1,2,1,Low,5.0,7.8,0.5,1.5,0.4674999999999999
26,73,2,1,0,8.0,91,1,1,4,0,0,0,1,5,0,0,1,0,Medium,3.3703703703703702,18.98,0.2962962962962963,1.0,0.664
19,67,1,0,0,8.0,96,2,0,1,2,0,0,2,3,0,1,0,0,Low,4.8,12.73,0.4,0.75,0.7214999999999999
19,84,1,0,0,9.0,72,2,1,1,0,1,0,2,3,0,0,2,1,Low,3.6,15.96,0.45,0.5,0.6255
24,70,1,2,0,6.0,54,0,1,1,2,1,0,1,1,0,0,1,1,Low,2.16,16.8,0.24,1.5,0.2535
26,70,2,2,1,5.0,58,1,1,1,0,0,1,2,3,0,2,1,0,Medium,2.1481481481481484,18.2,0.18518518518518517,1.25,0.4195
20,80,0,1,1,6.0,86,2,1,1,0,1,1,2,3,0,0,0,1,Medium,4.095238095238095,16.0,0.2857142857142857,0.5,0.6815
15,86,2,1,1,8.0,66,0,1,0,1,2,1,2,5,0,1,0,0,Medium,4.125,12.9,0.5,1.25,0.264
9,65,0,1,1,7.0,89,1,1,2,0,1,0,2,4,0,0,1,0,Low,8.9,5.85,0.7,0.5,0.581
16,67,1,2,1,4.0,87,2,1,5,2,2,0,2,4,0,1,0,0,Medium,5.117647058823529,10.72,0.23529411764705882,1.5,0.8355
16,70,0,2,1,4.0,85,2,1,0,1,1,1,1,3,0,0,0,0,Low,5.0,11.2,0.23529411764705882,1.0,0.64
21,99,2,1,1,7.0,91,1,0,3,1,1,0,2,4,0,1,0,0,High,4.136363636363637,20.79,0.3181818181818182,1.0,0.6265000000000001
18,76,1,1,0,8.0,88,0,1,1,1,1,0,1,4,0,1,0,1,Low,4.631578947368421,13.68,0.42105263157894735,1.0,0.3895
24,84,1,1,0,6.0,82,1,1,1,1,1,0,0,2,0,0,0,0,Medium,3.28,20.16,0.24,1.0,0.5155
16,70,1,2,1,8.0,50,2,1,3,2,1,1,1,3,0,2,2,0,Low,2.9411764705882355,11.2,0.47058823529411764,1.5,0.6125
20,80,1,2,1,5.0,76,1,0,0,0,1,1,0,3,0,1,0,1,Low,3.619047619047619,16.0,0.23809523809523808,0.75,0.45400000000000007
27,63,2,0,0,7.0,80,1,0,2,1,2,0,2,2,0,0,0,1,Low,2.857142857142857,17.01,0.25,0.75,0.545
22,61,1,0,0,7.0,98,2,1,3,2,0,1,1,2,0,1,0,1,Low,4.260869565217392,13.42,0.30434782608695654,1.0,0.8045
20,79,1,1,0,8.0,83,1,1,3,0,1,1,1,4,0,1,1,0,Medium,3.9523809523809526,15.8,0.38095238095238093,0.75,0.5945
16,76,0,1,1,5.0,79,1,1,0,0,2,0,2,4,0,2,1,1,Low,4.647058823529412,12.16,0.29411764705882354,0.5,0.4660000000000001
16,65,1,1,0,5.0,77,1,1,1,2,2,0,2,3,0,0,1,0,Low,4.529411764705882,10.4,0.29411764705882354,1.25,0.49550000000000005
15,88,2,1,0,8.0,55,1,1,1,2,2,1,1,2,0,0,0,0,Medium,3.4375,13.2,0.5,1.5,0.4075
17,100,1,2,1,5.0,71,0,1,2,0,1,0,1,4,0,0,0,0,High,3.9444444444444446,17.0,0.2777777777777778,1.0,0.359
25,76,2,2,1,6.0,57,0,0,0,1,1,0,2,3,0,2,1,0,Medium,2.1923076923076925,19.0,0.23076923076923078,1.25,0.22799999999999998
19,85,1,1,1,9.0,53,2,1,1,1,1,0,1,3,0,1,2,0,Low,2.65,16.15,0.45,1.0,0.5495
12,99,1,1,1,7.0,66,0,1,3,1,0,1,0,1,0,2,1,1,Medium,5.076923076923077,11.88,0.5384615384615384,1.0,0.3765
31,93,1,0,0,8.0,82,0,1,2,2,2,1,1,1,0,0,0,0,High,2.5625,28.83,0.25,1.0,0.403
22,79,2,2,1,8.0,93,1,1,0,1,1,1,0,2,1,0,0,1,Medium,4.043478260869565,17.38,0.34782608695652173,1.5,0.522
12,89,1,2,0,8.0,91,1,0,1,0,2,0,1,2,0,0,0,0,Low,7.0,10.68,0.6153846153846154,0.75,0.5515
17,65,1,1,0,7.0,65,1,1,0,2,1,1,1,4,0,0,1,0,Low,3.611111111111111,11.05,0.3888888888888889,1.25,0.41000000000000003
21,80,2,0,1,6.0,52,1,1,1,0,1,0,0,4,0,0,0,0,Low,2.3636363636363638,16.8,0.2727272727272727,0.75,0.39549999999999996
30,71,2,0,0,10.0,70,0,1,3,1,1,0,1,4,1,0,0,1,Medium,2.2580645161290325,21.3,0.3225806451612903,1.0,0.39249999999999996
13,66,1,1,1,7.0,66,0,1,3,1,1,0,0,2,0,1,0,1,Low,4.714285714285714,8.58,0.5,1.0,0.3765
26,77,1,0,1,7.0,69,0,1,1,2,1,0,1,3,1,0,0,1,Low,2.5555555555555554,20.02,0.25925925925925924,1.0,0.31349999999999995
28,65,1,1,0,8.0,78,2,0,1,2,1,1,2,3,0,1,0,1,Medium,2.689655172413793,18.2,0.27586206896551724,1.0,0.6495000000000001
16,88,1,1,1,6.0,52,1,1,2,2,2,0,2,3,0,0,0,1,Medium,3.0588235294117645,14.08,0.35294117647058826,1.25,0.433
18,78,1,1,1,6.0,69,1,1,1,1,1,0,0,4,0,2,1,1,Low,3.6315789473684212,14.04,0.3157894736842105,1.0,0.4634999999999999
14,81,2,2,0,9.0,78,1,1,0,1,1,1,2,4,0,1,0,1,Medium,5.2,11.34,0.6,1.5,0.4620000000000001
19,66,0,1,0,6.0,72,1,1,2,0,1,0,0,5,0,0,0,0,Low,3.6,12.54,0.3,0.5,0.5129999999999999
20,66,1,2,0,8.0,83,1,1,1,0,1,0,1,2,1,1,0,0,Low,3.9523809523809526,13.2,0.38095238095238093,1.0,0.5195
24,83,2,0,0,8.0,59,1,1,1,0,1,0,2,3,0,0,0,0,Medium,2.36,19.92,0.32,0.75,0.4235
27,99,0,0,1,7.0,58,0,1,2,1,1,1,2,2,0,2,1,0,High,2.0714285714285716,26.73,0.25,0.5,0.307
16,64,1,1,0,7.0,65,1,1,2,1,2,0,1,4,0,0,0,0,Low,3.823529411764706,10.24,0.4117647058823529,1.0,0.48500000000000004
8,71,2,1,0,8.0,55,2,1,1,0,2,0,2,2,0,1,1,0,Low,6.111111111111111,5.68,0.8888888888888888,1.0,0.5575
20,95,2,0,1,7.0,62,0,1,1,0,0,1,2,3,0,1,0,0,Medium,2.9523809523809526,19.0,0.3333333333333333,0.75,0.2855
22,63,1,1,1,4.0,54,1,1,0,1,1,1,2,3,0,0,1,0,Low,2.347826086956522,13.86,0.17391304347826086,1.0,0.366
21,95,0,1,1,9.0,70,1,1,3,2,1,0,2,3,0,0,0,1,High,3.1818181818181817,19.95,0.4090909090909091,1.0,0.5425
18,81,0,2,1,6.0,86,1,1,3,0,1,0,2,4,0,1,0,0,Medium,4.526315789473684,14.58,0.3157894736842105,0.75,0.6065
21,76,1,1,1,7.0,64,0,1,1,1,2,1,2,2,0,0,1,0,Low,2.909090909090909,15.96,0.3181818181818182,1.0,0.2935
29,72,0,1,0,5.0,50,0,1,0,0,1,0,1,4,0,0,0,1,Low,1.6666666666666667,20.88,0.16666666666666666,0.5,0.2
22,72,0,2,0,6.0,78,0,0,1,0,2,0,1,3,0,2,0,0,Low,3.391304347826087,15.84,0.2608695652173913,0.5,0.34950000000000003
18,72,2,2,0,6.0,85,2,1,1,2,2,1,2,1,0,0,1,0,Medium,4.473684210526316,12.96,0.3157894736842105,1.75,0.6775
17,95,2,1,0,7.0,70,2,1,1,0,1,0,1,3,0,0,0,0,Medium,3.888888888888889,16.15,0.3888888888888889,1.0,0.6174999999999999
19,89,2,1,1,6.0,65,0,1,2,0,1,0,1,3,1,2,0,0,Medium,3.25,16.91,0.3,1.0,0.335
30,87,0,1,1,10.0,75,0,1,3,0,0,0,1,4,0,1,0,0,High,2.4193548387096775,26.1,0.3225806451612903,0.5,0.41250000000000003
19,92,0,1,0,7.0,55,1,1,1,1,1,0,1,5,0,0,2,0,Low,2.75,17.48,0.35,0.75,0.4075
20,70,2,0,0,8.0,82,1,1,2,0,2,1,2,3,0,0,1,0,Low,3.9047619047619047,14.0,0.38095238095238093,0.75,0.5529999999999999
17,85,2,1,1,7.0,87,1,1,1,0,1,1,1,1,0,0,0,1,Medium,4.833333333333333,14.45,0.3888888888888889,1.0,0.5355
27,78,2,2,0,8.0,85,1,1,0,2,1,0,2,3,0,1,0,0,High,3.0357142857142856,21.06,0.2857142857142857,1.75,0.49
32,91,2,1,1,4.0,66,1,1,3,0,2,0,1,2,0,2,0,1,High,2.0,29.12,0.12121212121212122,1.0,0.5265
23,72,2,0,1,6.0,92,0,1,2,2,1,0,0,3,0,1,0,0,Medium,3.8333333333333335,16.56,0.25,1.25,0.44300000000000006
20,86,1,1,0,6.0,97,0,1,1,0,1,1,1,2,0,0,1,0,Medium,4.619047619047619,17.2,0.2857142857142857,0.75,0.4255
20,95,1,1,0,6.0,65,2,1,2,0,1,0,1,3,0,1,0,1,High,3.0952380952380953,19.0,0.2857142857142857,0.75,0.635
6,76,1,1,1,8.0,63,1,1,5,1,1,0,1,3,0,1,0,0,Low,9.0,4.56,1.1428571428571428,1.0,0.5895
24,63,1,1,1,8.0,85,2,1,1,0,1,1,2,3,0,0,2,1,Low,3.4,15.12,0.32,0.75,0.6775
21,81,1,1,1,7.0,85,1,1,1,0,2,0,0,3,0,2,1,0,Medium,3.8636363636363638,17.01,0.3181818181818182,0.75,0.5275
23,74,2,2,0,7.0,76,1,1,1,1,0,0,1,2,0,1,1,1,Medium,3.1666666666666665,17.02,0.2916666666666667,1.5,0.49150000000000005
16,87,0,1,1,10.0,96,1,0,1,0,2,0,2,1,0,1,1,0,Low,5.647058823529412,13.92,0.5882352941176471,0.25,0.5715
18,98,2,1,0,7.0,57,0,1,0,2,1,1,1,1,0,2,1,0,Medium,3.0,17.64,0.3684210526315789,1.5,0.22799999999999998
18,79,0,2,0,4.0,74,0,1,2,0,1,0,0,1,0,0,0,1,Low,3.8947368421052633,14.22,0.21052631578947367,0.75,0.371
26,79,1,2,1,8.0,52,2,1,1,1,1,0,0,3,1,2,0,1,Medium,1.9259259259259258,20.54,0.2962962962962963,1.25,0.5455
18,86,2,1,0,8.0,53,0,1,5,0,2,1,0,3,0,0,0,0,Medium,2.789473684210526,15.48,0.42105263157894735,1.0,0.3995
32,64,0,2,1,9.0,53,0,0,1,0,1,1,2,3,0,1,0,1,Low,1.606060606060606,20.48,0.2727272727272727,0.5,0.24950000000000003
23,70,1,1,1,8.0,75,1,1,0,2,1,0,2,2,0,0,1,0,Low,3.125,16.1,0.3333333333333333,1.25,0.45000000000000007
12,97,0,1,1,6.0,79,1,0,1,1,1,0,0,2,0,0,0,0,Low,6.076923076923077,11.64,0.46153846153846156,0.5,0.5035000000000001
19,87,2,1,0,8.0,50,0,1,0,2,2,0,1,2,0,0,0,1,Medium,2.5,16.53,0.4,1.5,0.2
16,61,2,1,1,7.0,82,1,1,2,0,1,0,0,3,0,0,0,1,Low,4.823529411764706,9.76,0.4117647058823529,1.0,0.5529999999999999
7,68,2,1,0,9.0,74,1,1,1,0,2,0,2,3,0,0,0,1,Low,9.25,4.76,1.125,1.0,0.48349999999999993
30,87,2,1,1,9.0,61,2,1,2,1,2,1,1,4,0,0,1,0,High,1.967741935483871,26.1,0.2903225806451613,1.25,0.619
24,91,2,2,1,7.0,51,2,1,2,1,1,0,1,3,0,0,1,0,High,2.04,21.84,0.28,1.5,0.579
23,94,0,1,0,8.0,58,2,1,5,0,0,0,1,6,0,0,0,1,High,2.4166666666666665,21.62,0.3333333333333333,0.5,0.7195
21,72,1,1,0,9.0,80,2,1,3,0,1,0,1,4,0,0,0,0,Medium,3.6363636363636362,15.12,0.4090909090909091,0.75,0.7325000000000002
12,97,1,0,1,7.0,83,1,1,0,0,1,0,1,2,0,1,1,0,Low,6.384615384615385,11.64,0.5384615384615384,0.5,0.482
17,82,1,2,1,10.0,82,2,1,1,1,1,1,2,2,0,0,1,0,Medium,4.555555555555555,13.94,0.5555555555555556,1.25,0.6655
25,88,2,2,1,9.0,58,0,1,0,0,1,0,0,4,0,2,0,0,High,2.230769230769231,22.0,0.34615384615384615,1.25,0.23199999999999998
14,84,1,1,1,6.0,96,1,0,2,0,1,1,1,2,0,2,2,0,Low,6.4,11.76,0.4,0.5,0.609
5,65,0,2,0,7.0,71,1,1,0,0,1,1,0,2,0,1,2,0,Low,11.833333333333334,3.25,1.1666666666666667,0.75,0.43399999999999994
19,99,1,2,1,8.0,88,2,0,1,0,2,0,2,3,0,0,2,1,High,4.4,18.81,0.4,0.75,0.6895
19,65,0,2,0,10.0,58,1,1,2,1,2,1,2,3,0,2,1,1,Low,2.9,12.35,0.5,1.0,0.457
21,70,1,1,0,8.0,74,0,1,2,1,1,0,2,3,0,2,2,0,Low,3.3636363636363638,14.7,0.36363636363636365,1.0,0.371
24,93,1,1,1,7.0,76,2,1,2,0,1,0,1,1,1,0,0,0,High,3.04,22.32,0.28,0.75,0.679
24,85,2,0,1,9.0,89,1,1,1,0,1,0,2,2,0,2,1,0,High,3.56,20.4,0.36,0.75,0.5435
22,94,0,2,1,7.0,81,1,1,2,1,2,0,1,4,0,0,2,0,High,3.5217391304347827,20.68,0.30434782608695654,1.0,0.549
27,81,2,2,1,6.0,70,1,1,0,0,1,0,2,5,0,0,2,1,High,2.5,21.87,0.21428571428571427,1.25,0.42999999999999994
11,75,0,2,0,8.0,64,1,1,3,0,1,0,1,3,1,1,1,1,Low,5.333333333333333,8.25,0.6666666666666666,0.75,0.5185
23,97,1,1,1,6.0,99,0,1,1,0,1,1,2,3,0,0,0,1,High,4.125,22.31,0.25,0.75,0.4335
24,61,1,1,0,10.0,64,0,1,0,0,1,1,2,3,0,0,0,1,Low,2.56,14.64,0.4,0.75,0.256
13,94,0,1,1,7.0,56,2,1,2,0,2,0,1,4,0,1,0,0,Medium,4.0,12.22,0.5,0.5,0.599
11,69,0,1,1,8.0,65,0,1,0,0,1,0,0,2,0,1,1,0,Low,5.416666666666667,7.59,0.6666666666666666,0.5,0.26
16,94,0,1,1,6.0,66,1,1,3,1,2,0,0,4,0,1,0,1,Medium,3.8823529411764706,15.04,0.35294117647058826,0.75,0.5265
16,66,1,0,0,9.0,56,1,1,0,0,2,1,2,4,1,1,0,1,Low,3.2941176470588234,10.56,0.5294117647058824,0.5,0.374
25,83,2,2,1,7.0,85,2,1,2,0,1,0,0,4,0,1,0,0,High,3.269230769230769,20.75,0.2692307692307692,1.25,0.715
16,96,1,1,0,7.0,81,1,1,0,0,0,0,0,3,0,0,1,0,Low,4.764705882352941,15.36,0.4117647058823529,0.75,0.4740000000000001
15,79,1,2,1,7.0,66,1,1,2,0,1,0,2,3,0,1,2,1,Low,4.125,11.85,0.4375,1.0,0.48900000000000005
16,90,1,2,1,5.0,100,0,1,1,2,1,1,0,4,0,0,1,0,Medium,5.882352941176471,14.4,0.29411764705882354,1.5,0.4375
27,92,0,1,1,7.0,83,0,1,2,0,1,0,2,4,1,1,1,1,High,2.9642857142857144,24.84,0.25,0.5,0.40700000000000003
20,89,0,1,1,8.0,85,1,1,2,1,2,0,2,1,0,2,0,1,High,4.0476190476190474,17.8,0.38095238095238093,0.75,0.565
19,97,2,2,0,5.0,78,0,1,0,1,0,1,0,3,0,1,1,0,High,3.9,18.43,0.25,1.5,0.31200000000000006
19,78,0,2,1,9.0,78,1,1,2,0,2,0,0,2,0,1,0,1,Medium,3.9,14.82,0.45,0.75,0.537
28,67,2,1,1,7.0,51,1,1,2,1,1,0,1,3,0,0,0,1,Medium,1.7586206896551724,18.76,0.2413793103448276,1.25,0.429
16,62,0,0,0,7.0,89,2,1,0,1,1,0,1,3,0,0,2,1,Low,5.235294117647059,9.92,0.4117647058823529,0.5,0.656
28,70,1,1,1,4.0,96,0,1,1,1,1,1,2,2,0,0,1,0,Medium,3.310344827586207,19.6,0.13793103448275862,1.0,0.4215
21,66,2,1,1,7.0,56,1,1,1,0,1,1,1,4,0,2,1,0,Low,2.5454545454545454,13.86,0.3181818181818182,1.0,0.4115
19,82,1,1,0,5.0,90,1,1,1,2,1,0,0,3,0,1,0,0,Medium,4.5,15.58,0.25,1.25,0.5475
35,67,1,2,1,6.0,77,0,1,1,0,1,0,2,3,0,1,0,0,High,2.138888888888889,23.45,0.16666666666666666,1.0,0.34550000000000003
14,62,1,1,0,5.0,64,1,1,2,0,1,0,1,3,0,1,0,0,Low,4.266666666666667,8.68,0.3333333333333333,0.75,0.48100000000000004
18,61,1,1,1,6.0,96,1,1,0,1,1,0,0,3,0,0,0,0,Low,5.052631578947368,10.98,0.3157894736842105,1.0,0.534
13,93,1,2,1,7.0,51,0,1,1,0,2,1,1,3,0,0,0,1,Medium,3.642857142857143,12.09,0.5,1.0,0.24150000000000002
26,84,2,1,0,7.0,64,1,0,1,1,2,0,1,4,0,1,0,0,Medium,2.3703703703703702,21.84,0.25925925925925924,1.0,0.4435
30,74,1,2,0,8.0,94,0,1,0,1,1,0,2,3,0,0,0,0,High,3.032258064516129,22.2,0.25806451612903225,1.25,0.376
30,96,1,0,1,4.0,74,2,0,0,0,0,0,0,3,0,0,1,0,Medium,2.3870967741935485,28.8,0.12903225806451613,0.25,0.596
27,63,2,1,1,7.0,80,1,1,1,0,2,0,1,4,0,0,2,1,Low,2.857142857142857,17.01,0.25,1.0,0.5075000000000001
19,99,1,0,1,7.0,87,0,1,1,1,1,0,2,4,0,0,1,1,High,4.35,18.81,0.35,0.75,0.3855
18,85,1,1,1,6.0,57,0,1,2,1,2,0,1,2,0,2,1,0,Medium,3.0,15.3,0.3157894736842105,1.0,0.303
10,67,2,2,0,6.0,61,1,1,0,0,2,1,1,2,0,0,0,1,Low,5.545454545454546,6.7,0.5454545454545454,1.25,0.394
32,87,1,2,1,9.0,100,1,1,2,1,0,1,1,2,0,2,1,0,High,3.0303030303030303,27.84,0.2727272727272727,1.25,0.625
23,91,1,2,1,10.0,62,0,1,1,1,2,1,0,3,0,1,0,0,High,2.5833333333333335,20.93,0.4166666666666667,1.25,0.2855
17,77,2,1,1,4.0,77,0,1,0,1,1,1,2,4,0,0,0,1,Low,4.277777777777778,13.09,0.2222222222222222,1.25,0.30800000000000005
28,94,1,2,1,6.0,65,2,1,1,0,2,0,2,1,0,0,0,1,High,2.2413793103448274,26.32,0.20689655172413793,1.0,0.5975
14,66,1,1,1,5.0,93,1,1,1,1,1,1,0,2,0,0,0,0,Low,6.2,9.24,0.3333333333333333,1.0,0.5595
22,71,1,0,1,7.0,98,0,1,2,0,2,0,1,2,0,0,1,1,Low,4.260869565217392,15.62,0.30434782608695654,0.5,0.467
19,64,2,1,0,9.0,57,0,1,0,1,2,1,1,3,0,0,0,1,Low,2.85,12.16,0.45,1.25,0.22799999999999998
24,68,0,1,1,8.0,80,1,0,1,0,0,0,2,4,0,2,1,0,Low,3.2,16.32,0.32,0.25,0.5075000000000001
20,70,1,1,1,7.0,91,1,1,1,0,1,0,0,2,0,0,2,0,Low,4.333333333333333,14.0,0.3333333333333333,0.75,0.5515
11,97,1,1,0,7.0,91,1,1,1,1,1,0,2,4,0,0,0,0,Medium,7.583333333333333,10.67,0.5833333333333334,1.0,0.5515
20,63,1,1,0,7.0,72,0,1,3,0,2,0,0,5,1,2,0,0,Low,3.4285714285714284,12.6,0.3333333333333333,0.75,0.40049999999999997
26,77,1,1,1,8.0,61,1,1,1,0,1,0,1,4,0,1,1,0,Medium,2.259259259259259,20.02,0.2962962962962963,0.75,0.4315
20,81,1,0,0,8.0,69,1,1,1,1,1,1,1,2,0,0,0,1,Low,3.2857142857142856,16.2,0.38095238095238093,0.75,0.4634999999999999
25,96,1,2,0,8.0,88,1,1,0,0,1,1,1,1,0,0,0,0,High,3.3846153846153846,24.0,0.3076923076923077,1.0,0.502
14,100,1,1,1,4.0,100,1,1,3,0,1,0,1,3,0,2,1,1,High,6.666666666666667,14.0,0.26666666666666666,0.75,0.6625000000000001
20,90,1,1,0,7.0,78,2,1,0,1,2,0,2,4,1,2,2,0,Medium,3.7142857142857144,18.0,0.3333333333333333,1.0,0.6120000000000001
16,99,1,2,1,7.0,60,1,1,2,0,2,1,1,3,0,2,1,0,High,3.5294117647058822,15.84,0.4117647058823529,1.0,0.465
24,91,0,1,1,8.0,52,1,1,1,0,1,0,1,5,0,0,0,0,Medium,2.08,21.84,0.32,0.5,0.39549999999999996
20,99,0,1,1,7.0,97,1,1,2,0,1,0,1,0,0,0,0,0,High,4.619047619047619,19.8,0.3333333333333333,0.5,0.613
24,88,1,2,1,8.0,74,1,1,0,0,2,1,1,3,0,2,0,0,High,2.96,21.12,0.32,1.0,0.44599999999999995
27,63,1,1,1,6.0,86,1,1,1,1,1,0,2,4,0,2,0,1,Medium,3.0714285714285716,17.01,0.21428571428571427,1.0,0.5315
24,76,0,2,0,8.0,83,1,1,1,2,1,1,2,4,0,0,0,1,Medium,3.32,18.24,0.32,1.25,0.5195
22,86,1,1,1,9.0,95,1,1,4,1,0,1,2,2,0,1,0,0,High,4.130434782608695,18.92,0.391304347826087,1.0,0.68
14,74,2,1,0,5.0,63,0,0,2,0,2,1,2,3,0,1,2,1,Low,4.2,10.36,0.3333333333333333,0.75,0.327
20,71,0,1,0,5.0,72,1,1,4,1,1,0,2,4,0,2,1,0,Low,3.4285714285714284,14.2,0.23809523809523808,0.75,0.588
17,83,1,1,0,8.0,96,1,1,1,0,1,0,2,3,0,1,1,0,Medium,5.333333333333333,14.11,0.4444444444444444,0.75,0.5715
18,97,2,0,1,7.0,79,1,1,3,2,1,1,2,3,0,0,2,0,High,4.157894736842105,17.46,0.3684210526315789,1.25,0.5785
18,61,0,0,0,9.0,54,1,1,0,1,1,0,1,2,0,1,0,1,Low,2.8421052631578947,10.98,0.47368421052631576,0.5,0.366
14,91,2,1,1,7.0,60,1,1,0,2,1,0,1,2,0,0,0,0,Medium,4.0,12.74,0.4666666666666667,1.5,0.39
8,89,2,2,0,8.0,62,1,1,2,1,1,0,2,4,1,0,1,0,Low,6.888888888888889,7.12,0.8888888888888888,1.5,0.47300000000000003
16,99,0,2,1,6.0,100,2,1,1,2,2,0,2,3,0,0,2,1,High,5.882352941176471,15.84,0.35294117647058826,1.25,0.7374999999999999
21,97,2,2,0,8.0,61,0,1,0,0,2,0,1,3,1,2,0,1,High,2.772727272727273,20.37,0.36363636363636365,1.25,0.244
12,90,1,1,1,8.0,93,0,1,3,2,1,0,1,3,0,0,0,1,Medium,7.153846153846154,10.8,0.6153846153846154,1.25,0.48450000000000004
20,81,0,1,0,6.0,54,0,1,0,0,0,0,2,2,0,1,1,1,Low,2.5714285714285716,16.2,0.2857142857142857,0.5,0.21600000000000003
31,68,1,1,0,9.0,59,1,1,3,2,2,0,1,2,0,2,0,1,Medium,1.84375,21.08,0.28125,1.25,0.4985
26,82,0,1,0,4.0,94,0,1,0,0,0,1,2,3,0,0,0,0,Medium,3.4814814814814814,21.32,0.14814814814814814,0.5,0.376
30,91,1,2,1,7.0,95,0,1,1,1,2,0,2,3,0,1,0,1,High,3.064516129032258,27.3,0.22580645161290322,1.25,0.4175
22,96,0,0,1,5.0,59,1,1,0,1,2,1,2,2,0,0,2,1,Medium,2.5652173913043477,21.12,0.21739130434782608,0.5,0.386
27,92,2,2,1,5.0,61,1,1,0,1,2,1,2,3,0,2,0,0,High,2.1785714285714284,24.84,0.17857142857142858,1.5,0.394
16,68,1,2,1,8.0,77,1,1,1,1,2,0,2,4,0,2,1,0,Low,4.529411764705882,10.88,0.47058823529411764,1.25,0.49550000000000005
16,84,1,2,1,5.0,53,1,0,2,0,1,0,1,1,0,0,0,0,Low,3.1176470588235294,13.44,0.29411764705882354,0.75,0.437
4,73,0,1,1,5.0,97,2,1,1,0,2,0,0,1,0,0,0,0,Low,19.4,2.92,1.0,0.5,0.7254999999999999
27,60,1,2,0,8.0,68,2,1,1,1,1,1,0,4,1,0,2,1,Low,2.4285714285714284,16.2,0.2857142857142857,1.25,0.6095
29,68,0,2,1,5.0,74,0,1,3,2,2,0,1,2,1,2,0,0,Medium,2.466666666666667,19.72,0.16666666666666666,1.25,0.4085
17,65,2,2,0,9.0,55,1,1,1,1,1,0,2,2,0,0,0,0,Low,3.0555555555555554,11.05,0.5,1.5,0.4075
18,94,0,1,1,8.0,52,1,1,1,1,1,1,2,4,0,1,0,1,Medium,2.736842105263158,16.92,0.42105263157894735,0.75,0.39549999999999996
15,70,1,1,0,6.0,73,0,1,2,1,0,0,2,4,0,0,1,0,Low,4.5625,10.5,0.375,1.0,0.367
22,71,1,1,1,8.0,56,0,1,0,1,2,0,1,2,0,2,0,0,Low,2.4347826086956523,15.62,0.34782608695652173,1.0,0.22400000000000003
27,98,1,2,0,4.0,82,1,1,0,2,1,0,2,3,0,0,0,1,High,2.9285714285714284,26.46,0.14285714285714285,1.5,0.478
10,75,1,2,1,8.0,90,1,1,2,0,1,0,2,2,0,2,1,0,Low,8.181818181818182,7.5,0.7272727272727273,1.0,0.585
22,60,1,1,1,5.0,52,1,1,0,0,1,0,0,2,0,0,0,1,Low,2.260869565217391,13.2,0.21739130434782608,0.75,0.358
18,71,1,2,1,6.0,81,1,1,1,0,2,0,2,3,0,0,0,0,Low,4.2631578947368425,12.78,0.3157894736842105,1.0,0.5115000000000001
21,65,1,2,1,6.0,91,2,1,1,1,2,0,2,3,0,0,1,0,Medium,4.136363636363637,13.65,0.2727272727272727,1.25,0.7015
23,64,2,1,1,9.0,72,1,1,0,0,2,0,2,3,0,1,0,0,Low,3.0,14.72,0.375,1.0,0.43799999999999994
19,63,2,1,0,6.0,98,2,1,4,2,1,1,2,2,0,2,0,0,Medium,4.9,11.97,0.3,1.5,0.842
19,84,1,1,1,7.0,56,0,1,2,0,1,0,1,3,0,0,1,1,Low,2.8,15.96,0.35,0.75,0.29900000000000004
19,68,2,2,0,6.0,66,1,1,2,1,1,0,1,3,0,0,2,1,Low,3.3,12.92,0.3,1.5,0.48900000000000005
26,74,2,1,0,6.0,62,1,1,0,0,1,1,1,3,0,0,0,1,Low,2.2962962962962963,19.24,0.2222222222222222,1.0,0.398
23,94,1,2,0,5.0,100,0,1,2,1,2,0,1,2,0,2,0,0,High,4.166666666666667,21.62,0.20833333333333334,1.25,0.47500000000000003
21,77,0,1,1,7.0,65,1,1,2,0,2,0,0,2,0,0,1,1,Low,2.9545454545454546,16.17,0.3181818181818182,0.5,0.48500000000000004
12,97,1,0,1,7.0,69,0,1,0,0,2,0,2,5,0,0,0,1,Medium,5.3076923076923075,11.64,0.5384615384615384,0.5,0.27599999999999997
18,80,1,0,1,8.0,92,2,1,0,1,2,1,2,1,0,1,0,0,Medium,4.842105263157895,14.4,0.42105263157894735,0.75,0.668
25,76,1,0,1,7.0,96,1,1,3,1,1,0,2,4,1,0,0,1,Medium,3.6923076923076925,19.0,0.2692307692307692,0.75,0.6465000000000001
20,90,1,0,1,7.0,97,1,1,2,2,2,0,2,3,0,1,1,0,High,4.619047619047619,18.0,0.3333333333333333,1.0,0.613
24,63,1,1,1,8.0,78,1,1,0,0,2,1,0,3,0,0,0,0,Low,3.12,15.12,0.32,0.75,0.4620000000000001
31,64,1,1,1,6.0,83,1,1,1,1,1,0,2,2,0,0,1,1,Medium,2.59375,19.84,0.1875,1.0,0.5195
26,86,1,0,0,5.0,67,1,1,2,0,2,1,2,1,0,0,1,1,Medium,2.4814814814814814,22.36,0.18518518518518517,0.5,0.49300000000000005
21,79,0,1,1,8.0,80,2,1,1,0,2,1,0,3,0,1,0,0,Medium,3.6363636363636362,16.59,0.36363636363636365,0.5,0.6575000000000001
17,92,0,1,1,6.0,65,2,1,3,1,2,0,2,2,0,1,0,0,High,3.611111111111111,15.64,0.3333333333333333,0.75,0.6725000000000001
5,97,1,0,1,7.0,87,1,1,2,1,1,1,1,3,1,0,2,1,Low,14.5,4.85,1.1666666666666667,0.75,0.573
19,76,1,1,1,6.0,65,1,1,0,0,1,0,1,4,1,0,0,1,Low,3.25,14.44,0.3,0.75,0.41000000000000003
18,84,2,2,0,6.0,94,1,1,3,2,1,0,1,4,0,0,0,0,High,4.947368421052632,15.12,0.3157894736842105,1.75,0.6385000000000001
22,80,0,0,0,4.0,57,0,1,1,0,1,0,1,3,0,2,1,0,Low,2.4782608695652173,17.6,0.17391304347826086,0.25,0.26549999999999996
19,99,0,0,0,8.0,79,2,1,3,1,1,1,2,4,0,0,0,0,High,3.95,18.81,0.4,0.5,0.7285000000000001
18,93,1,2,0,4.0,76,2,1,3,0,1,0,0,3,0,1,0,1,High,4.0,16.74,0.21052631578947367,1.0,0.7165000000000001
9,96,1,2,1,9.0,63,1,1,1,2,1,1,1,1,0,0,0,0,Medium,6.3,8.64,0.9,1.5,0.4395
14,70,1,1,1,9.0,51,0,1,1,0,2,0,0,4,0,1,0,0,Low,3.4,9.8,0.6,0.75,0.24150000000000002
23,91,1,1,0,6.0,57,0,1,2,0,2,1,2,2,0,0,0,0,Medium,2.375,20.93,0.25,0.75,0.303
30,71,0,2,0,9.0,98,0,1,2,2,1,0,2,1,0,0,1,1,Medium,3.161290322580645,21.3,0.2903225806451613,1.25,0.467
19,68,0,2,0,10.0,97,0,0,0,0,1,0,2,3,0,1,2,1,Low,4.85,12.92,0.5,0.5,0.388
22,98,0,1,0,7.0,56,2,1,1,2,1,1,1,1,0,1,0,1,High,2.4347826086956523,21.56,0.30434782608695654,1.0,0.5615
26,61,1,1,1,8.0,69,2,1,2,1,2,0,2,3,0,0,0,0,Low,2.5555555555555554,15.86,0.2962962962962963,1.0,0.6509999999999999
15,99,2,1,0,7.0,73,0,1,1,0,1,0,2,3,0,0,0,0,Medium,4.5625,14.85,0.4375,1.0,0.32949999999999996
22,66,1,0,1,9.0,74,1,1,3,0,2,0,0,3,0,2,0,1,Low,3.217391304347826,14.52,0.391304347826087,0.5,0.5585
16,93,0,2,1,5.0,65,0,1,0,1,1,0,0,3,0,0,0,1,Low,3.823529411764706,14.88,0.29411764705882354,1.0,0.26
25,71,2,1,1,7.0,96,0,1,2,0,1,0,2,3,0,0,0,1,Medium,3.6923076923076925,17.75,0.2692307692307692,1.0,0.459
21,74,2,1,1,8.0,95,0,1,1,1,1,1,2,5,1,0,2,1,Low,4.318181818181818,15.54,0.36363636363636365,1.25,0.4175
22,69,0,2,1,8.0,51,1,1,1,0,2,0,2,3,0,0,0,1,Low,2.217391304347826,15.18,0.34782608695652173,0.75,0.39149999999999996
15,83,1,0,1,7.0,83,0,1,1,2,1,0,1,2,0,2,0,1,Low,5.1875,12.45,0.4375,1.0,0.3695
24,74,0,0,1,9.0,54,1,1,1,0,1,0,1,3,0,0,0,1,Low,2.16,17.76,0.36,0.25,0.40349999999999997
33,86,0,1,1,7.0,80,1,1,0,0,2,0,1,3,0,2,0,1,High,2.3529411764705883,28.38,0.20588235294117646,0.5,0.4700000000000001
14,61,1,1,1,7.0,93,0,1,3,1,2,0,0,2,0,0,1,0,Low,6.2,8.54,0.4666666666666667,1.0,0.48450000000000004
18,63,2,2,0,8.0,82,1,1,1,2,1,1,0,1,0,0,0,0,Low,4.315789473684211,11.34,0.42105263157894735,1.75,0.5155
21,64,1,0,0,7.0,73,2,1,2,0,1,0,0,2,1,1,2,1,Low,3.3181818181818183,13.44,0.3181818181818182,0.5,0.6669999999999999
25,77,2,1,1,7.0,98,0,1,0,2,1,0,2,2,0,0,0,0,High,3.769230769230769,19.25,0.2692307692307692,1.5,0.392
17,93,1,1,0,6.0,87,1,1,1,0,2,1,0,2,0,0,1,1,Medium,4.833333333333333,15.81,0.3333333333333333,0.75,0.5355
3,96,2,2,1,10.0,62,1,1,3,0,1,1,1,4,0,0,2,0,Low,15.5,2.88,2.5,1.25,0.5105
28,70,1,1,1,6.0,69,1,1,2,0,0,0,2,4,1,0,0,0,Low,2.3793103448275863,19.6,0.20689655172413793,0.75,0.5009999999999999
25,83,0,1,1,8.0,88,0,1,1,1,2,0,1,3,1,1,0,0,Medium,3.3846153846153846,20.75,0.3076923076923077,0.75,0.3895
10,91,2,2,1,10.0,51,1,1,0,0,1,0,2,3,0,2,1,0,Medium,4.636363636363637,9.1,0.9090909090909091,1.25,0.354
16,72,1,2,0,5.0,53,1,1,1,2,2,0,2,3,0,1,0,0,Low,3.1176470588235294,11.52,0.29411764705882354,1.5,0.39949999999999997
29,76,1,2,1,8.0,93,0,0,0,1,2,0,2,4,0,1,1,0,High,3.1,22.04,0.26666666666666666,1.0,0.37200000000000005
29,81,1,1,1,7.0,52,1,0,1,2,1,0,1,4,0,1,0,1,Medium,1.7333333333333334,23.49,0.23333333333333334,1.0,0.39549999999999996
26,65,1,1,1,10.0,84,1,1,1,0,2,0,2,4,0,2,0,0,Medium,3.111111111111111,16.9,0.37037037037037035,0.75,0.5235
19,61,1,1,0,6.0,66,1,1,0,2,1,0,1,1,0,0,0,0,Low,3.3,11.59,0.3,1.25,0.41400000000000003
20,66,1,2,1,6.0,91,0,1,0,1,2,0,0,5,0,0,2,0,Low,4.333333333333333,13.2,0.2857142857142857,1.25,0.36400000000000005
19,85,2,2,0,7.0,92,1,1,3,1,1,0,1,2,0,1,0,1,High,4.6,16.15,0.35,1.5,0.6305000000000001
27,63,1,2,0,6.0,98,0,1,0,1,1,1,0,3,0,0,0,1,Low,3.5,17.01,0.21428571428571427,1.25,0.392
15,68,1,2,0,6.0,55,1,0,0,2,1,1,2,3,0,0,0,1,Low,3.4375,10.2,0.375,1.25,0.37
15,74,0,0,0,10.0,71,1,1,0,0,2,0,0,2,0,2,0,0,Low,4.4375,11.1,0.625,0.25,0.43399999999999994
26,63,2,2,1,7.0,79,1,1,1,0,2,0,0,2,0,0,0,0,Medium,2.925925925925926,16.38,0.25925925925925924,1.25,0.5035000000000001
20,68,1,2,1,6.0,96,1,1,0,0,2,0,1,3,0,0,0,1,Low,4.571428571428571,13.6,0.2857142857142857,1.0,0.534
28,96,0,2,0,6.0,63,2,0,1,2,1,0,2,2,0,0,1,1,High,2.1724137931034484,26.88,0.20689655172413793,1.0,0.5895
16,61,1,2,1,8.0,54,2,1,0,0,2,1,2,3,0,1,1,0,Low,3.176470588235294,9.76,0.47058823529411764,1.0,0.516
20,86,1,1,1,8.0,60,0,1,1,2,1,0,1,3,1,2,0,0,Medium,2.857142857142857,17.2,0.38095238095238093,1.25,0.27749999999999997
14,75,1,1,1,6.0,75,1,1,0,0,2,0,1,2,0,0,0,0,Low,5.0,10.5,0.4,0.75,0.45000000000000007
20,87,1,0,0,5.0,84,1,1,2,1,1,1,1,3,0,0,0,0,Medium,4.0,17.4,0.23809523809523808,0.75,0.5609999999999999
11,84,1,1,1,7.0,85,2,1,3,1,1,0,1,4,0,1,1,1,Medium,7.083333333333333,9.24,0.5833333333333334,1.0,0.7525
17,69,1,1,1,7.0,54,2,1,1,2,0,0,1,2,0,0,0,0,Low,3.0,11.73,0.3888888888888889,1.25,0.5535
11,94,2,2,0,6.0,88,1,1,2,1,1,0,2,4,0,0,0,0,High,7.333333333333333,10.34,0.5,1.5,0.577
24,80,0,2,1,9.0,83,1,1,1,0,0,0,0,1,0,0,0,0,Medium,3.32,19.2,0.36,0.75,0.5195
24,93,1,2,1,8.0,70,0,1,1,1,2,1,1,3,0,0,1,1,High,2.8,22.32,0.32,1.25,0.31749999999999995
10,76,1,0,1,7.0,79,0,1,3,1,1,1,1,4,0,0,2,1,Low,7.181818181818182,7.6,0.6363636363636364,0.75,0.42850000000000005
28,99,1,1,1,6.0,88,1,1,3,0,1,0,2,4,0,0,0,1,High,3.0344827586206895,27.72,0.20689655172413793,0.75,0.6145
35,91,0,1,1,10.0,63,0,1,1,1,1,0,1,5,0,0,0,0,High,1.75,31.85,0.2777777777777778,0.75,0.2895
20,99,1,0,1,5.0,97,0,1,4,2,1,0,1,3,0,1,0,1,High,4.619047619047619,19.8,0.23809523809523808,1.0,0.538
16,81,0,1,0,6.0,57,2,1,3,0,0,1,2,3,0,0,0,0,Low,3.3529411764705883,12.96,0.35294117647058826,0.5,0.6405000000000001
37,79,1,2,0,6.0,95,2,1,1,2,1,0,0,1,0,0,0,0,High,2.5,29.23,0.15789473684210525,1.5,0.7174999999999999
12,90,1,0,1,7.0,87,0,1,2,0,2,0,1,2,0,2,2,0,Low,6.6923076923076925,10.8,0.5384615384615384,0.5,0.42300000000000004
20,95,0,0,0,8.0,83,2,1,1,1,1,1,2,3,0,0,0,1,Medium,3.9523809523809526,19.0,0.38095238095238093,0.5,0.6695
21,99,1,1,1,5.0,54,2,1,1,0,1,0,1,4,0,1,1,0,High,2.4545454545454546,20.79,0.22727272727272727,0.75,0.5535
28,73,1,2,1,6.0,96,1,1,1,1,1,0,0,0,0,2,0,1,High,3.310344827586207,20.44,0.20689655172413793,1.25,0.5715
22,92,2,2,0,8.0,65,1,1,0,1,2,1,2,2,0,0,1,0,High,2.8260869565217392,20.24,0.34782608695652173,1.5,0.41000000000000003
17,68,0,2,1,6.0,87,2,1,0,0,1,1,2,4,1,1,0,0,Low,4.833333333333333,11.56,0.3333333333333333,0.75,0.648
14,82,1,2,0,6.0,94,0,1,7,1,2,1,0,4,0,2,0,0,High,6.266666666666667,11.48,0.4,1.25,0.6385000000000001
18,67,2,1,1,7.0,62,2,1,1,0,0,1,2,2,0,0,2,0,Low,3.263157894736842,12.06,0.3684210526315789,1.0,0.5855
14,74,2,2,1,6.0,96,0,1,2,0,2,0,1,4,0,1,0,0,Medium,6.4,10.36,0.4,1.25,0.459
20,97,1,1,0,7.0,81,1,1,3,1,2,0,1,3,1,1,0,0,High,3.857142857142857,19.4,0.3333333333333333,1.0,0.5865
17,66,1,1,1,8.0,83,1,1,4,1,2,1,0,5,0,0,1,0,Low,4.611111111111111,11.22,0.4444444444444444,1.0,0.632
11,85,2,1,1,7.0,96,1,0,1,0,1,0,1,3,0,0,0,0,Low,8.0,9.35,0.5833333333333334,0.75,0.5715
28,84,2,2,1,9.0,76,2,1,0,2,1,1,0,3,0,0,0,0,High,2.6206896551724137,23.52,0.3103448275862069,1.75,0.6040000000000001
17,65,1,2,1,8.0,72,0,1,1,0,1,0,2,4,0,1,1,0,Low,4.0,11.05,0.4444444444444444,1.0,0.32549999999999996
12,73,0,1,0,7.0,82,1,0,1,0,1,0,2,3,0,0,2,0,Low,6.3076923076923075,8.76,0.5384615384615384,0.25,0.5155
19,83,0,1,0,7.0,78,2,0,2,0,2,0,2,4,0,2,1,0,Medium,3.9,15.77,0.35,0.25,0.687
20,67,1,2,0,10.0,53,2,1,1,0,1,1,2,2,0,2,0,0,Low,2.5238095238095237,13.4,0.47619047619047616,1.0,0.5495
10,92,2,0,1,6.0,59,2,1,0,0,1,0,0,2,0,0,1,1,Low,5.363636363636363,9.2,0.5454545454545454,0.75,0.536
22,99,2,2,1,7.0,51,1,1,2,2,2,0,0,4,1,0,1,0,High,2.217391304347826,21.78,0.30434782608695654,1.75,0.429
14,69,2,1,0,6.0,55,1,1,3,0,0,1,2,2,0,0,1,0,Low,3.6666666666666665,9.66,0.4,1.0,0.4825
30,67,1,1,1,8.0,86,1,1,0,0,1,0,1,4,0,0,1,1,Medium,2.774193548387097,20.1,0.25806451612903225,0.75,0.494
23,78,1,1,1,10.0,50,1,1,1,1,1,1,2,3,1,2,0,1,Medium,2.0833333333333335,17.94,0.4166666666666667,1.0,0.38749999999999996
18,90,1,1,0,7.0,65,0,1,4,1,1,0,2,3,0,1,0,1,Medium,3.4210526315789473,16.2,0.3684210526315789,1.0,0.41000000000000003
16,71,2,2,1,7.0,72,0,1,1,1,0,1,1,4,0,1,1,1,Low,4.235294117647059,11.36,0.4117647058823529,1.5,0.32549999999999996
19,61,1,2,0,7.0,97,0,1,0,1,2,0,0,3,1,1,2,0,Low,4.85,11.59,0.35,1.25,0.388
24,82,2,1,1,5.0,66,1,1,0,1,1,1,1,3,0,2,0,0,Medium,2.64,19.68,0.2,1.25,0.41400000000000003
20,98,1,2,0,7.0,89,1,1,1,2,1,0,2,3,0,1,2,1,High,4.238095238095238,19.6,0.3333333333333333,1.5,0.5435
19,76,0,2,1,10.0,70,0,1,1,0,1,0,0,3,0,1,2,1,Low,3.5,14.44,0.5,0.75,0.31749999999999995
20,77,2,1,0,8.0,55,0,1,1,1,1,0,0,3,0,1,2,1,Low,2.619047619047619,15.4,0.38095238095238093,1.25,0.2575
16,99,0,1,1,9.0,55,1,1,1,2,1,0,1,3,1,1,2,1,Medium,3.235294117647059,15.84,0.5294117647058824,1.0,0.4075
18,88,1,1,0,9.0,72,2,1,2,2,2,0,1,4,0,2,1,0,High,3.789473684210526,15.84,0.47368421052631576,1.25,0.6629999999999999
7,89,2,0,1,6.0,53,1,1,3,0,2,1,1,2,0,0,1,0,Low,6.625,6.23,0.75,0.75,0.4745
26,83,1,1,0,10.0,79,1,1,1,2,1,0,1,2,0,0,1,1,Medium,2.925925925925926,21.58,0.37037037037037035,1.25,0.5035000000000001
22,99,2,2,0,4.0,75,0,1,2,1,1,1,0,4,0,0,0,1,High,3.260869565217391,21.78,0.17391304347826086,1.5,0.37500000000000006
15,88,1,1,1,7.0,85,1,1,4,1,1,1,0,2,0,2,0,1,Medium,5.3125,13.2,0.4375,1.0,0.64
31,96,2,1,1,4.0,59,1,1,3,0,1,1,1,5,0,0,0,1,High,1.84375,29.76,0.125,1.0,0.4985
21,88,0,1,0,4.0,80,0,1,1,1,1,0,2,2,1,2,0,0,Medium,3.6363636363636362,18.48,0.18181818181818182,0.75,0.35750000000000004
14,89,1,1,1,8.0,59,2,1,1,0,1,1,1,3,0,1,0,0,Medium,3.933333333333333,12.46,0.5333333333333333,0.75,0.5735
25,72,1,1,0,6.0,86,2,1,0,1,1,0,1,2,0,0,2,1,Low,3.3076923076923075,18.0,0.23076923076923078,1.0,0.644
22,72,1,0,1,9.0,65,2,1,0,1,1,0,1,3,0,0,1,0,Low,2.8260869565217392,15.84,0.391304347826087,0.75,0.56
22,91,1,0,0,4.0,81,1,1,2,0,2,1,0,3,0,0,0,0,Medium,3.5217391304347827,20.02,0.17391304347826086,0.5,0.549
17,72,2,1,1,7.0,94,2,1,1,0,1,0,1,5,0,0,1,0,Low,5.222222222222222,12.24,0.3888888888888889,1.0,0.7134999999999999
23,83,2,1,0,5.0,74,1,1,3,0,1,0,0,2,0,2,0,0,Medium,3.0833333333333335,19.09,0.20833333333333334,1.0,0.5585
18,70,2,0,1,7.0,60,1,1,1,1,2,0,2,3,0,1,0,0,Low,3.1578947368421053,12.6,0.3684210526315789,1.0,0.4275
23,93,1,0,1,9.0,94,2,1,2,1,0,1,0,3,0,0,1,1,High,3.9166666666666665,21.39,0.375,0.75,0.7509999999999999
9,64,1,0,1,10.0,68,0,1,0,1,1,1,0,3,0,0,0,0,Low,6.8,5.76,1.0,0.75,0.272
17,93,1,1,0,8.0,87,0,1,2,2,2,1,0,3,0,1,1,0,Medium,4.833333333333333,15.81,0.4444444444444444,1.25,0.42300000000000004
30,84,2,0,1,5.0,66,0,1,0,1,0,0,2,2,0,2,0,1,High,2.129032258064516,25.2,0.16129032258064516,1.0,0.264
15,67,0,1,1,5.0,65,1,1,4,1,1,1,0,2,0,1,0,0,Low,4.0625,10.05,0.3125,0.75,0.56
16,82,1,1,0,7.0,82,1,1,1,1,0,0,1,3,0,2,1,1,Low,4.823529411764706,13.12,0.4117647058823529,1.0,0.5155
17,71,1,1,1,6.0,58,1,1,3,1,1,1,2,3,1,0,0,0,Low,3.2222222222222223,12.07,0.3333333333333333,1.0,0.4945
13,73,1,2,0,8.0,93,1,1,0,2,2,0,1,3,0,2,0,1,Low,6.642857142857143,9.49,0.5714285714285714,1.5,0.522
7,74,2,1,0,10.0,69,2,1,1,2,1,0,2,4,0,0,0,0,Low,8.625,5.18,1.25,1.5,0.6134999999999999
19,63,1,0,1,6.0,51,2,1,2,1,1,0,1,4,0,0,0,0,Low,2.55,11.97,0.3,0.75,0.579
21,99,2,1,1,6.0,65,0,1,1,1,1,1,2,2,0,1,2,1,High,2.9545454545454546,20.79,0.2727272727272727,1.25,0.2975
20,61,1,2,0,5.0,89,1,1,1,1,1,0,1,2,0,2,2,1,Low,4.238095238095238,12.2,0.23809523809523808,1.25,0.5435
19,86,2,2,1,7.0,93,2,1,1,1,2,0,1,2,0,0,0,0,High,4.65,16.34,0.35,1.5,0.7095
20,75,1,1,0,7.0,78,1,1,0,0,1,0,0,2,0,1,0,1,Low,3.7142857142857144,15.0,0.3333333333333333,0.75,0.4620000000000001
26,86,1,0,1,7.0,65,1,1,2,2,2,1,1,4,0,2,1,0,High,2.4074074074074074,22.36,0.25925925925925924,1.0,0.48500000000000004
19,74,1,1,1,8.0,76,2,1,5,1,2,0,1,4,1,1,0,1,Medium,3.8,14.06,0.4,1.0,0.7915000000000001
17,87,1,1,1,8.0,92,1,0,3,2,0,0,0,2,0,1,0,0,Medium,5.111111111111111,14.79,0.4444444444444444,1.0,0.6305000000000001
18,89,1,1,0,7.0,66,1,1,2,1,1,0,2,3,0,1,1,0,Medium,3.473684210526316,16.02,0.3684210526315789,1.0,0.48900000000000005
23,88,1,1,0,7.0,69,1,1,3,0,2,0,0,3,0,0,0,0,Medium,2.875,20.24,0.2916666666666667,0.75,0.5385
28,65,0,1,1,7.0,77,2,1,1,0,2,0,2,3,0,1,0,0,Medium,2.6551724137931036,18.2,0.2413793103448276,0.5,0.6455000000000001
16,86,1,0,0,7.0,94,0,1,0,0,1,1,2,4,0,0,0,0,Low,5.529411764705882,13.76,0.4117647058823529,0.5,0.376
21,71,1,1,1,6.0,79,1,1,1,0,1,1,1,4,0,2,2,0,Low,3.590909090909091,14.91,0.2727272727272727,0.75,0.5035000000000001
22,61,1,2,0,5.0,60,2,1,0,2,0,1,1,2,0,0,1,0,Low,2.608695652173913,13.42,0.21739130434782608,1.5,0.54
14,77,2,0,0,7.0,54,1,1,1,1,2,0,0,2,0,0,1,0,Low,3.6,10.78,0.4666666666666667,1.0,0.40349999999999997
20,77,2,2,0,6.0,55,1,1,1,2,0,1,1,1,0,1,0,0,Medium,2.619047619047619,15.4,0.2857142857142857,1.75,0.4075
11,79,1,1,1,8.0,98,1,1,2,0,1,0,1,4,0,0,0,1,Low,8.166666666666666,8.69,0.6666666666666666,0.75,0.617
9,88,1,1,1,7.0,91,1,1,1,0,1,0,0,3,0,1,0,1,Low,9.1,7.92,0.7,0.75,0.5515
22,72,0,2,0,7.0,88,1,0,2,1,1,0,2,4,0,0,0,1,Low,3.8260869565217392,15.84,0.30434782608695654,0.75,0.577
18,73,1,1,1,8.0,75,1,1,0,2,1,0,1,1,1,1,0,1,Low,3.9473684210526314,13.14,0.42105263157894735,1.25,0.45000000000000007
21,62,2,1,1,5.0,84,1,1,5,0,1,0,2,4,0,0,0,1,Medium,3.8181818181818183,13.02,0.22727272727272727,1.0,0.6735
20,87,1,1,0,10.0,56,1,1,2,1,1,0,1,2,0,1,1,1,Medium,2.6666666666666665,17.4,0.47619047619047616,1.0,0.449
14,83,0,1,0,4.0,81,0,1,1,0,1,0,0,4,1,0,1,0,Low,5.4,11.62,0.26666666666666666,0.5,0.36150000000000004
20,74,1,1,1,9.0,91,1,1,1,0,1,0,1,5,0,0,0,0,Low,4.333333333333333,14.8,0.42857142857142855,0.75,0.5515
13,88,2,1,1,7.0,53,1,1,2,1,1,1,0,4,0,1,1,0,Low,3.7857142857142856,11.44,0.5,1.25,0.437
28,81,1,0,1,6.0,65,1,1,1,0,1,0,2,2,0,0,1,0,Medium,2.2413793103448274,22.68,0.20689655172413793,0.5,0.4475
12,79,2,1,0,5.0,56,2,1,1,0,0,0,2,5,0,0,0,1,Low,4.3076923076923075,9.48,0.38461538461538464,1.0,0.5615
19,80,2,0,0,6.0,63,0,1,1,0,1,0,1,3,0,0,0,0,Low,3.15,15.2,0.3,0.75,0.2895
14,85,0,1,0,7.0,89,1,1,2,1,2,0,2,2,0,1,1,0,Medium,5.933333333333334,11.9,0.4666666666666667,0.75,0.581
23,86,0,2,0,7.0,67,0,1,2,1,2,1,1,3,1,1,0,1,Medium,2.7916666666666665,19.78,0.2916666666666667,1.0,0.343
18,72,1,0,0,9.0,84,1,1,2,1,1,0,1,4,0,0,0,0,Low,4.421052631578948,12.96,0.47368421052631576,0.75,0.5609999999999999
17,66,1,1,1,7.0,89,1,1,0,1,1,1,0,3,0,1,0,0,Low,4.944444444444445,11.22,0.3888888888888889,1.0,0.506
25,66,1,2,1,7.0,91,1,1,2,0,2,0,1,3,0,1,0,0,Medium,3.5,16.5,0.2692307692307692,1.0,0.589
20,86,0,0,0,8.0,94,0,1,2,0,1,1,0,2,0,0,2,1,Low,4.476190476190476,17.2,0.38095238095238093,0.25,0.451
23,95,0,1,1,7.0,80,2,1,2,0,1,0,1,4,0,0,1,1,High,3.3333333333333335,21.85,0.2916666666666667,0.5,0.6950000000000001
14,76,0,1,0,7.0,64,1,1,3,1,1,1,2,3,0,1,0,0,Low,4.266666666666667,10.64,0.4666666666666667,0.75,0.5185
12,67,2,1,0,7.0,58,1,1,0,2,1,0,1,2,1,0,2,0,Low,4.461538461538462,8.04,0.5384615384615384,1.5,0.382
21,90,2,1,1,8.0,75,1,1,4,0,2,0,1,2,0,0,1,0,High,3.409090909090909,18.9,0.36363636363636365,1.0,0.6000000000000001
18,93,0,1,1,6.0,55,1,1,3,0,1,0,0,5,0,0,1,0,Medium,2.8947368421052633,16.74,0.3157894736842105,0.5,0.4825
24,95,1,0,1,6.0,96,2,1,3,0,1,1,1,3,0,2,0,1,High,3.84,22.8,0.24,0.5,0.7965
20,84,0,0,0,8.0,72,1,1,3,2,1,0,1,3,0,0,0,0,Low,3.4285714285714284,16.8,0.38095238095238093,0.75,0.5505
21,94,2,2,0,5.0,94,1,1,2,0,2,1,1,2,0,1,0,0,High,4.2727272727272725,19.74,0.22727272727272727,1.25,0.601
10,61,2,1,1,7.0,85,2,1,1,1,1,0,1,4,0,0,0,1,Low,7.7272727272727275,6.1,0.6363636363636364,1.25,0.6775
31,64,1,2,0,6.0,93,1,1,1,0,2,0,1,3,0,0,0,1,Medium,2.90625,19.84,0.1875,1.0,0.5595
19,64,1,2,0,8.0,94,1,1,3,1,2,1,1,3,1,2,0,1,Low,4.7,12.16,0.4,1.25,0.6385000000000001
24,89,1,0,1,9.0,53,1,1,1,0,2,1,1,3,0,0,0,0,Medium,2.12,21.36,0.36,0.5,0.39949999999999997
15,63,1,1,1,6.0,86,0,1,4,2,1,0,2,5,0,0,0,0,Low,5.375,9.45,0.375,1.25,0.494
22,80,1,1,1,8.0,61,2,1,1,0,1,0,2,2,0,1,1,0,Medium,2.652173913043478,17.6,0.34782608695652173,0.75,0.5815
12,79,1,1,1,7.0,99,0,1,2,1,1,0,0,2,1,0,0,1,Low,7.615384615384615,9.48,0.5384615384615384,1.0,0.47100000000000003
23,72,2,2,1,6.0,89,1,0,0,1,2,1,0,3,0,0,1,0,Medium,3.7083333333333335,16.56,0.25,1.25,0.506
18,95,0,0,1,7.0,50,0,1,3,1,1,1,1,3,0,0,1,1,Low,2.6315789473684212,17.1,0.3684210526315789,0.5,0.3125
20,67,2,1,0,9.0,96,2,1,1,2,2,0,2,3,0,0,0,1,Medium,4.571428571428571,13.4,0.42857142857142855,1.5,0.7214999999999999
24,74,1,1,1,7.0,65,0,1,3,1,2,0,1,2,0,1,0,0,Medium,2.6,17.76,0.28,1.0,0.3725
13,91,1,0,1,9.0,71,0,1,1,0,1,0,2,2,0,1,2,0,Low,5.071428571428571,11.83,0.6428571428571429,0.5,0.32149999999999995
16,61,2,1,1,7.0,81,0,1,2,1,1,0,1,1,0,0,0,1,Low,4.764705882352941,9.76,0.4117647058823529,1.25,0.3990000000000001
23,87,2,1,0,5.0,96,1,1,2,1,1,0,2,3,0,1,1,1,High,4.0,20.01,0.20833333333333334,1.25,0.609
33,93,2,1,0,7.0,96,1,1,1,0,2,0,2,1,0,2,1,1,High,2.823529411764706,30.69,0.20588235294117646,1.0,0.5715
19,97,2,1,0,5.0,78,0,1,2,0,1,0,2,3,0,0,0,0,High,3.9,18.43,0.25,1.0,0.38700000000000007
24,95,2,1,0,7.0,66,0,1,2,2,2,0,0,3,0,0,0,0,High,2.64,22.8,0.28,1.5,0.339
19,73,1,1,1,6.0,64,0,1,4,1,1,0,2,5,1,1,0,1,Low,3.2,13.87,0.3,1.0,0.406
32,83,2,1,1,10.0,68,1,0,3,0,1,1,2,4,0,0,1,1,High,2.0606060606060606,26.56,0.30303030303030304,0.75,0.5345
10,63,2,1,0,9.0,59,0,1,0,1,2,0,2,5,0,2,1,0,Low,5.363636363636363,6.3,0.8181818181818182,1.25,0.236
21,70,1,1,1,7.0,83,1,1,1,1,1,0,1,3,0,0,2,0,Low,3.772727272727273,14.7,0.3181818181818182,1.0,0.5195
297,64,1,0,0,9.0,76,0,1,1,0,1,1,2,1,0,0,0,1,Low,0.2550335570469799,190.08,0.030201342281879196,0.5,0.3415
5,73,2,0,1,6.0,89,2,1,1,1,1,0,1,2,0,0,0,0,Low,14.833333333333334,3.65,1.0,1.0,0.6935
22,95,2,0,0,5.0,55,1,1,2,2,2,0,1,0,1,1,0,1,Medium,2.391304347826087,20.9,0.21739130434782608,1.25,0.445
21,74,1,0,1,8.0,70,1,1,1,1,1,0,1,3,0,2,2,0,Low,3.1818181818181817,15.54,0.36363636363636365,0.75,0.4674999999999999
18,82,2,1,1,8.0,62,2,1,3,0,1,1,1,4,0,0,0,1,Medium,3.263157894736842,14.76,0.42105263157894735,1.0,0.6605000000000001
19,77,2,1,1,6.0,77,2,1,1,0,2,1,1,3,0,1,0,1,Medium,3.85,14.63,0.3,1.0,0.6455000000000001
39,78,1,1,0,6.0,73,1,1,0,0,1,0,2,2,0,1,2,0,High,1.825,30.42,0.15,0.75,0.44199999999999995
18,99,1,1,1,8.0,72,1,1,4,0,1,0,1,4,0,0,0,1,High,3.789473684210526,17.82,0.42105263157894735,0.75,0.588
23,72,0,1,1,4.0,66,0,0,3,0,1,1,2,4,0,2,0,1,Low,2.75,16.56,0.16666666666666666,0.25,0.3765
16,85,0,2,1,8.0,86,0,1,2,2,1,1,1,4,0,0,0,1,Medium,5.0588235294117645,13.6,0.47058823529411764,1.25,0.41900000000000004
22,77,1,1,1,7.0,74,2,1,2,0,0,1,0,4,0,1,0,0,Medium,3.217391304347826,16.94,0.30434782608695654,0.75,0.6709999999999999
19,62,2,0,1,8.0,60,1,1,1,0,1,0,2,2,0,1,2,1,Low,3.0,11.78,0.4,0.75,0.4275
18,80,0,0,1,8.0,77,1,1,1,0,2,0,0,2,0,1,0,1,Low,4.052631578947368,14.4,0.42105263157894735,0.25,0.49550000000000005
31,93,2,1,0,6.0,80,1,1,3,1,1,0,1,2,0,0,0,0,High,2.5,28.83,0.1875,1.25,0.5825
27,64,1,1,0,5.0,51,2,1,1,0,2,0,0,3,0,0,0,1,Low,1.8214285714285714,17.28,0.17857142857142858,0.75,0.5415
21,63,2,0,1,9.0,60,1,1,2,1,1,0,0,2,0,2,0,0,Low,2.727272727272727,13.23,0.4090909090909091,1.0,0.465
6,66,2,1,1,7.0,62,0,1,2,0,1,0,1,4,0,2,0,0,Low,8.857142857142858,3.96,1.0,1.0,0.323
18,91,2,2,1,7.0,62,1,1,3,0,1,1,2,3,0,0,0,0,High,3.263157894736842,16.38,0.3684210526315789,1.25,0.5105
36,89,2,0,1,8.0,62,0,1,2,0,2,1,0,3,0,1,1,0,High,1.6756756756756757,32.04,0.21621621621621623,0.75,0.323
19,83,2,2,0,6.0,64,1,1,0,1,1,1,0,5,0,2,0,1,Medium,3.2,15.77,0.3,1.5,0.406
27,79,0,2,1,8.0,63,2,1,2,0,1,0,0,5,0,1,1,1,Medium,2.25,21.33,0.2857142857142857,0.75,0.627
29,96,1,2,0,8.0,94,2,0,2,0,2,0,0,4,0,0,0,0,High,3.1333333333333333,27.84,0.26666666666666666,0.75,0.7509999999999999
21,91,1,2,1,9.0,66,0,1,3,0,1,0,1,4,0,1,1,1,High,3.0,19.11,0.4090909090909091,1.0,0.3765
15,92,2,0,1,9.0,67,0,1,1,2,2,0,2,2,0,2,0,0,Medium,4.1875,13.8,0.5625,1.25,0.3055
5,93,0,0,0,7.0,63,1,1,2,1,2,0,1,3,0,2,0,0,Low,10.5,4.65,1.1666666666666667,0.5,0.47700000000000004
24,86,0,0,1,8.0,98,1,1,2,2,1,0,2,5,0,2,2,0,High,3.92,20.64,0.32,0.75,0.617
15,78,2,0,1,7.0,77,0,1,0,2,1,0,1,3,0,1,0,0,Low,4.8125,11.7,0.4375,1.25,0.30800000000000005
21,95,2,1,1,7.0,81,1,1,0,1,1,0,1,3,0,0,0,0,High,3.6818181818181817,19.95,0.3181818181818182,1.25,0.4740000000000001
13,97,2,2,1,5.0,87,0,1,1,1,2,0,1,2,0,2,0,1,High,6.214285714285714,12.61,0.35714285714285715,1.5,0.3855
18,61,0,1,1,7.0,67,1,1,5,2,2,0,2,2,0,2,0,0,Low,3.526315789473684,10.98,0.3684210526315789,1.0,0.6055
20,62,1,1,0,4.0,98,2,1,1,2,0,0,0,4,0,0,0,0,Low,4.666666666666667,12.4,0.19047619047619047,1.25,0.7294999999999999
22,98,1,1,0,7.0,58,1,1,0,1,1,1,1,3,0,0,0,0,High,2.5217391304347827,21.56,0.30434782608695654,1.0,0.382
13,71,0,0,0,9.0,73,0,1,1,2,2,1,1,3,0,0,1,0,Low,5.214285714285714,9.23,0.6428571428571429,0.75,0.32949999999999996
27,95,1,1,1,8.0,57,2,1,1,1,0,1,2,3,0,0,1,1,High,2.0357142857142856,25.65,0.2857142857142857,1.0,0.5655
16,76,1,1,0,7.0,90,1,1,0,0,1,0,1,3,0,2,1,0,Low,5.294117647058823,12.16,0.4117647058823529,0.75,0.51
10,65,0,2,0,7.0,55,1,1,0,0,2,0,1,3,0,0,0,1,Low,5.0,6.5,0.6363636363636364,0.75,0.37
19,63,1,1,1,6.0,78,0,1,3,1,1,0,1,2,1,1,0,0,Low,3.9,11.97,0.3,1.0,0.42450000000000004
20,66,1,1,1,6.0,55,0,1,1,2,2,0,0,3,0,2,1,1,Low,2.619047619047619,13.2,0.2857142857142857,1.25,0.2575
21,70,0,0,0,8.0,73,0,1,0,2,1,0,1,4,0,1,0,0,Low,3.3181818181818183,14.7,0.36363636363636365,0.75,0.292
28,80,2,2,0,5.0,64,1,1,1,0,1,1,1,2,0,2,1,1,High,2.206896551724138,22.4,0.1724137931034483,1.25,0.4435
19,88,2,1,1,5.0,95,1,1,1,1,2,0,1,3,0,0,0,0,High,4.75,16.72,0.25,1.25,0.5675
19,99,2,2,1,8.0,53,1,1,1,1,1,1,1,4,0,1,0,0,High,2.65,18.81,0.4,1.5,0.39949999999999997
13,78,1,2,0,7.0,82,2,1,0,0,2,0,1,2,0,1,1,1,Low,5.857142857142857,10.14,0.5,1.0,0.628
25,81,2,1,1,7.0,85,2,1,3,1,1,0,0,1,0,2,1,1,High,3.269230769230769,20.25,0.2692307692307692,1.25,0.7525
21,81,2,1,1,7.0,94,1,1,3,1,1,0,1,1,0,2,1,0,High,4.2727272727272725,17.01,0.3181818181818182,1.25,0.6385000000000001
17,82,1,0,0,10.0,94,1,1,1,2,2,1,1,3,0,0,1,1,Low,5.222222222222222,13.94,0.5555555555555556,1.0,0.5635
9,81,1,1,1,7.0,99,1,1,2,0,1,0,1,3,0,0,1,1,Low,9.9,7.29,0.7,0.75,0.621
29,60,0,2,0,7.0,63,1,1,0,0,1,0,0,4,0,2,0,0,Low,2.1,17.4,0.23333333333333334,0.75,0.402
13,60,2,0,0,10.0,64,0,1,1,1,1,0,1,4,0,1,2,0,Low,4.571428571428571,7.8,0.7142857142857143,1.0,0.2935
16,64,1,2,1,7.0,70,1,1,5,0,0,0,2,4,0,0,1,0,Low,4.117647058823529,10.24,0.4117647058823529,1.0,0.6174999999999999
22,64,2,1,1,10.0,77,1,1,1,0,2,0,2,3,0,0,1,0,Low,3.347826086956522,14.08,0.43478260869565216,1.0,0.49550000000000005
13,88,1,1,1,4.0,68,2,1,1,2,1,0,2,2,0,0,0,1,Medium,4.857142857142857,11.44,0.2857142857142857,1.25,0.6095
11,68,2,1,1,5.0,87,1,1,1,0,1,0,2,4,1,0,2,0,Low,7.25,7.48,0.4166666666666667,1.0,0.5355
7,96,2,0,0,6.0,50,1,1,1,2,1,1,0,3,0,1,0,0,Low,6.25,6.72,0.75,1.25,0.38749999999999996
24,97,2,1,1,8.0,51,1,1,3,0,1,0,1,2,0,2,0,1,High,2.04,23.28,0.32,1.0,0.46649999999999997
17,99,1,1,0,10.0,86,0,1,1,1,1,1,2,2,0,1,0,0,High,4.777777777777778,16.83,0.5555555555555556,1.0,0.3815
38,98,0,1,0,6.0,94,1,1,2,0,0,0,0,4,0,2,0,1,High,2.41025641025641,37.24,0.15384615384615385,0.5,0.601
14,71,2,1,1,8.0,89,1,1,0,1,1,0,1,3,0,2,0,1,Low,5.933333333333334,9.94,0.5333333333333333,1.25,0.506
14,80,2,1,0,10.0,56,0,1,1,0,1,0,2,3,0,2,1,1,Low,3.7333333333333334,11.2,0.6666666666666666,1.0,0.2615
17,67,1,1,0,9.0,97,1,1,1,1,0,0,1,3,0,2,1,1,Low,5.388888888888889,11.39,0.5,1.0,0.5755
21,92,2,0,0,6.0,76,0,1,2,0,1,0,2,5,0,1,0,0,High,3.4545454545454546,19.32,0.2727272727272727,0.75,0.37900000000000006
17,96,1,2,1,8.0,87,1,1,0,1,1,1,2,5,0,0,1,0,High,4.833333333333333,16.32,0.4444444444444444,1.25,0.498
24,94,0,1,0,8.0,60,0,1,0,1,1,0,1,3,0,0,0,0,Medium,2.4,22.56,0.32,0.75,0.24
14,77,1,1,1,6.0,77,0,1,1,0,2,1,1,2,0,1,0,0,Low,5.133333333333334,10.78,0.4,0.75,0.34550000000000003
12,90,1,2,0,8.0,67,0,1,2,0,0,0,1,3,0,0,0,1,Medium,5.153846153846154,10.8,0.6153846153846154,1.0,0.343
9,64,1,2,1,6.0,99,1,1,6,0,2,0,2,6,1,0,1,0,Low,9.9,5.76,0.6,1.0,0.771
7,62,2,1,1,7.0,74,1,1,3,1,1,0,1,3,0,2,0,1,Low,9.25,4.34,0.875,1.25,0.5585
17,90,0,2,1,5.0,88,0,1,1,1,1,0,0,1,0,1,0,1,Medium,4.888888888888889,15.3,0.2777777777777778,1.0,0.3895
18,77,2,1,1,4.0,80,1,1,1,1,0,1,0,2,0,1,0,0,Low,4.2105263157894735,13.86,0.21052631578947367,1.25,0.5075000000000001
16,100,2,2,1,7.0,55,2,1,1,0,1,0,0,2,1,1,1,0,Medium,3.235294117647059,16.0,0.4117647058823529,1.25,0.5575
27,64,1,1,1,7.0,77,2,1,3,2,1,0,1,4,0,0,1,0,Medium,2.75,17.28,0.25,1.25,0.7205000000000001
27,94,1,0,0,5.0,77,1,1,0,1,2,0,2,2,0,1,0,1,High,2.75,25.38,0.17857142857142858,0.75,0.4580000000000001
18,79,1,2,1,8.0,86,1,1,3,0,0,0,1,4,0,1,0,1,Medium,4.526315789473684,14.22,0.42105263157894735,1.0,0.6065
9,93,2,0,1,7.0,66,1,1,0,0,0,1,1,2,0,1,1,0,Low,6.6,8.37,0.7,0.75,0.41400000000000003
17,93,0,1,0,8.0,93,0,1,0,0,1,0,0,3,0,1,1,0,Low,5.166666666666667,15.81,0.4444444444444444,0.5,0.37200000000000005
16,97,1,0,1,8.0,81,2,1,0,2,2,1,2,2,0,0,0,0,High,4.764705882352941,15.52,0.47058823529411764,1.0,0.6240000000000001
16,72,0,1,0,9.0,52,1,1,1,1,2,0,0,1,1,1,1,1,Low,3.0588235294117645,11.52,0.5294117647058824,0.75,0.39549999999999996
16,98,1,1,1,8.0,85,0,1,0,0,2,0,2,2,0,1,2,0,Medium,5.0,15.68,0.47058823529411764,0.75,0.34
16,66,1,1,1,7.0,95,0,1,1,1,1,0,2,4,0,1,0,0,Low,5.588235294117647,10.56,0.4117647058823529,1.0,0.4175
18,63,2,2,1,7.0,84,1,1,1,1,2,0,1,2,0,0,0,1,Low,4.421052631578948,11.34,0.3684210526315789,1.5,0.5235
16,77,1,0,0,10.0,69,1,1,1,1,1,1,1,3,0,0,0,1,Low,4.0588235294117645,12.32,0.5882352941176471,0.75,0.4634999999999999
21,93,1,2,0,8.0,80,1,1,0,2,2,0,2,1,0,1,1,1,High,3.6363636363636362,19.53,0.36363636363636365,1.5,0.4700000000000001
22,79,2,0,0,7.0,59,1,1,0,1,1,0,2,3,0,1,0,0,Low,2.5652173913043477,17.38,0.30434782608695654,1.0,0.386
15,93,1,0,1,7.0,80,0,1,0,0,1,0,2,3,0,0,0,1,Low,5.0,13.95,0.4375,0.5,0.32000000000000006
28,89,1,1,0,6.0,75,1,1,1,0,0,1,0,3,0,0,1,0,Medium,2.586206896551724,24.92,0.20689655172413793,0.75,0.48750000000000004
14,68,2,2,0,5.0,51,2,1,1,2,1,0,1,5,1,0,1,0,Low,3.4,9.52,0.3333333333333333,1.75,0.5415
10,98,1,0,1,10.0,66,0,1,1,0,2,0,0,2,0,1,0,1,Low,6.0,9.8,0.9090909090909091,0.5,0.3015
22,62,0,1,0,8.0,60,0,0,0,1,2,0,2,2,0,1,0,0,Low,2.608695652173913,13.64,0.34782608695652173,0.5,0.24
15,96,1,0,0,5.0,70,2,1,4,0,2,1,2,3,0,1,0,0,High,4.375,14.4,0.3125,0.5,0.73
22,72,1,2,1,7.0,62,0,1,5,2,1,1,1,2,0,1,1,1,Medium,2.6956521739130435,15.84,0.30434782608695654,1.5,0.4355
6,80,1,1,1,9.0,92,0,1,5,0,1,0,1,2,0,2,1,0,Low,13.142857142857142,4.8,1.2857142857142858,0.75,0.5555000000000001
28,77,2,1,0,6.0,85,2,1,0,0,1,0,0,1,0,2,0,1,Medium,2.9310344827586206,21.56,0.20689655172413793,1.0,0.64
24,67,1,2,1,6.0,87,0,1,0,1,1,0,2,4,0,1,0,0,Medium,3.48,16.08,0.24,1.25,0.34800000000000003
11,74,2,1,0,8.0,68,0,1,0,1,1,0,2,3,0,0,1,0,Low,5.666666666666667,8.14,0.6666666666666666,1.25,0.272
11,68,0,2,1,8.0,50,0,1,2,0,2,1,2,4,0,0,0,1,Low,4.166666666666667,7.48,0.6666666666666666,0.75,0.275
30,68,2,2,1,6.0,61,2,1,1,1,1,0,2,3,0,2,0,1,High,1.967741935483871,20.4,0.1935483870967742,1.5,0.5815
16,67,2,1,1,6.0,88,1,1,0,2,0,0,1,3,0,1,0,0,Low,5.176470588235294,10.72,0.35294117647058826,1.5,0.502
15,80,2,1,0,8.0,80,1,1,1,0,1,0,1,4,0,0,1,1,Low,5.0,12.0,0.5,1.0,0.5075000000000001
6,92,1,1,1,5.0,77,1,1,1,0,2,0,2,4,0,0,0,0,Low,11.0,5.52,0.7142857142857143,0.75,0.49550000000000005
18,83,1,2,1,6.0,64,0,0,1,1,2,1,0,3,0,0,0,1,Low,3.3684210526315788,14.94,0.3157894736842105,1.0,0.2935
19,96,1,1,1,7.0,54,2,1,1,0,1,0,1,3,0,1,0,0,Medium,2.7,18.24,0.35,0.75,0.5535
24,85,2,2,0,8.0,89,1,1,1,0,1,0,1,3,0,0,1,1,High,3.56,20.4,0.32,1.25,0.5435
12,88,2,1,0,6.0,52,0,0,1,1,2,0,0,1,0,0,0,0,Low,4.0,10.56,0.46153846153846156,1.0,0.24550000000000002
11,87,0,1,0,8.0,53,2,1,1,1,1,0,2,3,0,0,0,1,Low,4.416666666666667,9.57,0.6666666666666666,0.75,0.5495
23,78,2,0,0,9.0,65,2,1,1,0,2,0,1,2,1,1,2,1,Low,2.7083333333333335,17.94,0.375,0.75,0.5975
26,88,2,1,1,6.0,79,1,1,1,0,2,0,1,4,0,0,2,0,High,2.925925925925926,22.88,0.2222222222222222,1.0,0.5035000000000001
11,63,1,1,1,10.0,100,2,1,0,1,1,0,1,3,0,0,2,1,Low,8.333333333333334,6.93,0.8333333333333334,1.0,0.7
26,94,0,0,1,9.0,55,0,1,2,2,1,0,1,3,0,0,0,0,Medium,2.037037037037037,24.44,0.3333333333333333,0.75,0.29500000000000004
20,91,2,1,0,7.0,74,1,1,1,1,1,0,1,4,0,0,1,0,Medium,3.5238095238095237,18.2,0.3333333333333333,1.25,0.48349999999999993
27,70,1,1,0,7.0,80,0,1,1,0,1,0,1,3,0,0,0,1,Low,2.857142857142857,18.9,0.25,0.75,0.35750000000000004
20,91,2,1,0,6.0,91,1,1,3,2,2,0,1,2,0,0,0,0,High,4.333333333333333,18.2,0.2857142857142857,1.5,0.6265000000000001
5,61,1,1,0,9.0,84,2,1,1,1,1,0,1,3,0,1,0,0,Low,14.0,3.05,1.5,1.0,0.6735
19,69,0,0,0,7.0,90,1,1,0,0,1,0,1,1,0,1,0,0,Low,4.5,13.11,0.35,0.25,0.51
26,63,1,1,1,5.0,76,1,1,3,1,2,0,1,5,1,0,0,1,Low,2.814814814814815,16.38,0.18518518518518517,1.0,0.5665
15,91,1,2,1,4.0,72,0,1,1,2,2,1,1,2,0,0,0,0,Medium,4.5,13.65,0.25,1.5,0.32549999999999996
18,90,2,1,0,7.0,81,1,1,2,1,0,0,0,3,0,2,1,0,Medium,4.2631578947368425,16.2,0.3684210526315789,1.25,0.549
19,93,1,2,0,7.0,95,0,1,3,1,1,1,0,3,0,0,0,1,High,4.75,17.67,0.35,1.25,0.4925
3,60,1,0,1,6.0,78,0,1,1,0,1,0,2,1,0,2,0,1,Low,19.5,1.8,1.5,0.5,0.34950000000000003
30,80,2,2,0,5.0,80,1,1,0,0,1,1,2,4,0,2,0,1,High,2.5806451612903225,24.0,0.16129032258064516,1.25,0.4700000000000001
15,88,0,1,1,4.0,67,1,1,1,1,2,1,2,4,0,0,2,1,Low,4.1875,13.2,0.25,0.75,0.4555
23,66,1,1,1,6.0,80,1,1,1,1,1,0,2,3,0,1,0,1,Low,3.3333333333333335,15.18,0.25,1.0,0.5075000000000001
19,86,1,1,0,6.0,81,1,1,3,1,2,0,1,3,0,1,0,0,High,4.05,16.34,0.3,1.0,0.5865
28,63,1,1,0,8.0,88,1,1,2,0,2,0,2,2,0,0,0,0,Medium,3.0344827586206895,17.64,0.27586206896551724,0.75,0.577
22,67,1,1,1,7.0,79,1,1,1,1,0,1,1,3,0,1,1,1,Low,3.4347826086956523,14.74,0.30434782608695654,1.0,0.5035000000000001
19,79,1,1,1,9.0,60,0,1,1,0,1,0,1,3,1,0,0,1,Low,3.0,15.01,0.45,0.75,0.27749999999999997
15,86,2,0,0,8.0,79,1,1,3,0,1,0,2,3,0,1,0,1,Medium,4.9375,12.9,0.5,0.75,0.5785
25,66,0,1,1,8.0,65,1,1,0,1,1,0,2,3,1,0,0,0,Low,2.5,16.5,0.3076923076923077,0.75,0.41000000000000003
9,67,1,2,1,8.0,54,1,1,3,1,2,1,2,5,0,1,1,0,Low,5.4,6.03,0.8,1.25,0.4785
24,68,1,1,1,5.0,91,2,1,1,2,1,0,0,4,0,1,0,1,Medium,3.64,16.32,0.2,1.25,0.7015
13,70,1,1,1,6.0,53,1,1,2,0,1,0,0,0,1,1,1,1,Low,3.7857142857142856,9.1,0.42857142857142855,0.75,0.437
28,69,1,1,0,10.0,82,2,1,0,1,1,1,1,2,0,0,0,1,Medium,2.8275862068965516,19.32,0.3448275862068966,1.0,0.628
21,76,0,0,1,4.0,99,2,1,0,0,0,0,2,3,0,1,2,0,Low,4.5,15.96,0.18181818181818182,0.25,0.696
24,86,2,0,1,7.0,54,1,1,0,0,2,0,1,2,0,1,0,0,Medium,2.16,20.64,0.28,0.75,0.366
20,78,1,0,0,8.0,61,1,1,0,1,1,0,1,2,1,0,1,1,Low,2.9047619047619047,15.6,0.38095238095238093,0.75,0.394
9,91,1,0,0,4.0,88,0,1,2,1,1,0,1,4,1,2,0,1,Low,8.8,8.19,0.4,0.75,0.42700000000000005
15,89,1,1,1,6.0,55,2,1,1,0,1,1,2,3,0,0,0,0,Low,3.4375,13.35,0.375,0.75,0.5575
24,65,1,1,1,10.0,92,0,1,3,1,2,0,1,4,0,0,0,0,Medium,3.68,15.6,0.4,1.0,0.48050000000000004
21,62,0,2,1,7.0,50,0,0,1,2,1,0,0,2,0,0,1,1,Low,2.272727272727273,13.02,0.3181818181818182,1.0,0.23750000000000002
27,95,0,2,1,6.0,94,2,1,2,1,1,0,1,4,0,2,2,1,High,3.357142857142857,25.65,0.21428571428571427,1.0,0.7509999999999999
22,63,0,0,1,7.0,53,1,1,1,2,1,0,1,4,0,0,0,0,Low,2.3043478260869565,13.86,0.30434782608695654,0.75,0.39949999999999997
14,66,0,1,1,6.0,96,0,1,0,2,1,0,0,3,0,1,1,0,Low,6.4,9.24,0.4,1.0,0.384
15,61,1,1,0,10.0,93,2,1,0,1,2,0,1,4,0,0,0,0,Low,5.8125,9.15,0.625,1.0,0.672
21,85,1,0,0,6.0,77,1,1,2,0,1,0,1,3,0,1,2,0,Low,3.5,17.85,0.2727272727272727,0.5,0.533
6,83,1,1,0,6.0,89,1,1,1,0,1,0,2,4,0,2,0,1,Low,12.714285714285714,4.98,0.8571428571428571,0.75,0.5435
30,99,0,1,0,5.0,54,1,1,0,1,1,1,2,3,0,2,0,0,High,1.7419354838709677,29.7,0.16129032258064516,0.75,0.366
23,95,2,1,0,7.0,57,1,1,1,0,1,1,1,2,0,0,0,1,High,2.375,21.85,0.2916666666666667,1.0,0.4155
27,76,2,2,1,7.0,68,1,1,1,1,1,0,1,3,0,2,1,1,High,2.4285714285714284,20.52,0.25,1.5,0.4595
11,75,2,2,1,9.0,77,1,0,1,2,2,1,1,2,1,1,1,0,Low,6.416666666666667,8.25,0.75,1.5,0.49550000000000005
27,72,1,2,0,5.0,93,0,1,1,2,1,0,2,2,0,1,0,0,High,3.3214285714285716,19.44,0.17857142857142858,1.5,0.40950000000000003
33,66,1,1,0,8.0,77,1,1,2,1,0,0,1,3,0,0,0,0,Medium,2.264705882352941,21.78,0.23529411764705882,1.0,0.533
12,66,0,2,1,7.0,83,1,0,1,1,1,0,1,3,0,0,0,0,Low,6.384615384615385,7.92,0.5384615384615384,0.75,0.5195
25,65,2,1,1,4.0,84,2,1,1,2,1,0,2,2,0,0,0,0,Medium,3.230769230769231,16.25,0.15384615384615385,1.5,0.6735
20,65,0,1,0,6.0,94,1,1,1,0,2,0,2,2,0,2,0,1,Low,4.476190476190476,13.0,0.2857142857142857,0.5,0.5635
11,70,1,2,1,6.0,89,0,1,2,1,1,0,2,4,0,0,0,1,Low,7.416666666666667,7.7,0.5,1.25,0.43100000000000005
23,72,1,2,1,10.0,99,1,1,2,1,2,1,1,4,0,2,0,1,High,4.125,16.56,0.4166666666666667,1.25,0.621
25,98,1,2,1,8.0,51,1,1,0,1,1,1,2,2,0,1,1,1,High,1.9615384615384615,24.5,0.3076923076923077,1.25,0.354
16,83,1,1,1,7.0,60,1,1,0,2,1,0,2,1,0,1,1,1,Low,3.5294117647058822,13.28,0.4117647058823529,1.25,0.39
27,100,0,1,1,4.0,97,0,1,4,0,2,0,2,3,0,0,0,1,High,3.4642857142857144,27.0,0.14285714285714285,0.5,0.538
10,75,1,1,1,4.0,90,1,1,3,1,2,0,2,3,1,2,1,0,Low,8.181818181818182,7.5,0.36363636363636365,1.0,0.6225
11,78,2,2,0,8.0,63,0,1,1,0,1,0,1,3,0,0,0,1,Low,5.25,8.58,0.6666666666666666,1.25,0.2895
21,73,2,1,1,8.0,99,1,1,1,1,2,0,2,4,0,1,1,0,Medium,4.5,15.33,0.36363636363636365,1.25,0.5835
20,67,1,1,0,6.0,93,0,0,1,0,1,0,0,3,1,1,0,0,Low,4.428571428571429,13.4,0.2857142857142857,0.5,0.40950000000000003
16,66,1,1,1,7.0,53,2,1,2,1,1,0,0,2,0,2,1,0,Low,3.1176470588235294,10.56,0.4117647058823529,1.0,0.587
25,98,0,0,1,7.0,91,1,1,2,0,0,0,2,3,0,2,0,1,High,3.5,24.5,0.2692307692307692,0.25,0.589
23,99,1,2,0,7.0,89,2,1,1,1,1,0,1,3,0,0,0,1,High,3.7083333333333335,22.77,0.2916666666666667,1.25,0.6935
25,62,1,0,0,6.0,61,2,1,1,1,1,0,2,4,0,2,1,1,Low,2.3461538461538463,15.5,0.23076923076923078,0.75,0.5815
19,66,1,1,0,8.0,83,1,1,2,1,2,0,1,3,0,0,0,1,Low,4.15,12.54,0.4,1.0,0.5569999999999999
24,77,2,2,1,9.0,99,1,1,1,0,1,0,2,1,0,0,0,0,High,3.96,18.48,0.36,1.25,0.5835
17,67,1,1,1,6.0,84,2,1,1,2,2,0,1,3,0,2,1,1,Low,4.666666666666667,11.39,0.3333333333333333,1.25,0.6735
32,75,0,2,0,5.0,91,0,1,1,2,1,0,2,2,0,1,1,1,High,2.757575757575758,24.0,0.15151515151515152,1.25,0.4015
15,65,1,2,1,6.0,55,0,1,2,1,1,1,2,3,0,0,0,1,Low,3.4375,9.75,0.375,1.25,0.29500000000000004
33,78,0,1,0,7.0,86,1,1,1,0,2,0,2,4,0,0,0,0,Medium,2.5294117647058822,25.74,0.20588235294117646,0.5,0.5315
20,71,2,1,1,8.0,60,0,1,0,1,1,0,1,2,0,0,0,0,Low,2.857142857142857,14.2,0.38095238095238093,1.25,0.24
12,74,0,1,0,8.0,54,1,1,2,1,1,1,2,5,0,2,1,1,Low,4.153846153846154,8.88,0.6153846153846154,0.75,0.441
28,64,1,1,0,8.0,78,0,1,2,1,1,1,0,3,0,2,0,0,Low,2.689655172413793,17.92,0.27586206896551724,1.0,0.38700000000000007
21,77,1,1,1,8.0,88,0,1,2,2,1,1,2,1,0,1,1,1,Medium,4.0,16.17,0.36363636363636365,1.25,0.42700000000000005
25,99,1,1,1,7.0,77,1,1,0,2,2,0,1,3,0,0,0,0,High,2.9615384615384617,24.75,0.2692307692307692,1.25,0.4580000000000001
27,73,0,0,0,9.0,97,1,1,2,1,2,0,1,1,0,0,0,1,Medium,3.4642857142857144,19.71,0.32142857142857145,0.5,0.613
22,95,1,1,0,7.0,85,1,1,0,1,1,1,2,4,0,1,0,0,High,3.6956521739130435,20.9,0.30434782608695654,1.0,0.49
16,94,0,0,1,8.0,56,0,1,2,0,2,0,2,2,0,1,0,1,Low,3.2941176470588234,15.04,0.47058823529411764,0.25,0.29900000000000004
26,98,1,0,1,7.0,97,1,1,2,0,1,0,1,2,1,2,1,0,High,3.5925925925925926,25.48,0.25925925925925924,0.5,0.613
20,92,2,1,1,7.0,58,0,1,2,0,0,0,1,4,0,2,0,1,High,2.761904761904762,18.4,0.3333333333333333,1.0,0.307
24,86,1,1,1,7.0,88,1,1,1,0,1,0,1,3,0,0,2,0,Medium,3.52,20.64,0.28,0.75,0.5395
7,94,1,0,1,9.0,57,2,1,2,1,1,0,0,3,0,2,0,1,Low,7.125,6.58,1.125,0.75,0.603
23,63,2,2,0,7.0,100,0,1,2,1,2,1,2,3,0,2,0,1,Medium,4.166666666666667,14.49,0.2916666666666667,1.5,0.47500000000000003
16,79,1,1,1,6.0,67,0,0,2,1,2,1,2,3,0,1,0,0,Low,3.9411764705882355,12.64,0.35294117647058826,0.75,0.343
30,100,2,2,0,6.0,75,1,1,0,0,1,0,1,4,0,1,1,1,High,2.4193548387096775,30.0,0.1935483870967742,1.25,0.45000000000000007
24,91,0,1,0,8.0,73,1,1,2,0,2,1,2,2,0,2,1,0,High,2.92,21.84,0.32,0.5,0.5169999999999999
21,98,2,0,1,6.0,55,0,1,1,1,1,0,2,3,0,0,0,0,High,2.5,20.58,0.2727272727272727,1.0,0.2575
23,91,1,2,1,7.0,75,0,1,2,0,2,0,0,2,0,0,2,0,Medium,3.125,20.93,0.2916666666666667,1.0,0.37500000000000006
14,95,2,1,0,7.0,57,1,1,2,0,0,0,1,2,0,1,0,1,Medium,3.8,13.3,0.4666666666666667,1.0,0.453
30,88,0,1,1,6.0,90,2,1,4,2,1,1,0,2,0,1,1,0,High,2.903225806451613,26.4,0.1935483870967742,1.0,0.81
32,90,1,1,1,5.0,98,2,1,0,1,2,0,1,3,0,1,1,0,High,2.9696969696969697,28.8,0.15151515151515152,1.0,0.692
22,81,0,0,0,5.0,90,1,1,0,2,1,0,2,2,0,1,1,1,Low,3.9130434782608696,17.82,0.21739130434782608,0.75,0.51
30,97,2,1,1,6.0,72,2,1,1,0,2,0,2,2,0,0,2,1,High,2.3225806451612905,29.1,0.1935483870967742,1.0,0.6255
17,93,1,0,1,5.0,50,0,1,3,2,1,0,2,2,0,0,1,0,Medium,2.7777777777777777,15.81,0.2777777777777778,1.0,0.3125
15,94,2,1,1,8.0,52,0,1,1,1,1,1,2,2,0,1,2,1,Medium,3.25,14.1,0.5,1.25,0.24550000000000002
20,87,1,2,0,10.0,75,0,1,3,1,1,1,1,2,0,1,0,1,High,3.5714285714285716,17.4,0.47619047619047616,1.25,0.41250000000000003
23,72,0,2,1,6.0,84,1,1,1,2,2,0,1,2,0,0,0,0,Medium,3.5,16.56,0.25,1.25,0.5235
18,61,1,0,1,6.0,91,2,1,3,1,2,0,2,3,0,1,1,1,High,4.7894736842105265,10.98,0.3157894736842105,0.75,0.7765
23,97,1,2,1,6.0,80,0,1,1,0,0,0,0,2,0,1,1,0,High,3.3333333333333335,22.31,0.25,1.0,0.35750000000000004
22,83,2,1,0,8.0,99,0,1,4,2,2,0,0,4,1,0,0,1,High,4.304347826086956,18.26,0.34782608695652173,1.5,0.546
14,72,1,0,0,8.0,75,2,1,4,2,1,1,2,2,1,1,0,0,Low,5.0,10.08,0.5333333333333333,1.0,0.7500000000000001
23,66,2,2,1,7.0,80,1,1,1,1,1,0,2,3,0,1,1,1,Medium,3.3333333333333335,15.18,0.2916666666666667,1.5,0.5075000000000001
25,93,1,1,0,5.0,62,1,1,0,0,1,0,1,3,0,0,2,0,Medium,2.3846153846153846,23.25,0.19230769230769232,0.75,0.398
21,93,1,1,1,6.0,67,1,0,1,2,1,0,2,3,0,0,0,1,Medium,3.0454545454545454,19.53,0.2727272727272727,1.0,0.4555
27,93,2,0,1,7.0,84,0,1,1,1,1,1,1,2,0,2,0,0,High,3.0,25.11,0.25,1.0,0.3735
13,86,1,1,0,7.0,80,1,1,0,0,1,1,0,5,0,1,0,0,Low,5.714285714285714,11.18,0.5,0.75,0.4700000000000001
23,75,0,0,1,7.0,68,1,1,1,2,0,1,1,4,1,0,0,0,Low,2.8333333333333335,17.25,0.2916666666666667,0.75,0.4595
13,72,1,2,0,8.0,56,0,1,1,0,2,0,2,4,0,2,1,1,Low,4.0,9.36,0.5714285714285714,1.0,0.2615
13,60,0,1,0,5.0,67,2,1,1,0,1,0,2,4,1,0,2,0,Low,4.785714285714286,7.8,0.35714285714285715,0.5,0.6055
16,93,2,1,1,7.0,52,0,1,2,1,2,0,1,3,0,0,0,0,Medium,3.0588235294117645,14.88,0.4117647058823529,1.25,0.28300000000000003
14,63,2,0,0,7.0,79,1,1,1,0,1,0,1,3,0,0,0,0,Low,5.266666666666667,8.82,0.4666666666666667,0.75,0.5035000000000001
17,85,2,2,1,6.0,66,1,1,0,1,2,0,1,2,0,1,1,1,Medium,3.6666666666666665,14.45,0.3333333333333333,1.5,0.41400000000000003
19,80,2,1,1,6.0,69,0,1,1,0,0,1,1,4,1,1,0,0,Low,3.45,15.2,0.3,1.0,0.31349999999999995
25,81,1,1,0,8.0,79,0,1,1,1,1,0,1,4,0,1,0,1,Medium,3.0384615384615383,20.25,0.3076923076923077,1.0,0.35350000000000004
18,97,0,2,0,5.0,79,0,1,2,0,2,0,2,3,0,1,1,0,High,4.157894736842105,17.46,0.2631578947368421,0.75,0.39100000000000007
10,61,2,0,1,10.0,79,1,1,4,2,2,0,2,2,1,1,1,0,Low,7.181818181818182,6.1,0.9090909090909091,1.25,0.6160000000000001
27,91,1,1,0,8.0,75,0,1,2,1,2,1,1,3,0,0,0,0,High,2.6785714285714284,24.57,0.2857142857142857,1.0,0.37500000000000006
15,62,1,1,0,7.0,74,2,1,0,0,2,0,0,3,0,2,1,1,Low,4.625,9.3,0.4375,0.75,0.596
20,62,2,1,1,7.0,91,0,1,1,1,0,0,0,3,0,1,0,0,Low,4.333333333333333,12.4,0.3333333333333333,1.25,0.4015
23,77,1,0,0,8.0,73,1,1,1,0,0,0,2,2,0,1,0,0,Low,3.0416666666666665,17.71,0.3333333333333333,0.5,0.4794999999999999
21,63,0,1,1,6.0,77,0,1,3,1,2,0,0,1,0,0,0,0,Low,3.5,13.23,0.2727272727272727,0.75,0.42050000000000004
27,92,2,1,1,6.0,99,0,1,4,0,0,1,2,3,0,0,0,1,High,3.5357142857142856,24.84,0.21428571428571427,1.0,0.546
23,81,1,2,0,9.0,59,0,1,2,1,2,0,1,2,0,1,0,0,Medium,2.4583333333333335,18.63,0.375,1.25,0.311
15,61,2,1,1,6.0,86,2,1,2,2,2,0,1,3,0,0,0,1,Low,5.375,9.15,0.375,1.5,0.719
33,62,1,1,0,7.0,74,0,1,2,1,1,0,1,2,0,1,1,0,Low,2.176470588235294,20.46,0.20588235294117646,1.0,0.371
21,85,1,2,1,6.0,92,1,1,1,1,2,0,1,2,1,0,1,0,Medium,4.181818181818182,17.85,0.2727272727272727,1.25,0.5555
19,92,0,1,1,7.0,70,0,1,2,2,1,1,2,2,0,1,0,0,Medium,3.5,17.48,0.35,1.0,0.355
26,78,2,1,0,8.0,65,1,1,3,1,1,0,2,3,0,1,0,1,High,2.4074074074074074,20.28,0.2962962962962963,1.25,0.5225
21,82,1,1,1,10.0,60,2,1,3,2,2,0,2,4,0,0,0,1,High,2.727272727272727,17.22,0.45454545454545453,1.25,0.6525000000000001
22,92,1,1,1,6.0,94,1,1,1,1,1,0,2,3,0,0,0,0,High,4.086956521739131,20.24,0.2608695652173913,1.0,0.5635
35,84,1,1,0,5.0,86,1,1,1,1,1,0,1,3,0,0,0,1,High,2.388888888888889,29.4,0.1388888888888889,1.0,0.5315
18,69,1,0,0,7.0,54,1,1,1,0,2,0,1,4,0,0,1,0,Low,2.8421052631578947,12.42,0.3684210526315789,0.5,0.40349999999999997
18,85,1,2,1,6.0,86,2,0,1,1,1,1,1,3,0,0,0,1,Medium,4.526315789473684,15.3,0.3157894736842105,1.0,0.6815
21,85,1,0,1,7.0,52,1,1,3,0,1,1,1,3,0,0,0,0,Low,2.3636363636363638,17.85,0.3181818181818182,0.5,0.4705
26,89,1,1,1,8.0,59,0,1,1,0,2,0,1,4,0,0,0,0,High,2.185185185185185,23.14,0.2962962962962963,0.75,0.27349999999999997
11,85,1,0,0,10.0,80,0,0,0,0,2,0,2,3,0,1,0,1,Low,6.666666666666667,9.35,0.8333333333333334,0.25,0.32000000000000006
8,99,1,2,1,6.0,73,1,1,1,1,1,0,2,3,0,0,2,1,Medium,8.11111111111111,7.92,0.6666666666666666,1.25,0.4794999999999999
16,68,0,1,1,4.0,92,1,0,1,1,1,0,0,4,0,1,0,0,Low,5.411764705882353,10.88,0.23529411764705882,0.5,0.5555
10,98,1,2,0,7.0,80,0,1,3,1,1,1,1,3,0,1,0,0,Medium,7.2727272727272725,9.8,0.6363636363636364,1.25,0.43250000000000005
17,82,1,1,1,8.0,98,1,1,3,1,2,0,2,4,0,0,1,0,Medium,5.444444444444445,13.94,0.4444444444444444,1.0,0.6545000000000001
23,87,1,0,1,6.0,93,1,1,1,2,2,1,2,4,0,2,0,1,High,3.875,20.01,0.25,1.0,0.5595
15,64,2,1,1,7.0,67,1,1,2,0,2,0,2,3,0,0,0,0,Low,4.1875,9.6,0.4375,1.0,0.49300000000000005
11,75,0,1,0,7.0,92,1,0,2,0,2,0,2,4,0,1,1,1,Low,7.666666666666667,8.25,0.5833333333333334,0.25,0.593
20,91,1,1,1,7.0,93,2,1,1,0,1,0,0,3,0,2,1,0,High,4.428571428571429,18.2,0.3333333333333333,0.75,0.7095
25,88,0,1,1,8.0,98,0,0,1,0,0,1,1,4,0,2,0,0,Medium,3.769230769230769,22.0,0.3076923076923077,0.25,0.4295
10,62,2,2,0,7.0,51,1,1,1,1,2,1,2,2,0,0,0,0,Low,4.636363636363637,6.2,0.6363636363636364,1.5,0.39149999999999996
25,82,2,2,0,8.0,94,0,1,2,0,1,0,1,3,0,0,1,0,High,3.6153846153846154,20.5,0.3076923076923077,1.25,0.451
25,64,1,1,1,4.0,53,0,1,1,1,1,0,1,2,0,1,0,0,Low,2.0384615384615383,16.0,0.15384615384615385,1.0,0.24950000000000003
26,100,2,2,1,6.0,76,2,1,0,1,2,0,0,4,0,2,0,0,High,2.814814814814815,26.0,0.2222222222222222,1.5,0.6040000000000001
27,96,1,1,1,6.0,71,1,1,2,1,1,0,1,2,0,1,0,1,High,2.5357142857142856,25.92,0.21428571428571427,1.0,0.5089999999999999
33,61,0,0,1,5.0,96,1,1,2,1,1,0,0,3,0,0,0,0,Medium,2.823529411764706,20.13,0.14705882352941177,0.5,0.609
18,94,1,1,1,7.0,70,1,0,2,1,2,0,0,3,0,1,0,1,Medium,3.6842105263157894,16.92,0.3684210526315789,0.75,0.5049999999999999
21,97,1,1,1,6.0,80,0,1,2,1,1,1,2,4,0,1,0,0,High,3.6363636363636362,20.37,0.2727272727272727,1.0,0.3950000000000001
18,74,1,1,0,6.0,85,1,1,4,1,1,1,0,3,0,1,1,1,Low,4.473684210526316,13.32,0.3157894736842105,1.0,0.64
20,89,1,1,1,8.0,51,1,1,3,1,2,0,2,3,0,2,0,1,High,2.4285714285714284,17.8,0.38095238095238093,1.0,0.46649999999999997
29,78,1,2,1,7.0,80,1,1,2,1,1,0,2,4,0,2,0,1,High,2.6666666666666665,22.62,0.23333333333333334,1.25,0.545
12,86,2,1,1,5.0,76,0,0,2,2,1,0,2,3,0,2,0,1,Medium,5.846153846153846,10.32,0.38461538461538464,1.25,0.37900000000000006
15,74,1,2,0,6.0,80,1,1,2,2,1,0,0,3,0,2,1,0,Low,5.0,11.1,0.375,1.5,0.545
28,73,0,1,1,8.0,54,1,1,4,1,1,1,1,1,0,0,0,1,Medium,1.8620689655172413,20.44,0.27586206896551724,0.75,0.516
26,77,1,0,0,7.0,53,2,0,3,1,2,1,2,3,0,0,0,1,Medium,1.962962962962963,20.02,0.25925925925925924,0.5,0.6245
18,66,1,2,1,9.0,59,1,0,0,0,1,1,2,3,0,0,0,0,Low,3.1052631578947367,11.88,0.47368421052631576,0.75,0.386
25,93,0,1,0,8.0,93,1,1,2,1,1,0,2,3,0,1,0,0,High,3.576923076923077,23.25,0.3076923076923077,0.75,0.597
22,74,0,2,1,6.0,68,1,1,0,1,0,0,2,4,0,0,2,0,Low,2.9565217391304346,16.28,0.2608695652173913,1.0,0.42200000000000004
29,76,1,0,1,9.0,72,1,1,1,2,1,0,2,3,0,0,0,0,Medium,2.4,22.04,0.3,1.0,0.4754999999999999
20,96,1,2,0,9.0,70,1,1,2,0,0,0,2,2,1,0,0,0,Medium,3.3333333333333335,19.2,0.42857142857142855,1.0,0.5049999999999999
26,80,1,1,1,4.0,86,1,0,0,0,1,0,2,4,0,1,1,0,Medium,3.185185185185185,20.8,0.14814814814814814,0.5,0.494
36,82,0,0,1,7.0,63,1,1,0,1,1,1,2,3,0,0,0,0,Medium,1.7027027027027026,29.52,0.1891891891891892,0.5,0.402
24,98,0,1,1,6.0,53,1,1,1,1,0,0,1,2,0,0,0,1,Medium,2.12,23.52,0.24,0.75,0.39949999999999997
20,95,1,2,1,7.0,69,0,1,0,1,2,0,1,3,0,0,0,0,High,3.2857142857142856,19.0,0.3333333333333333,1.25,0.27599999999999997
24,67,2,0,0,6.0,86,1,1,6,0,1,1,2,3,1,2,1,1,Medium,3.44,16.08,0.24,0.75,0.719
18,79,1,2,1,6.0,96,1,1,3,1,0,0,2,3,1,2,0,0,Medium,5.052631578947368,14.22,0.3157894736842105,1.25,0.6465000000000001
34,99,1,1,1,8.0,53,1,1,0,1,2,0,1,5,0,1,0,0,High,1.5142857142857142,33.66,0.22857142857142856,1.0,0.362
21,75,0,1,1,5.0,91,1,1,2,0,0,0,1,3,0,0,0,0,Low,4.136363636363637,15.75,0.22727272727272727,0.5,0.589
18,75,1,0,1,7.0,53,1,1,0,2,2,0,1,2,0,0,0,0,Low,2.789473684210526,13.5,0.3684210526315789,1.0,0.362
15,68,1,1,1,5.0,67,1,1,3,1,2,1,0,4,0,2,1,0,Low,4.1875,10.2,0.3125,1.0,0.5305
27,65,1,1,1,9.0,51,1,1,2,2,1,1,2,2,0,2,1,1,Low,1.8214285714285714,17.55,0.32142857142857145,1.25,0.429
25,90,1,1,1,7.0,96,1,1,1,0,1,0,2,4,0,1,1,0,High,3.6923076923076925,22.5,0.2692307692307692,0.75,0.5715
17,91,1,2,0,8.0,85,2,1,3,0,2,0,1,4,0,1,1,1,High,4.722222222222222,15.47,0.4444444444444444,1.0,0.7525
23,99,0,1,1,7.0,68,1,1,0,0,2,1,2,2,0,0,2,0,High,2.8333333333333335,22.77,0.2916666666666667,0.5,0.42200000000000004
11,91,2,1,0,7.0,69,1,1,2,0,1,1,2,2,0,1,0,0,Medium,5.75,10.01,0.5833333333333334,1.0,0.5009999999999999
21,70,1,0,0,7.0,82,2,1,0,0,2,0,2,3,0,0,0,1,Low,3.727272727272727,14.7,0.3181818181818182,0.5,0.628
23,62,1,2,1,9.0,54,0,1,3,0,1,1,1,4,0,0,0,0,Low,2.25,14.26,0.375,1.0,0.3285
30,99,1,1,1,6.0,57,1,1,0,0,1,0,1,4,0,2,0,0,High,1.8387096774193548,29.7,0.1935483870967742,0.75,0.378
15,74,1,1,1,4.0,92,0,1,1,0,1,1,2,3,0,2,0,0,Low,5.75,11.1,0.25,0.75,0.4055
12,72,0,1,1,6.0,60,2,1,0,0,1,0,1,4,0,2,0,0,Low,4.615384615384615,8.64,0.46153846153846156,0.5,0.54
15,96,1,2,0,5.0,86,1,1,2,0,1,1,2,2,0,0,0,0,High,5.375,14.4,0.3125,1.0,0.569
12,83,1,2,0,8.0,61,1,1,3,2,1,0,1,5,1,0,0,0,Low,4.6923076923076925,9.96,0.6153846153846154,1.5,0.5065
28,69,2,2,1,7.0,54,0,0,1,0,1,0,1,2,0,1,2,0,Low,1.8620689655172413,19.32,0.2413793103448276,1.0,0.2535
29,96,1,1,1,8.0,95,1,1,0,2,1,1,2,2,0,0,0,1,High,3.1666666666666665,27.84,0.26666666666666666,1.25,0.53
22,100,2,1,0,7.0,95,1,1,2,0,1,0,2,4,0,1,0,0,High,4.130434782608695,22.0,0.30434782608695654,1.0,0.605
27,63,1,0,1,7.0,80,2,1,1,1,2,1,1,3,0,0,1,0,Low,2.857142857142857,17.01,0.25,0.75,0.6575000000000001
21,94,1,1,0,7.0,73,0,1,2,0,1,1,2,3,0,2,0,1,High,3.3181818181818183,19.74,0.3181818181818182,0.75,0.367
19,76,2,0,1,9.0,78,0,1,1,0,1,0,0,1,0,2,0,1,Low,3.9,14.44,0.45,0.75,0.34950000000000003
18,81,1,0,1,7.0,70,2,1,0,0,1,1,1,2,0,1,0,0,Low,3.6842105263157894,14.58,0.3684210526315789,0.5,0.58
18,97,1,0,0,9.0,88,1,1,0,0,1,0,1,4,0,0,1,1,Medium,4.631578947368421,17.46,0.47368421052631576,0.5,0.502
11,99,1,0,1,9.0,88,1,1,2,0,1,0,1,2,0,0,1,0,Medium,7.333333333333333,10.89,0.75,0.5,0.577
22,70,1,1,0,7.0,91,1,1,2,1,1,0,2,1,0,0,0,0,Low,3.9565217391304346,15.4,0.30434782608695654,1.0,0.589
20,69,2,1,1,7.0,76,2,1,1,1,1,0,2,3,0,0,0,1,Medium,3.619047619047619,13.8,0.3333333333333333,1.25,0.6415000000000001
24,63,1,1,0,6.0,90,1,0,2,0,1,1,1,5,0,2,0,1,Low,3.6,15.12,0.24,0.5,0.585
21,82,0,2,0,9.0,58,1,1,0,1,1,0,0,2,0,0,0,0,Low,2.6363636363636362,17.22,0.4090909090909091,1.0,0.382
19,61,2,1,1,6.0,52,0,0,1,0,1,0,1,3,0,0,2,1,Low,2.6,11.59,0.3,0.75,0.24550000000000002
15,76,2,2,1,6.0,82,1,1,4,0,2,1,2,4,0,0,1,1,Medium,5.125,11.4,0.375,1.25,0.628
20,63,1,1,0,7.0,55,2,1,2,0,2,0,0,3,0,0,0,0,Low,2.619047619047619,12.6,0.3333333333333333,0.75,0.595
24,76,0,1,0,5.0,78,2,1,1,1,1,1,1,4,1,0,1,0,Low,3.12,18.24,0.2,0.75,0.6495000000000001
13,62,1,0,0,6.0,86,2,1,2,0,1,0,1,4,0,0,0,0,Low,6.142857142857143,8.06,0.42857142857142855,0.5,0.719
21,93,0,1,0,9.0,70,1,1,0,1,2,0,1,1,0,2,2,1,Medium,3.1818181818181817,19.53,0.4090909090909091,0.75,0.42999999999999994
21,68,1,2,1,8.0,52,1,1,3,0,1,0,1,2,0,1,1,0,Low,2.3636363636363638,14.28,0.36363636363636365,1.0,0.4705
16,73,0,0,0,6.0,94,1,0,1,0,1,1,0,2,0,1,0,1,Low,5.529411764705882,11.68,0.35294117647058826,0.0,0.5635
16,95,1,2,1,8.0,52,1,1,0,0,1,1,2,3,0,2,1,0,Medium,3.0588235294117645,15.2,0.47058823529411764,1.0,0.358
21,90,0,1,1,10.0,95,2,1,2,2,2,1,1,4,0,1,0,0,High,4.318181818181818,18.9,0.45454545454545453,1.0,0.7549999999999999
13,69,1,0,1,7.0,53,2,0,2,1,1,1,0,3,1,0,0,1,Low,3.7857142857142856,8.97,0.5,0.5,0.587
22,63,1,1,0,9.0,87,0,1,0,2,2,0,0,2,0,1,1,1,Low,3.782608695652174,13.86,0.391304347826087,1.25,0.34800000000000003
15,89,1,1,1,8.0,96,2,1,3,0,2,0,0,3,0,0,0,0,Medium,6.0,13.35,0.5,0.75,0.7965
26,76,0,0,0,7.0,95,2,1,1,0,2,0,1,1,0,2,0,0,Medium,3.5185185185185186,19.76,0.25925925925925924,0.25,0.7174999999999999
34,91,0,1,0,7.0,95,1,0,1,1,1,0,0,3,1,1,1,0,High,2.7142857142857144,30.94,0.2,0.5,0.5675
15,78,1,2,0,8.0,94,2,1,0,0,1,1,2,4,0,2,1,0,Medium,5.875,11.7,0.5,1.0,0.6759999999999999
23,74,1,1,1,6.0,76,1,0,1,0,1,0,2,2,0,1,0,0,Low,3.1666666666666665,17.02,0.25,0.5,0.49150000000000005
16,78,1,1,1,4.0,78,1,1,5,2,1,0,2,3,0,0,0,1,Medium,4.588235294117647,12.48,0.23529411764705882,1.25,0.6495000000000001
26,90,0,1,1,6.0,81,1,1,1,0,1,1,1,3,0,2,0,0,High,3.0,23.4,0.2222222222222222,0.5,0.5115000000000001
12,96,2,1,0,4.0,95,1,1,3,1,1,1,1,0,1,0,0,0,Medium,7.3076923076923075,11.52,0.3076923076923077,1.25,0.6425000000000001
23,62,2,1,1,6.0,92,0,1,0,2,1,0,1,2,0,0,1,0,Low,3.8333333333333335,14.26,0.25,1.5,0.36800000000000005
15,81,1,1,0,4.0,89,2,1,0,0,1,1,0,3,0,2,0,1,Low,5.5625,12.15,0.25,0.75,0.656
19,61,1,2,1,8.0,84,2,1,2,1,2,0,2,4,0,0,0,0,Low,4.2,11.59,0.4,1.25,0.711
14,79,2,1,0,5.0,81,2,1,3,2,1,0,0,3,0,0,0,1,Medium,5.4,11.06,0.3333333333333333,1.5,0.7365000000000002
25,95,1,1,1,8.0,96,0,1,1,1,1,0,1,4,0,2,0,0,High,3.6923076923076925,23.75,0.3076923076923077,1.0,0.4215
15,74,2,2,0,8.0,60,0,1,3,0,1,0,2,5,0,0,1,0,Low,3.75,11.1,0.5,1.25,0.3525
23,97,1,2,1,8.0,60,1,1,1,1,2,0,1,3,0,1,0,0,High,2.5,22.31,0.3333333333333333,1.25,0.4275
18,85,2,0,1,4.0,99,2,1,0,0,1,1,1,4,0,1,0,0,Medium,5.2105263157894735,15.3,0.21052631578947367,0.75,0.696
19,97,0,2,0,9.0,78,1,1,0,1,1,1,0,4,0,0,1,1,Medium,3.9,18.43,0.45,1.0,0.4620000000000001
21,90,1,2,1,8.0,74,1,1,4,0,1,1,1,3,0,0,0,0,High,3.3636363636363638,18.9,0.36363636363636365,1.0,0.596
15,64,1,1,0,8.0,93,1,1,0,0,1,0,0,2,0,0,0,1,Low,5.8125,9.6,0.5,0.75,0.522
21,69,1,1,1,10.0,92,0,1,2,0,1,1,1,3,0,0,0,0,Low,4.181818181818182,14.49,0.45454545454545453,0.75,0.44300000000000006
29,76,1,2,1,8.0,59,1,1,4,0,2,0,1,2,0,2,0,0,High,1.9666666666666666,22.04,0.26666666666666666,1.0,0.536
15,67,0,1,1,5.0,59,0,1,0,0,1,1,1,3,0,0,0,0,Low,3.6875,10.05,0.3125,0.5,0.236
27,80,2,1,0,8.0,90,0,1,1,1,2,0,1,3,0,2,0,1,High,3.2142857142857144,21.6,0.2857142857142857,1.25,0.3975
29,79,1,2,0,5.0,89,1,1,0,2,2,0,1,3,0,2,0,1,High,2.966666666666667,22.91,0.16666666666666666,1.5,0.506
15,98,2,2,1,7.0,61,1,1,1,0,2,1,2,3,0,1,1,1,High,3.8125,14.7,0.4375,1.25,0.4315
11,77,0,0,1,6.0,92,0,1,0,0,1,0,1,5,0,0,0,0,Low,7.666666666666667,8.47,0.5,0.25,0.36800000000000005
22,91,1,1,0,7.0,74,1,1,1,1,1,1,0,2,1,1,1,1,Medium,3.217391304347826,20.02,0.30434782608695654,1.0,0.48349999999999993
17,98,1,1,0,5.0,73,0,1,0,0,2,0,0,2,0,1,1,0,Medium,4.055555555555555,16.66,0.2777777777777778,0.75,0.292
31,95,1,1,0,5.0,99,1,1,1,1,1,1,1,4,0,0,0,1,High,3.09375,29.45,0.15625,1.0,0.5835
20,68,2,2,0,6.0,76,0,1,2,1,1,0,1,3,0,0,0,1,Low,3.619047619047619,13.6,0.2857142857142857,1.5,0.37900000000000006
15,80,1,1,1,7.0,57,0,1,1,0,1,1,0,4,0,0,0,0,Low,3.5625,12.0,0.4375,0.75,0.26549999999999996
13,74,1,1,0,6.0,64,0,1,4,2,2,1,1,3,1,0,0,0,Low,4.571428571428571,9.62,0.42857142857142855,1.25,0.406
27,76,2,2,0,9.0,67,1,1,1,0,1,0,2,4,0,0,2,1,Medium,2.392857142857143,20.52,0.32142857142857145,1.25,0.4555
17,74,1,0,1,8.0,98,0,1,1,2,2,0,1,3,0,0,0,1,Low,5.444444444444445,12.58,0.4444444444444444,1.0,0.4295
20,93,1,0,0,8.0,63,1,1,0,0,2,0,0,3,0,0,1,0,Low,3.0,18.6,0.38095238095238093,0.5,0.402
26,78,1,1,0,6.0,72,1,1,1,0,1,1,1,3,0,0,1,1,Medium,2.6666666666666665,20.28,0.2222222222222222,0.75,0.4754999999999999
17,81,1,1,0,5.0,87,2,1,0,0,2,1,1,2,0,1,0,1,Medium,4.833333333333333,13.77,0.2777777777777778,0.75,0.648
20,99,1,0,1,7.0,64,2,1,0,1,1,0,2,4,0,0,0,0,High,3.0476190476190474,19.8,0.3333333333333333,0.75,0.556
20,62,0,1,1,10.0,85,2,1,5,0,1,1,1,4,0,0,0,0,Low,4.0476190476190474,12.4,0.47619047619047616,0.5,0.8275
24,80,1,1,1,7.0,60,1,1,1,2,2,0,2,3,0,0,1,1,Medium,2.4,19.2,0.28,1.25,0.4275
24,91,1,2,1,9.0,62,0,1,3,0,1,0,0,4,0,1,1,0,High,2.48,21.84,0.36,1.0,0.3605
19,66,2,0,0,9.0,99,1,1,1,1,1,0,2,3,0,1,0,0,Low,4.95,12.54,0.45,1.0,0.5835
20,84,2,1,1,8.0,68,1,1,0,0,1,1,2,4,0,2,0,0,Medium,3.238095238095238,16.8,0.38095238095238093,1.0,0.42200000000000004
18,70,1,1,0,7.0,86,1,1,1,2,1,0,2,2,0,0,0,1,Low,4.526315789473684,12.6,0.3684210526315789,1.25,0.5315
11,95,1,1,1,6.0,92,1,0,2,1,0,0,1,3,0,2,1,1,Medium,7.666666666666667,10.45,0.5,0.75,0.593
22,73,0,1,1,7.0,67,1,1,3,2,1,1,2,2,0,0,2,0,Low,2.9130434782608696,16.06,0.30434782608695654,1.0,0.5305
31,73,1,2,1,6.0,68,2,1,1,1,1,0,2,3,0,0,0,1,High,2.125,22.63,0.1875,1.25,0.6095
15,84,0,0,1,7.0,89,2,1,1,0,2,0,1,3,0,0,0,1,Low,5.5625,12.6,0.4375,0.25,0.6935
15,67,2,1,1,5.0,80,2,1,3,1,2,0,1,4,0,1,0,0,Medium,5.0,10.05,0.3125,1.25,0.7325000000000002
15,71,2,0,0,6.0,68,0,0,5,0,1,0,2,4,0,1,0,1,Low,4.25,10.65,0.375,0.5,0.4595
24,77,1,1,0,8.0,87,2,1,2,0,1,0,2,1,1,2,1,1,Medium,3.48,18.48,0.32,0.75,0.723
23,74,1,2,1,6.0,93,1,1,4,2,1,1,1,3,0,0,0,1,High,3.875,17.02,0.25,1.5,0.672
19,81,0,2,1,6.0,62,1,0,1,1,0,0,0,3,0,0,1,1,Low,3.1,15.39,0.3,0.75,0.4355
14,84,2,1,0,6.0,51,0,1,4,2,1,0,1,3,0,0,0,0,Medium,3.4,11.76,0.4,1.5,0.354
21,83,2,2,0,7.0,64,1,1,2,1,0,1,1,2,0,0,0,0,Medium,2.909090909090909,17.43,0.3181818181818182,1.5,0.48100000000000004
11,86,1,1,1,4.0,84,1,1,5,0,2,0,1,4,1,0,0,0,Medium,7.0,9.46,0.3333333333333333,0.75,0.6735
21,72,1,0,1,6.0,96,0,1,4,2,1,0,2,2,1,1,1,1,Low,4.363636363636363,15.12,0.2727272727272727,1.0,0.534
25,65,1,2,1,8.0,93,0,0,2,1,1,0,0,3,0,1,1,1,Low,3.576923076923077,16.25,0.3076923076923077,1.0,0.44700000000000006
12,90,1,0,1,7.0,61,1,1,2,0,2,1,2,2,0,0,0,0,Low,4.6923076923076925,10.8,0.5384615384615384,0.5,0.46900000000000003
11,94,0,0,1,8.0,94,1,1,2,0,1,0,2,2,0,1,0,0,Medium,7.833333333333333,10.34,0.6666666666666666,0.25,0.601
29,70,1,1,1,4.0,91,0,1,2,0,1,0,2,3,0,1,0,0,Medium,3.033333333333333,20.3,0.13333333333333333,0.75,0.43900000000000006
16,76,0,1,0,6.0,87,1,1,3,0,1,1,1,4,0,1,0,1,Low,5.117647058823529,12.16,0.35294117647058826,0.5,0.6105
27,80,0,0,1,7.0,84,0,1,4,0,1,0,2,3,0,1,1,0,Medium,3.0,21.6,0.25,0.25,0.486
19,81,0,2,0,8.0,90,1,1,2,0,1,1,1,3,0,0,0,1,Medium,4.5,15.39,0.4,0.75,0.585
19,86,1,1,1,9.0,93,0,1,1,0,2,0,2,3,0,1,0,0,Medium,4.65,16.34,0.45,0.75,0.40950000000000003
23,62,1,1,0,8.0,91,2,0,3,2,0,0,1,3,0,0,1,0,Low,3.7916666666666665,14.26,0.3333333333333333,1.0,0.7765
15,89,1,1,0,6.0,56,0,1,2,1,1,0,2,4,0,1,0,0,Medium,3.5,13.35,0.375,1.0,0.29900000000000004
21,62,2,1,0,6.0,86,1,1,2,1,2,1,2,4,0,0,0,1,Medium,3.909090909090909,13.02,0.2727272727272727,1.25,0.569
18,79,1,2,0,9.0,92,0,1,1,0,1,1,1,3,0,1,0,0,Medium,4.842105263157895,14.22,0.47368421052631576,1.0,0.4055
12,93,1,2,0,6.0,59,1,1,2,0,1,1,2,3,0,0,1,1,Medium,4.538461538461538,11.16,0.46153846153846156,1.0,0.461
22,78,1,2,1,5.0,61,0,1,2,0,1,0,1,4,0,1,0,0,Medium,2.652173913043478,17.16,0.21739130434782608,1.0,0.319
18,66,1,1,1,7.0,89,2,1,4,0,1,0,2,3,1,0,0,0,Low,4.684210526315789,11.88,0.3684210526315789,0.75,0.806
19,99,0,2,0,9.0,67,0,1,3,2,1,0,1,1,0,1,1,0,High,3.35,18.81,0.45,1.25,0.3805
13,96,1,1,0,6.0,70,1,1,1,0,2,0,1,3,0,1,0,1,Medium,5.0,12.48,0.42857142857142855,0.75,0.4674999999999999
30,91,2,0,1,6.0,69,1,1,2,1,2,0,0,4,0,0,1,1,High,2.225806451612903,27.3,0.1935483870967742,1.0,0.5009999999999999
25,76,1,2,0,6.0,61,1,1,1,1,1,0,1,3,0,2,2,0,Medium,2.3461538461538463,19.0,0.23076923076923078,1.25,0.4315
26,67,2,0,1,8.0,97,1,1,2,1,1,0,1,0,0,0,1,1,Low,3.5925925925925926,17.42,0.2962962962962963,1.0,0.613
18,98,0,0,1,7.0,90,0,1,0,2,2,1,2,1,0,0,1,0,Medium,4.7368421052631575,17.64,0.3684210526315789,0.75,0.36000000000000004
10,81,1,2,0,8.0,63,1,1,1,0,0,0,1,2,0,0,0,0,Low,5.7272727272727275,8.1,0.7272727272727273,1.0,0.4395
32,94,1,2,1,9.0,55,2,1,4,1,1,1,2,2,1,0,0,0,High,1.6666666666666667,30.08,0.2727272727272727,1.25,0.67
20,74,2,0,1,5.0,69,2,1,1,1,1,0,2,4,0,1,1,1,Low,3.2857142857142856,14.8,0.23809523809523808,1.0,0.6134999999999999
16,73,2,2,1,6.0,71,1,1,0,0,1,0,2,4,0,2,0,0,Medium,4.176470588235294,11.68,0.35294117647058826,1.25,0.43399999999999994
23,99,2,2,0,6.0,50,1,0,1,2,1,1,1,5,1,0,0,0,High,2.0833333333333335,22.77,0.25,1.5,0.38749999999999996
27,81,0,2,0,7.0,94,0,1,0,0,1,0,1,4,0,1,1,0,Medium,3.357142857142857,21.87,0.25,0.75,0.376
20,66,1,1,1,8.0,93,1,1,2,0,2,0,1,3,0,0,0,0,Low,4.428571428571429,13.2,0.38095238095238093,0.75,0.597
28,69,0,2,1,6.0,93,0,1,0,2,0,0,0,3,0,1,0,0,Medium,3.206896551724138,19.32,0.20689655172413793,1.25,0.37200000000000005
26,79,0,2,1,6.0,90,0,0,0,2,1,1,0,2,1,1,1,0,Low,3.3333333333333335,20.54,0.2222222222222222,1.0,0.36000000000000004
14,62,0,1,0,8.0,87,1,1,1,1,1,0,2,1,0,0,1,0,Low,5.8,8.68,0.5333333333333333,0.75,0.5355
16,79,1,1,0,8.0,82,0,1,2,0,1,1,1,3,1,2,1,1,Low,4.823529411764706,12.64,0.47058823529411764,0.75,0.403
26,77,1,1,1,7.0,98,0,1,0,2,1,0,1,1,0,2,0,0,Medium,3.6296296296296298,20.02,0.25925925925925924,1.25,0.392
4,91,1,1,0,4.0,86,0,1,3,0,1,1,1,4,1,1,1,0,Low,17.2,3.64,0.8,0.75,0.4565
19,74,1,2,0,9.0,82,2,1,2,0,1,1,1,3,0,0,1,0,Low,4.1,14.06,0.45,1.0,0.703
11,99,2,1,1,7.0,89,2,1,3,0,1,0,2,3,0,1,0,0,High,7.416666666666667,10.89,0.5833333333333334,1.0,0.7685
17,67,0,0,1,7.0,62,1,1,0,0,1,0,2,4,0,0,1,1,Low,3.4444444444444446,11.39,0.3888888888888889,0.25,0.398
18,84,0,2,1,6.0,98,0,1,3,1,1,0,2,3,0,0,0,0,Medium,5.157894736842105,15.12,0.3157894736842105,1.0,0.5045
18,64,1,1,1,6.0,51,1,1,2,0,1,0,2,1,0,0,0,1,Low,2.6842105263157894,11.52,0.3157894736842105,0.75,0.429
17,89,1,1,1,6.0,82,1,1,3,1,1,1,2,3,0,1,0,1,High,4.555555555555555,15.13,0.3333333333333333,1.0,0.5905
13,100,0,0,1,4.0,54,0,1,3,0,0,0,2,2,0,0,0,1,Low,3.857142857142857,13.0,0.2857142857142857,0.25,0.3285
34,93,2,1,1,6.0,93,2,1,2,0,2,0,1,4,0,0,0,0,High,2.657142857142857,31.62,0.17142857142857143,1.0,0.747
31,82,1,2,1,5.0,98,1,1,0,0,0,0,1,3,0,0,0,0,High,3.0625,25.42,0.15625,1.0,0.542
13,79,1,2,0,7.0,70,2,1,4,0,1,0,2,3,1,0,0,1,Low,5.0,10.27,0.5,1.0,0.73
29,93,1,1,0,5.0,93,1,1,2,0,1,0,2,3,0,2,0,1,High,3.1,26.97,0.16666666666666666,0.75,0.597
18,97,1,2,0,8.0,67,1,1,1,1,2,0,1,3,0,0,0,0,High,3.526315789473684,17.46,0.42105263157894735,1.25,0.4555
21,100,1,1,0,5.0,58,1,1,2,1,1,1,1,2,0,0,1,0,Medium,2.6363636363636362,21.0,0.22727272727272727,1.0,0.457
20,76,1,1,0,9.0,64,0,1,2,0,1,0,0,2,0,1,1,0,Low,3.0476190476190474,15.2,0.42857142857142855,0.75,0.331
16,100,1,1,1,8.0,65,2,1,1,2,1,0,2,2,1,1,1,1,Medium,3.823529411764706,16.0,0.47058823529411764,1.25,0.5975
26,66,2,2,1,5.0,82,1,1,1,0,1,0,1,3,0,0,0,1,Medium,3.037037037037037,17.16,0.18518518518518517,1.25,0.5155
21,70,1,0,1,7.0,90,1,0,1,0,1,0,1,4,0,0,1,0,Low,4.090909090909091,14.7,0.3181818181818182,0.25,0.5475
17,64,1,1,1,6.0,60,1,1,1,1,1,1,2,2,1,0,0,0,Low,3.3333333333333335,10.88,0.3333333333333333,1.0,0.4275
12,71,1,1,0,8.0,54,1,1,0,0,0,0,2,5,0,1,0,0,Low,4.153846153846154,8.52,0.6153846153846154,0.75,0.366
15,91,1,0,1,10.0,61,1,1,0,0,2,0,1,4,0,0,1,0,Low,3.8125,13.65,0.625,0.5,0.394
10,94,1,2,0,9.0,65,1,1,3,0,0,1,0,2,0,0,1,1,Low,5.909090909090909,9.4,0.8181818181818182,1.0,0.5225
20,91,2,1,1,6.0,64,2,1,0,2,1,1,2,3,1,0,1,1,Medium,3.0476190476190474,18.2,0.2857142857142857,1.5,0.556
13,85,2,2,1,7.0,61,2,1,3,1,2,0,2,2,0,0,1,1,Medium,4.357142857142857,11.05,0.5,1.5,0.6565000000000001
18,81,0,1,0,9.0,73,1,1,1,2,1,0,0,2,0,0,0,0,Low,3.8421052631578947,14.58,0.47368421052631576,1.0,0.4794999999999999
28,88,0,2,1,8.0,93,1,1,3,0,1,0,0,1,0,2,1,1,High,3.206896551724138,24.64,0.27586206896551724,0.75,0.6345000000000001
27,76,2,2,1,9.0,55,1,1,3,0,1,1,1,0,0,0,1,1,Medium,1.9642857142857142,20.52,0.32142857142857145,1.25,0.4825
20,94,2,1,1,8.0,93,0,1,1,1,1,0,1,3,0,1,1,1,High,4.428571428571429,18.8,0.38095238095238093,1.25,0.40950000000000003
19,87,1,1,1,7.0,75,1,1,2,0,0,0,0,3,0,0,1,1,Medium,3.75,16.53,0.35,0.75,0.525
31,88,1,2,0,7.0,83,1,1,0,0,1,1,1,2,0,0,0,0,High,2.59375,27.28,0.21875,1.0,0.482
23,81,2,2,0,5.0,91,0,1,0,2,2,0,2,3,1,0,0,1,High,3.7916666666666665,18.63,0.20833333333333334,1.75,0.36400000000000005
18,95,0,1,1,6.0,65,2,1,1,0,2,0,0,3,0,0,0,1,Medium,3.4210526315789473,17.1,0.3157894736842105,0.5,0.5975
11,70,1,1,0,6.0,98,1,1,3,2,1,1,1,4,0,2,0,1,Low,8.166666666666666,7.7,0.5,1.25,0.6545000000000001
22,75,1,2,0,6.0,54,0,1,4,0,2,0,2,4,0,0,0,0,Medium,2.347826086956522,16.5,0.2608695652173913,1.0,0.366
25,91,2,0,1,7.0,76,0,1,1,0,2,1,2,3,0,1,0,1,High,2.923076923076923,22.75,0.2692307692307692,0.75,0.3415
16,80,0,1,1,7.0,63,2,1,2,0,1,1,1,3,0,0,2,0,Low,3.7058823529411766,12.8,0.4117647058823529,0.5,0.627
22,96,1,2,0,7.0,70,1,0,2,1,1,1,0,4,0,1,1,0,High,3.0434782608695654,21.12,0.30434782608695654,1.0,0.5049999999999999
18,74,1,2,0,8.0,72,2,1,1,0,2,0,0,2,0,1,1,0,Low,3.789473684210526,13.32,0.42105263157894735,1.0,0.6255
19,75,2,2,1,6.0,96,1,1,2,1,1,0,2,4,0,0,0,1,High,4.8,14.25,0.3,1.5,0.609
5,96,1,0,1,8.0,72,0,1,3,1,1,0,0,5,0,0,0,0,Low,12.0,4.8,1.3333333333333333,0.75,0.40049999999999997
19,79,2,2,1,9.0,85,1,1,0,1,1,0,2,2,0,0,1,0,Medium,4.25,15.01,0.45,1.5,0.49
26,81,2,1,1,8.0,98,0,1,1,1,0,1,1,2,1,0,0,1,Medium,3.6296296296296298,21.06,0.2962962962962963,1.25,0.4295
16,73,1,1,1,6.0,75,2,1,3,1,1,0,2,3,0,0,1,1,Low,4.411764705882353,11.68,0.35294117647058826,1.0,0.7125000000000001
20,71,0,1,0,8.0,70,1,1,0,1,2,1,1,3,0,0,2,1,Low,3.3333333333333335,14.2,0.38095238095238093,0.75,0.42999999999999994
15,86,1,2,0,8.0,99,2,1,2,1,1,0,1,5,0,0,0,0,High,6.1875,12.9,0.5,1.25,0.7709999999999999
22,65,2,0,0,8.0,91,1,1,2,2,1,0,0,2,0,1,1,1,Low,3.9565217391304346,14.3,0.34782608695652173,1.25,0.589
19,95,0,2,1,9.0,97,0,1,0,1,1,0,1,2,0,2,0,0,High,4.85,18.05,0.45,1.0,0.388
14,91,1,2,1,8.0,70,1,1,2,0,1,1,1,0,0,2,1,0,Medium,4.666666666666667,12.74,0.5333333333333333,1.0,0.5049999999999999
28,68,0,0,1,9.0,85,1,1,0,1,1,0,0,3,0,2,0,0,Low,2.9310344827586206,19.04,0.3103448275862069,0.5,0.49
26,88,1,2,1,7.0,62,2,0,1,2,2,1,2,2,0,0,0,1,High,2.2962962962962963,22.88,0.25925925925925924,1.25,0.5855
16,84,1,2,1,6.0,93,1,1,0,2,1,0,2,3,0,0,1,0,Medium,5.470588235294118,13.44,0.35294117647058826,1.5,0.522
23,67,1,0,1,9.0,97,1,1,1,1,1,1,2,3,0,1,1,0,Low,4.041666666666667,15.41,0.375,0.75,0.5755
23,71,1,1,1,6.0,63,0,1,1,0,2,0,2,5,0,0,1,0,Low,2.625,16.33,0.25,0.75,0.2895
24,76,2,1,0,10.0,55,0,1,2,0,1,0,2,4,0,0,0,0,Medium,2.2,18.24,0.4,1.0,0.29500000000000004
10,88,0,1,0,9.0,60,1,1,1,0,1,0,2,3,0,0,1,1,Low,5.454545454545454,8.8,0.8181818181818182,0.5,0.4275
26,86,0,2,1,7.0,82,1,1,2,0,1,1,2,3,0,0,1,1,High,3.037037037037037,22.36,0.25925925925925924,0.75,0.5529999999999999
17,81,2,1,0,9.0,64,1,1,0,2,1,0,2,3,1,0,2,0,Low,3.5555555555555554,13.77,0.5,1.5,0.406
18,91,1,2,0,8.0,82,1,1,3,1,1,1,2,2,0,0,1,0,High,4.315789473684211,16.38,0.42105263157894735,1.25,0.5905
36,90,1,2,1,5.0,68,0,1,1,0,2,0,2,2,0,0,1,0,High,1.837837837837838,32.4,0.13513513513513514,1.0,0.3095
22,85,2,1,1,6.0,96,1,1,0,0,1,0,1,3,0,0,1,1,Medium,4.173913043478261,18.7,0.2608695652173913,1.0,0.534
18,91,2,1,0,7.0,73,0,1,0,0,1,0,0,4,0,1,0,0,Medium,3.8421052631578947,16.38,0.3684210526315789,1.0,0.292
7,73,1,1,1,7.0,75,1,1,1,2,2,1,2,3,0,1,0,0,Low,9.375,5.11,0.875,1.25,0.48750000000000004
28,95,2,1,0,9.0,67,0,1,2,1,1,0,1,3,0,0,0,0,High,2.310344827586207,26.6,0.3103448275862069,1.25,0.343
12,85,1,1,1,7.0,54,1,1,4,0,2,0,2,3,0,1,1,0,Low,4.153846153846154,10.2,0.5384615384615384,0.75,0.516
14,93,1,0,1,5.0,75,0,1,0,1,2,0,0,3,0,0,1,0,Low,5.0,13.02,0.3333333333333333,0.75,0.30000000000000004
18,82,2,0,1,6.0,89,2,1,0,1,1,1,2,1,1,1,1,0,Low,4.684210526315789,14.76,0.3157894736842105,1.0,0.656
28,69,1,0,0,8.0,98,1,1,0,1,1,0,2,5,0,0,0,0,Medium,3.3793103448275863,19.32,0.27586206896551724,0.75,0.542
25,82,1,2,0,4.0,54,1,1,0,1,1,0,1,3,0,0,0,0,Medium,2.076923076923077,20.5,0.15384615384615385,1.25,0.366
19,75,1,1,1,5.0,90,2,1,0,1,1,1,0,3,0,2,0,1,Low,4.5,14.25,0.25,1.0,0.66
22,88,1,0,1,6.0,63,0,1,3,0,1,0,2,3,0,2,0,0,Medium,2.739130434782609,19.36,0.2608695652173913,0.5,0.3645
16,79,1,1,1,8.0,91,1,1,4,2,1,1,2,1,0,2,0,0,Medium,5.352941176470588,12.64,0.47058823529411764,1.25,0.664
21,93,1,0,0,7.0,67,2,1,2,0,1,0,1,3,0,1,2,1,Medium,3.0454545454545454,19.53,0.3181818181818182,0.5,0.643
20,87,0,0,0,8.0,56,1,0,1,2,1,0,0,1,0,1,0,1,Low,2.6666666666666665,17.4,0.38095238095238093,0.5,0.4115
26,87,1,1,1,7.0,81,1,1,1,2,1,0,0,2,0,0,0,0,High,3.0,22.62,0.25925925925925924,1.25,0.5115000000000001
26,69,1,1,0,7.0,95,1,1,1,0,1,0,0,4,0,2,0,1,Medium,3.5185185185185186,17.94,0.25925925925925924,0.75,0.5675
23,99,0,1,0,6.0,59,1,1,1,1,1,0,2,3,0,0,2,0,Medium,2.4583333333333335,22.77,0.25,0.75,0.4235
18,94,1,1,1,8.0,51,1,1,0,2,1,0,2,3,1,1,1,1,Medium,2.6842105263157894,16.92,0.42105263157894735,1.25,0.354
24,92,2,1,1,5.0,94,0,1,1,1,1,0,1,2,0,2,0,1,High,3.76,22.08,0.2,1.25,0.4135
19,73,1,1,1,7.0,85,1,1,1,1,1,0,1,3,0,0,2,0,Low,4.25,13.87,0.35,1.0,0.5275
14,81,1,1,0,9.0,90,1,1,3,2,2,0,1,3,0,2,0,0,Medium,6.0,11.34,0.6,1.25,0.6225
18,65,1,1,1,6.0,53,1,1,1,1,1,1,2,3,1,2,0,0,Low,2.789473684210526,11.7,0.3157894736842105,1.0,0.39949999999999997
21,82,1,1,0,5.0,95,1,1,3,0,0,0,2,4,0,0,0,1,Medium,4.318181818181818,17.22,0.22727272727272727,0.75,0.6425000000000001
25,66,1,2,0,4.0,71,2,1,0,1,1,0,0,3,1,0,0,1,Low,2.730769230769231,16.5,0.15384615384615385,1.25,0.584
19,82,0,2,0,8.0,95,1,1,2,0,2,0,1,4,1,2,1,1,Medium,4.75,15.58,0.4,0.75,0.605
13,86,1,2,1,8.0,53,1,1,2,0,2,0,2,4,0,0,2,0,Low,3.7857142857142856,11.18,0.5714285714285714,1.0,0.437
20,76,1,1,0,6.0,94,0,1,2,0,2,0,1,3,1,0,1,0,Low,4.476190476190476,15.2,0.2857142857142857,0.75,0.451
21,80,1,1,1,5.0,84,0,1,4,0,1,1,1,2,0,2,0,1,Medium,3.8181818181818183,16.8,0.22727272727272727,0.75,0.486
21,95,0,1,0,7.0,78,2,1,2,0,2,0,1,2,1,0,0,0,Medium,3.5454545454545454,19.95,0.3181818181818182,0.5,0.687
26,64,0,2,1,9.0,53,1,0,2,0,2,0,0,4,0,1,0,0,Low,1.962962962962963,16.64,0.3333333333333333,0.5,0.437
26,92,2,2,0,5.0,84,2,1,0,1,2,0,1,2,0,2,0,0,High,3.111111111111111,23.92,0.18518518518518517,1.5,0.636
16,67,1,1,0,9.0,80,1,1,1,0,2,0,1,3,0,0,0,1,Low,4.705882352941177,10.72,0.5294117647058824,0.75,0.5075000000000001
16,61,1,0,0,4.0,86,1,1,3,1,2,0,2,4,0,0,0,1,Low,5.0588235294117645,9.76,0.23529411764705882,0.75,0.6065
14,67,2,1,1,5.0,86,1,0,0,2,1,0,2,4,0,1,1,1,Low,5.733333333333333,9.38,0.3333333333333333,1.25,0.494
24,91,1,1,1,7.0,72,1,1,3,1,2,0,1,3,0,0,1,0,High,2.88,21.84,0.28,1.0,0.5505
29,76,0,2,1,8.0,60,1,1,2,1,1,0,0,3,0,0,0,1,Medium,2.0,22.04,0.26666666666666666,1.0,0.465
18,95,1,1,1,9.0,96,0,1,4,1,1,0,0,4,0,1,0,1,High,5.052631578947368,17.1,0.47368421052631576,1.0,0.534
19,81,1,0,1,8.0,96,2,1,1,0,1,1,0,4,0,2,0,0,Medium,4.8,15.39,0.4,0.5,0.7214999999999999
29,61,1,2,0,9.0,61,1,1,0,0,1,1,0,3,0,0,0,0,Low,2.033333333333333,17.69,0.3,1.0,0.394
23,89,1,0,0,7.0,82,1,1,2,2,2,0,2,1,0,1,0,0,High,3.4166666666666665,20.47,0.2916666666666667,1.0,0.5529999999999999
23,64,2,1,1,6.0,60,0,1,2,1,1,0,0,3,0,1,0,1,Low,2.5,14.72,0.25,1.25,0.315
13,92,2,1,0,9.0,93,2,1,2,2,1,0,0,2,0,1,1,0,Medium,6.642857142857143,11.96,0.6428571428571429,1.5,0.747
24,67,2,1,0,9.0,55,2,1,2,0,0,0,2,2,0,1,1,0,Low,2.2,16.08,0.36,1.0,0.595
14,74,2,1,0,8.0,100,1,1,1,0,1,0,1,3,0,1,0,0,Low,6.666666666666667,10.36,0.5333333333333333,1.0,0.5875
13,90,2,1,0,8.0,81,1,1,0,1,1,0,2,3,0,0,1,1,Medium,5.785714285714286,11.7,0.5714285714285714,1.25,0.4740000000000001
18,98,1,0,0,9.0,51,1,1,1,2,1,0,1,4,0,1,0,0,Medium,2.6842105263157894,17.64,0.47368421052631576,1.0,0.39149999999999996
16,75,1,1,1,8.0,94,1,1,0,1,1,1,2,3,0,0,1,0,Low,5.529411764705882,12.0,0.47058823529411764,1.0,0.526
19,93,1,1,0,7.0,84,2,0,0,1,0,0,1,2,0,1,0,0,Medium,4.2,17.67,0.35,0.75,0.636
11,68,1,2,1,8.0,85,2,0,2,1,1,0,0,2,0,1,0,0,Low,7.083333333333333,7.48,0.6666666666666666,1.0,0.715
26,92,1,1,0,8.0,64,1,1,1,1,1,1,2,5,0,0,0,0,High,2.3703703703703702,23.92,0.2962962962962963,1.0,0.4435
27,86,2,1,0,8.0,67,1,1,1,0,1,0,2,4,0,1,0,0,High,2.392857142857143,23.22,0.2857142857142857,1.0,0.4555
8,68,2,1,1,7.0,96,1,1,2,0,2,0,2,3,0,2,0,1,Low,10.666666666666666,5.44,0.7777777777777778,1.0,0.609
26,72,1,0,0,8.0,82,1,1,2,1,0,0,0,2,0,2,2,1,Low,3.037037037037037,18.72,0.2962962962962963,0.75,0.5529999999999999
15,65,1,0,1,8.0,51,1,1,1,2,1,0,2,3,0,0,1,1,Low,3.1875,9.75,0.5,1.0,0.39149999999999996
25,75,2,2,1,7.0,66,0,1,0,0,2,0,0,4,0,0,0,0,Medium,2.5384615384615383,18.75,0.2692307692307692,1.25,0.264
20,68,0,1,1,6.0,80,0,1,4,0,1,1,1,4,0,1,0,1,Low,3.8095238095238093,13.6,0.2857142857142857,0.5,0.4700000000000001
20,86,0,1,0,9.0,57,1,1,0,1,2,0,2,4,0,0,1,0,Low,2.7142857142857144,17.2,0.42857142857142855,0.75,0.378
19,100,2,0,1,5.0,55,0,1,2,0,1,0,2,4,0,0,1,0,Medium,2.75,19.0,0.25,0.75,0.29500000000000004
27,60,2,2,0,6.0,53,0,1,3,0,0,1,2,2,0,0,1,1,Low,1.8928571428571428,16.2,0.21428571428571427,1.25,0.3245
13,82,1,2,0,7.0,82,1,1,1,0,0,0,2,3,0,0,0,1,Low,5.857142857142857,10.66,0.5,1.0,0.5155
24,83,2,1,0,4.0,66,2,1,2,1,2,1,2,4,1,2,1,0,High,2.64,19.92,0.16,1.25,0.639
27,97,1,1,0,9.0,69,1,1,1,0,1,1,1,2,0,0,1,1,High,2.4642857142857144,26.19,0.32142857142857145,0.75,0.4634999999999999
24,80,1,1,1,7.0,53,1,1,2,0,1,0,2,4,1,0,0,1,Medium,2.12,19.2,0.28,0.75,0.437
34,82,1,2,1,9.0,87,2,1,3,0,1,0,2,4,0,0,0,1,High,2.4857142857142858,27.88,0.2571428571428571,1.0,0.7605
17,79,0,0,1,10.0,88,0,1,3,1,2,1,1,3,0,0,1,1,Low,4.888888888888889,13.43,0.5555555555555556,0.5,0.4645
26,71,1,1,1,7.0,91,1,0,2,0,1,1,1,3,0,0,1,1,Low,3.3703703703703702,18.46,0.25925925925925924,0.5,0.589
19,62,2,1,1,9.0,83,2,1,2,1,1,0,2,3,0,1,0,0,Medium,4.15,11.78,0.45,1.25,0.707
27,76,1,1,1,5.0,89,0,1,0,0,1,1,2,4,0,2,2,0,Medium,3.1785714285714284,20.52,0.17857142857142858,0.75,0.35600000000000004
20,62,0,1,0,8.0,79,2,1,2,0,1,0,2,1,0,0,0,1,Low,3.761904761904762,12.4,0.38095238095238093,0.5,0.6910000000000001
18,82,1,1,1,6.0,75,1,1,0,0,1,1,0,4,0,1,0,0,Low,3.9473684210526314,14.76,0.3157894736842105,0.75,0.45000000000000007
28,72,0,1,0,8.0,63,0,1,1,0,2,0,1,2,0,0,0,0,Low,2.1724137931034484,20.16,0.27586206896551724,0.5,0.2895
17,81,2,0,1,8.0,53,2,1,0,1,1,0,1,2,0,0,2,0,Low,2.9444444444444446,13.77,0.4444444444444444,1.0,0.512
12,65,1,1,0,7.0,65,1,1,2,1,1,0,1,2,0,0,0,0,Low,5.0,7.8,0.5384615384615384,1.0,0.48500000000000004
17,97,1,1,1,8.0,84,1,0,3,0,0,1,1,3,0,2,0,1,High,4.666666666666667,16.49,0.4444444444444444,0.5,0.5985
24,96,1,1,0,8.0,96,1,1,2,0,0,0,2,3,0,1,0,1,High,3.84,23.04,0.32,0.75,0.609
28,68,2,1,1,7.0,63,1,1,0,0,2,0,0,2,0,1,0,0,Medium,2.1724137931034484,19.04,0.2413793103448276,1.0,0.402
21,74,1,2,1,10.0,83,0,1,1,2,1,0,1,3,0,0,1,1,Medium,3.772727272727273,15.54,0.45454545454545453,1.5,0.3695
28,85,1,1,1,7.0,74,1,1,1,1,2,0,2,3,0,2,0,1,High,2.5517241379310347,23.8,0.2413793103448276,1.0,0.48349999999999993
12,64,2,2,1,9.0,81,1,0,1,2,2,0,1,3,0,0,1,0,Low,6.230769230769231,7.68,0.6923076923076923,1.5,0.5115000000000001
17,74,0,1,0,9.0,50,1,1,0,0,2,0,0,2,0,0,2,1,Low,2.7777777777777777,12.58,0.5,0.5,0.35
18,70,1,1,1,4.0,56,1,1,1,2,2,0,1,4,0,0,0,0,Low,2.9473684210526314,12.6,0.21052631578947367,1.25,0.4115
19,97,2,1,1,9.0,61,2,1,2,1,2,0,1,1,0,2,1,0,High,3.05,18.43,0.45,1.25,0.619
21,94,1,2,0,9.0,95,0,1,0,1,2,1,0,3,0,0,0,0,High,4.318181818181818,19.74,0.4090909090909091,1.25,0.38
24,83,2,1,1,7.0,52,2,1,1,1,2,0,2,4,0,1,0,1,High,2.08,19.92,0.28,1.25,0.5455
17,81,0,1,1,8.0,78,0,1,1,0,2,1,2,4,0,1,1,0,Low,4.333333333333333,13.77,0.4444444444444444,0.5,0.34950000000000003
21,97,0,1,1,8.0,96,2,1,2,0,2,0,2,4,0,1,1,1,High,4.363636363636363,20.37,0.36363636363636365,0.5,0.7589999999999999
20,97,0,1,1,9.0,83,2,1,3,1,2,0,2,3,0,2,0,1,High,3.9523809523809526,19.4,0.42857142857142855,0.75,0.7444999999999999
14,99,2,1,1,6.0,74,1,1,2,1,1,0,1,3,0,1,0,0,High,4.933333333333334,13.86,0.4,1.25,0.5209999999999999
19,65,2,0,0,9.0,69,1,1,4,0,2,0,1,2,0,1,2,0,Low,3.45,12.35,0.45,0.75,0.576
19,66,1,2,1,5.0,81,1,1,1,2,1,1,2,3,0,1,1,0,Low,4.05,12.54,0.25,1.5,0.5115000000000001
19,87,1,1,0,4.0,74,2,1,1,2,1,0,2,3,0,1,0,0,Medium,3.7,16.53,0.2,1.25,0.6335
20,82,0,1,0,8.0,85,0,1,1,1,2,1,1,3,1,2,0,1,Low,4.0476190476190474,16.4,0.38095238095238093,0.75,0.3775
20,61,1,2,0,9.0,81,1,1,0,2,2,0,1,2,1,0,0,0,Low,3.857142857142857,12.2,0.42857142857142855,1.5,0.4740000000000001
17,62,1,1,1,7.0,78,1,1,0,1,2,0,0,3,0,0,0,0,Low,4.333333333333333,10.54,0.3888888888888889,1.0,0.4620000000000001
28,96,2,0,1,4.0,98,2,1,1,2,2,0,2,3,0,0,0,0,High,3.3793103448275863,26.88,0.13793103448275862,1.25,0.7294999999999999
13,95,2,2,1,5.0,92,0,1,1,1,1,1,2,2,0,1,0,1,High,6.571428571428571,12.35,0.35714285714285715,1.5,0.4055
16,74,2,1,0,8.0,80,1,1,0,0,1,0,2,4,0,2,0,1,Low,4.705882352941177,11.84,0.47058823529411764,1.0,0.4700000000000001
37,96,1,1,0,7.0,77,1,1,2,1,1,0,2,3,0,0,1,1,High,2.026315789473684,35.52,0.18421052631578946,1.0,0.533
14,84,2,1,1,9.0,86,2,1,1,0,1,1,2,4,0,0,0,1,Medium,5.733333333333333,11.76,0.6,1.0,0.6815
12,92,1,1,0,7.0,90,1,1,2,1,2,0,0,5,0,0,0,0,Medium,6.923076923076923,11.04,0.5384615384615384,1.0,0.585
24,77,1,0,1,6.0,65,2,1,2,1,2,1,2,3,0,0,0,0,Medium,2.6,18.48,0.24,0.75,0.635
8,65,1,1,0,7.0,83,0,1,3,1,1,0,0,4,0,0,0,1,Low,9.222222222222221,5.2,0.7777777777777778,1.0,0.4445
19,77,1,0,0,9.0,57,0,1,4,1,1,0,1,3,1,0,0,1,Low,2.85,14.63,0.45,0.75,0.378
33,78,1,1,0,9.0,72,1,1,4,1,1,0,2,3,0,0,1,0,High,2.1176470588235294,25.74,0.2647058823529412,1.0,0.588
11,82,2,2,0,7.0,97,0,1,2,2,1,0,2,3,0,1,0,0,Medium,8.083333333333334,9.02,0.5833333333333334,1.75,0.463
8,64,1,1,1,7.0,66,1,1,1,0,1,1,2,3,0,1,0,0,Low,7.333333333333333,5.12,0.7777777777777778,0.75,0.4515
11,100,2,2,1,8.0,58,2,1,1,0,1,1,2,3,0,1,0,1,High,4.833333333333333,11.0,0.6666666666666666,1.25,0.5695
25,70,0,1,1,6.0,57,1,1,4,1,1,1,1,3,0,0,0,0,Low,2.1923076923076925,17.5,0.23076923076923078,0.75,0.528
27,68,2,1,0,8.0,70,2,1,0,1,1,1,2,3,0,2,0,0,Medium,2.5,18.36,0.2857142857142857,1.25,0.58
17,81,2,0,0,7.0,61,1,1,2,2,1,0,2,2,0,1,0,1,Medium,3.388888888888889,13.77,0.3888888888888889,1.25,0.46900000000000003
24,81,1,1,1,7.0,71,2,1,1,1,2,0,1,3,0,1,0,0,High,2.84,19.44,0.28,1.0,0.6214999999999999
28,78,2,1,1,7.0,86,0,1,0,0,2,0,1,2,0,1,1,0,Medium,2.9655172413793105,21.84,0.2413793103448276,1.0,0.34400000000000003
31,91,1,2,1,7.0,94,2,1,2,2,2,0,0,3,0,0,2,0,High,2.9375,28.21,0.21875,1.5,0.7509999999999999
19,81,1,0,1,10.0,56,0,1,1,1,2,0,2,3,0,0,0,0,Low,2.8,15.39,0.5,0.75,0.2615
6,84,1,1,1,6.0,88,1,1,1,0,1,1,2,5,0,2,1,0,Low,12.571428571428571,5.04,0.8571428571428571,0.75,0.5395
15,89,1,0,0,6.0,55,1,1,1,1,1,0,2,4,0,2,1,0,Low,3.4375,13.35,0.375,0.75,0.4075
17,61,2,1,1,9.0,69,2,1,1,1,2,0,2,3,0,0,2,0,Low,3.8333333333333335,10.37,0.5,1.25,0.6134999999999999
18,83,0,1,0,8.0,100,1,1,1,0,2,1,0,2,0,0,0,1,Low,5.2631578947368425,14.94,0.42105263157894735,0.5,0.5875
19,95,1,2,1,8.0,53,1,1,3,0,1,0,2,1,0,0,1,1,High,2.65,18.05,0.4,1.0,0.4745
27,61,2,0,0,5.0,51,2,1,1,0,1,1,2,1,0,1,2,0,Low,1.8214285714285714,16.47,0.17857142857142858,0.75,0.5415
28,76,0,0,0,7.0,67,2,1,1,2,0,0,0,4,0,1,0,0,Low,2.310344827586207,21.28,0.2413793103448276,0.75,0.6055
19,97,0,1,1,8.0,98,0,1,1,1,1,0,2,3,0,1,0,1,High,4.9,18.43,0.4,0.75,0.4295
27,74,1,2,0,6.0,51,2,1,2,1,1,1,2,4,0,0,2,0,Medium,1.8214285714285714,19.98,0.21428571428571427,1.25,0.579
22,78,1,1,1,8.0,61,1,1,2,2,1,0,2,5,0,0,1,0,Medium,2.652173913043478,17.16,0.34782608695652173,1.25,0.46900000000000003
20,99,0,1,0,7.0,80,2,1,0,1,2,0,0,3,0,2,0,0,High,3.8095238095238093,19.8,0.3333333333333333,0.75,0.6200000000000001
25,68,0,1,0,6.0,62,0,1,1,0,2,1,0,4,0,1,1,1,Low,2.3846153846153846,17.0,0.23076923076923078,0.5,0.2855
20,63,0,0,0,9.0,53,0,1,1,1,1,0,2,4,0,0,0,0,Low,2.5238095238095237,12.6,0.42857142857142855,0.5,0.24950000000000003
32,94,1,2,1,9.0,53,1,1,1,1,1,0,1,3,0,0,0,1,High,1.606060606060606,30.08,0.2727272727272727,1.25,0.39949999999999997
11,95,1,1,1,7.0,78,0,1,4,1,1,1,0,4,0,0,0,1,Medium,6.5,10.45,0.5833333333333334,1.0,0.4620000000000001
17,79,2,2,1,8.0,78,1,1,2,2,1,0,2,5,0,0,0,1,High,4.333333333333333,13.43,0.4444444444444444,1.75,0.537
19,81,1,1,1,9.0,85,1,1,1,0,1,0,1,1,0,0,1,0,Low,4.25,15.39,0.45,0.75,0.5275
23,93,2,1,0,6.0,57,1,1,1,2,1,0,2,2,0,2,0,1,High,2.375,21.39,0.25,1.5,0.4155
28,90,2,0,1,8.0,75,1,1,1,0,2,0,1,3,1,0,1,0,High,2.586206896551724,25.2,0.27586206896551724,0.75,0.48750000000000004
20,71,2,2,1,6.0,80,1,1,2,2,0,0,2,3,0,0,0,0,Medium,3.8095238095238093,14.2,0.2857142857142857,1.75,0.545
11,61,1,1,1,5.0,61,1,1,3,1,2,0,1,0,1,2,0,0,Low,5.083333333333333,6.71,0.4166666666666667,1.0,0.5065
25,79,2,1,0,6.0,77,0,0,2,0,2,0,1,3,0,0,0,0,Medium,2.9615384615384617,19.75,0.23076923076923078,0.75,0.38300000000000006
25,94,2,2,0,5.0,85,2,1,1,1,1,0,1,2,0,1,0,1,High,3.269230769230769,23.5,0.19230769230769232,1.5,0.6775
8,96,1,1,1,8.0,100,2,1,1,2,1,0,0,4,0,0,1,0,Medium,11.11111111111111,7.68,0.8888888888888888,1.25,0.7374999999999999
20,98,0,1,1,6.0,80,0,1,4,1,1,0,2,4,0,1,0,0,High,3.8095238095238093,19.6,0.2857142857142857,0.75,0.4700000000000001
10,95,1,2,1,5.0,93,2,1,0,0,2,0,2,3,0,0,1,0,Medium,8.454545454545455,9.5,0.45454545454545453,1.0,0.672
16,83,0,1,1,8.0,92,0,1,2,2,2,0,2,4,0,2,0,1,High,5.411764705882353,13.28,0.47058823529411764,1.0,0.44300000000000006
15,78,1,1,0,8.0,97,1,1,1,1,1,0,1,4,0,2,0,0,Medium,6.0625,11.7,0.5,1.0,0.5755
25,91,1,0,0,7.0,86,1,1,0,1,1,0,1,5,0,0,0,1,High,3.3076923076923075,22.75,0.2692307692307692,0.75,0.494
21,90,1,1,0,8.0,61,1,1,1,2,1,0,2,4,0,2,1,1,Medium,2.772727272727273,18.9,0.36363636363636365,1.25,0.4315
12,82,2,0,0,6.0,65,0,1,3,1,1,1,0,3,0,0,0,1,Low,5.0,9.84,0.46153846153846156,1.0,0.3725
25,63,1,0,0,6.0,89,2,1,1,1,2,1,1,4,0,0,1,0,Low,3.423076923076923,15.75,0.23076923076923078,0.75,0.6935
11,97,1,1,0,8.0,76,2,1,2,1,2,0,2,2,0,0,1,1,Medium,6.333333333333333,10.67,0.6666666666666666,1.0,0.679
22,78,1,0,0,9.0,63,2,1,2,1,2,0,1,4,0,0,0,0,Medium,2.739130434782609,17.16,0.391304347826087,0.75,0.627
15,75,1,2,0,6.0,83,0,1,1,2,1,1,0,2,0,0,0,1,Low,5.1875,11.25,0.375,1.5,0.3695
18,85,1,2,1,6.0,95,2,1,2,0,0,1,2,4,0,1,0,1,High,5.0,15.3,0.3157894736842105,1.0,0.7549999999999999
23,87,2,0,0,8.0,68,1,1,0,2,2,1,1,3,0,1,2,0,Medium,2.8333333333333335,20.01,0.3333333333333333,1.25,0.42200000000000004
23,68,1,1,1,8.0,80,1,1,1,1,0,0,1,1,0,0,0,1,Low,3.3333333333333335,15.64,0.3333333333333333,1.0,0.5075000000000001
28,93,1,1,0,7.0,79,2,1,0,1,1,0,2,4,0,2,0,0,High,2.7241379310344827,26.04,0.2413793103448276,1.0,0.6160000000000001
20,72,1,1,1,9.0,56,1,1,4,2,1,0,0,2,0,0,0,0,Low,2.6666666666666665,14.4,0.42857142857142855,1.25,0.524
22,67,2,2,1,10.0,55,1,1,1,0,1,0,2,2,0,0,1,0,Low,2.391304347826087,14.74,0.43478260869565216,1.25,0.4075
17,76,2,1,1,8.0,94,1,1,3,1,1,0,1,4,0,0,1,1,Medium,5.222222222222222,12.92,0.4444444444444444,1.25,0.6385000000000001
21,89,1,1,0,6.0,97,1,0,1,0,1,1,0,3,0,2,2,1,Medium,4.409090909090909,18.69,0.2727272727272727,0.5,0.5755
23,99,1,1,0,8.0,95,2,1,5,1,1,0,1,4,0,0,1,1,High,3.9583333333333335,22.77,0.3333333333333333,1.0,0.8674999999999999
19,92,2,1,0,6.0,70,2,1,2,1,1,1,0,3,0,0,0,1,High,3.5,17.48,0.3,1.25,0.6549999999999999
9,98,1,1,1,9.0,64,1,1,1,0,1,1,0,3,0,0,0,0,Medium,6.4,8.82,0.9,0.75,0.4435
22,66,1,1,1,6.0,97,0,1,0,2,0,0,1,3,0,0,1,1,Low,4.217391304347826,14.52,0.2608695652173913,1.25,0.388
22,63,0,0,1,7.0,94,1,1,0,1,1,0,0,3,1,0,2,0,Low,4.086956521739131,13.86,0.30434782608695654,0.5,0.526
16,82,1,1,0,6.0,91,1,1,0,0,1,0,2,3,0,0,0,1,Low,5.352941176470588,13.12,0.35294117647058826,0.75,0.514
12,72,1,1,0,7.0,67,0,1,0,0,1,0,2,2,0,0,0,1,Low,5.153846153846154,8.64,0.5384615384615384,0.75,0.268
29,93,1,2,0,7.0,82,1,1,5,0,1,0,0,3,0,0,1,0,High,2.7333333333333334,26.97,0.23333333333333334,1.0,0.6655
23,87,0,1,0,8.0,88,2,1,2,1,2,0,1,3,0,0,0,0,High,3.6666666666666665,20.01,0.3333333333333333,0.75,0.727
19,99,1,1,0,7.0,79,1,1,2,0,1,1,1,2,0,2,0,0,High,3.95,18.81,0.35,0.75,0.541
13,70,1,0,1,7.0,80,2,1,1,2,1,0,2,4,0,1,2,1,Low,5.714285714285714,9.1,0.5,1.0,0.6575000000000001
15,79,2,1,1,6.0,88,1,1,3,2,1,0,1,3,0,2,1,0,Medium,5.5,11.85,0.375,1.5,0.6145
28,80,2,2,0,7.0,88,1,1,2,2,1,0,0,2,0,0,0,0,High,3.0344827586206895,22.4,0.2413793103448276,1.75,0.577
21,70,1,2,1,5.0,62,1,1,2,0,2,0,1,2,0,0,0,1,Low,2.8181818181818183,14.7,0.22727272727272727,1.0,0.47300000000000003
17,84,2,2,0,9.0,70,1,1,1,2,1,0,0,4,0,0,0,0,Medium,3.888888888888889,14.28,0.5,1.75,0.4674999999999999
23,78,1,2,0,7.0,89,1,1,1,1,0,0,1,3,0,0,2,0,Medium,3.7083333333333335,17.94,0.2916666666666667,1.25,0.5435
15,78,1,2,1,9.0,63,1,0,2,1,1,1,2,3,0,2,2,1,Low,3.9375,11.7,0.5625,1.0,0.47700000000000004
29,75,0,1,1,7.0,96,0,1,2,0,1,0,2,3,0,0,1,0,Medium,3.2,21.75,0.23333333333333334,0.5,0.459
28,61,2,1,1,4.0,92,0,1,1,1,2,1,1,4,0,1,0,1,Medium,3.1724137931034484,17.08,0.13793103448275862,1.25,0.4055
17,81,2,1,0,6.0,95,2,1,2,1,1,1,2,3,0,0,0,0,Medium,5.277777777777778,13.77,0.3333333333333333,1.25,0.7549999999999999
16,73,2,2,1,7.0,65,0,1,1,1,1,1,2,4,0,1,1,0,Low,3.823529411764706,11.68,0.4117647058823529,1.5,0.2975
4,60,1,1,1,7.0,55,1,1,2,0,1,1,1,2,0,2,0,0,Low,11.0,2.4,1.4,0.75,0.445
11,72,2,0,0,8.0,55,2,1,0,1,0,0,1,3,1,1,0,0,Low,4.583333333333333,7.92,0.6666666666666666,1.0,0.52
12,71,2,2,1,7.0,78,2,1,3,0,1,0,2,4,0,1,1,1,Medium,6.0,8.52,0.5384615384615384,1.25,0.7245000000000001
21,76,1,1,1,6.0,65,0,1,2,0,2,0,0,2,0,0,0,1,Low,2.9545454545454546,15.96,0.2727272727272727,0.75,0.335
18,65,2,1,1,6.0,63,2,1,1,0,1,0,0,2,0,0,2,0,Low,3.3157894736842106,11.7,0.3157894736842105,1.0,0.5895
12,80,1,2,1,6.0,61,1,1,0,2,2,1,1,2,0,0,0,0,Low,4.6923076923076925,9.6,0.46153846153846156,1.5,0.394
18,88,2,2,0,8.0,78,1,1,0,1,1,0,1,2,0,1,1,0,Medium,4.105263157894737,15.84,0.42105263157894735,1.5,0.4620000000000001
23,85,0,2,0,8.0,77,1,1,0,2,1,0,2,4,0,1,0,0,High,3.2083333333333335,19.55,0.3333333333333333,1.25,0.4580000000000001
23,92,0,2,1,6.0,71,2,1,2,0,1,0,2,2,0,0,1,0,High,2.9583333333333335,21.16,0.25,0.75,0.6589999999999999
9,78,2,1,0,9.0,57,0,1,1,0,2,0,2,5,0,0,1,1,Low,5.7,7.02,0.9,1.0,0.26549999999999996
19,81,0,1,1,8.0,96,2,1,0,1,2,0,1,4,0,2,0,0,Medium,4.8,15.39,0.4,0.75,0.6839999999999999
12,92,0,1,0,6.0,71,0,1,0,1,2,1,0,4,0,0,0,0,Low,5.461538461538462,11.04,0.46153846153846156,0.75,0.284
25,77,1,2,0,7.0,56,1,1,1,0,1,0,2,3,0,2,0,0,Medium,2.1538461538461537,19.25,0.2692307692307692,1.0,0.4115
25,88,2,1,1,8.0,52,0,1,1,1,1,0,2,2,0,0,0,0,High,2.0,22.0,0.3076923076923077,1.25,0.24550000000000002
15,77,1,1,1,5.0,58,1,1,1,0,1,0,2,3,0,1,1,1,Low,3.625,11.55,0.3125,0.75,0.4195
15,77,2,1,1,5.0,65,0,0,2,0,1,0,2,4,1,2,0,0,Low,4.0625,11.55,0.3125,0.75,0.335
17,90,2,1,0,8.0,82,1,1,0,1,2,0,1,4,0,1,0,0,High,4.555555555555555,15.3,0.4444444444444444,1.25,0.478
6,67,1,0,1,6.0,99,0,1,0,1,1,1,1,2,0,1,0,0,Low,14.142857142857142,4.02,0.8571428571428571,0.75,0.396
22,74,1,2,1,9.0,64,2,1,3,1,1,0,1,3,0,0,0,1,Medium,2.782608695652174,16.28,0.391304347826087,1.25,0.6685000000000001
18,69,0,0,1,10.0,89,0,1,2,0,2,0,1,1,1,0,1,0,Low,4.684210526315789,12.42,0.5263157894736842,0.25,0.43100000000000005
26,74,1,0,1,8.0,96,1,1,2,1,2,1,1,3,0,0,0,1,Medium,3.5555555555555554,19.24,0.2962962962962963,0.75,0.609
13,69,1,0,0,8.0,70,1,1,1,2,2,1,1,3,0,0,1,0,Low,5.0,8.97,0.5714285714285714,1.0,0.4674999999999999
16,83,0,1,0,5.0,63,0,1,2,2,1,1,2,3,1,0,1,1,Low,3.7058823529411766,13.28,0.29411764705882354,1.0,0.327
11,92,1,1,0,5.0,75,1,1,2,1,1,0,0,3,0,0,0,1,Low,6.25,10.12,0.4166666666666667,1.0,0.525
14,91,1,1,1,7.0,95,1,1,2,2,2,0,2,2,0,0,1,0,High,6.333333333333333,12.74,0.4666666666666667,1.25,0.605
13,75,2,2,1,5.0,51,1,1,3,1,1,1,0,3,0,0,0,1,Low,3.642857142857143,9.75,0.35714285714285715,1.5,0.46649999999999997
26,100,1,2,1,7.0,74,2,1,1,1,1,0,1,2,0,0,0,1,High,2.740740740740741,26.0,0.25925925925925924,1.25,0.6335
16,84,2,1,0,6.0,88,0,1,1,1,1,1,0,1,1,0,0,0,Low,5.176470588235294,13.44,0.35294117647058826,1.25,0.3895
21,76,0,1,1,7.0,80,2,1,3,0,1,0,0,2,1,1,0,0,Low,3.6363636363636362,15.96,0.3181818181818182,0.5,0.7325000000000002
18,93,0,2,0,7.0,75,2,1,1,2,1,1,2,1,0,1,1,1,Medium,3.9473684210526314,16.74,0.3684210526315789,1.25,0.6375000000000001
12,89,1,2,1,8.0,78,0,1,4,0,1,0,1,5,0,2,0,1,Medium,6.0,10.68,0.6153846153846154,1.0,0.4620000000000001
19,90,0,2,0,7.0,81,1,1,2,1,1,1,2,2,0,0,0,1,Medium,4.05,17.1,0.35,1.0,0.549
24,68,2,0,0,6.0,84,1,1,1,0,2,0,2,4,0,0,0,1,Low,3.36,16.32,0.24,0.75,0.5235
13,79,1,0,0,5.0,68,1,0,2,2,1,1,2,3,0,0,0,1,Low,4.857142857142857,10.27,0.35714285714285715,0.75,0.49700000000000005
25,94,1,0,1,7.0,76,1,1,1,0,2,1,1,2,1,0,1,1,Medium,2.923076923076923,23.5,0.2692307692307692,0.5,0.49150000000000005
15,80,1,2,1,4.0,64,1,1,1,1,1,0,1,1,0,0,0,0,Low,4.0,12.0,0.25,1.25,0.4435
17,87,1,1,0,9.0,99,1,1,1,1,0,1,1,3,0,0,1,0,Medium,5.5,14.79,0.5,1.0,0.5835
23,84,1,1,0,8.0,59,0,1,1,0,2,0,2,4,1,2,2,1,Low,2.4583333333333335,19.32,0.3333333333333333,0.75,0.27349999999999997
16,94,0,1,1,8.0,58,1,1,2,0,1,0,2,3,1,1,0,0,Medium,3.411764705882353,15.04,0.47058823529411764,0.5,0.457
20,71,0,2,1,6.0,63,2,1,1,0,1,0,2,2,0,1,1,0,Low,3.0,14.2,0.2857142857142857,0.75,0.5895
18,83,1,2,0,8.0,96,0,1,0,1,2,0,2,4,1,2,0,1,Medium,5.052631578947368,14.94,0.42105263157894735,1.25,0.384
21,65,0,2,0,6.0,83,1,1,3,0,2,0,1,5,0,0,0,0,Low,3.772727272727273,13.65,0.2727272727272727,0.75,0.5945
6,88,2,2,1,7.0,73,1,1,3,0,1,1,1,3,0,1,0,0,Medium,10.428571428571429,5.28,1.0,1.25,0.5545
9,89,1,1,1,6.0,96,1,1,0,2,0,0,0,4,0,0,0,0,Low,9.6,8.01,0.6,1.25,0.534
24,62,0,1,0,7.0,95,1,1,1,2,0,0,2,3,0,1,2,1,Low,3.8,14.88,0.28,1.0,0.5675
26,87,1,2,0,5.0,70,0,1,1,0,1,1,2,2,0,0,0,1,High,2.5925925925925926,22.62,0.18518518518518517,1.0,0.31749999999999995
15,77,1,2,1,7.0,78,1,1,0,0,2,0,1,3,0,0,1,0,Low,4.875,11.55,0.4375,1.0,0.4620000000000001
19,65,0,1,1,5.0,95,1,1,2,1,2,1,1,4,0,1,0,0,Low,4.75,12.35,0.25,0.75,0.605
22,77,0,0,0,10.0,66,1,1,2,0,1,0,2,3,0,1,1,0,Low,2.869565217391304,16.94,0.43478260869565216,0.25,0.48900000000000005
24,68,1,0,1,7.0,70,0,1,1,0,0,0,1,3,0,1,0,0,Low,2.8,16.32,0.28,0.5,0.31749999999999995
8,77,1,0,1,7.0,90,0,1,1,1,1,0,1,0,0,0,1,0,Low,10.0,6.16,0.7777777777777778,0.75,0.3975
15,75,2,1,0,8.0,85,1,1,1,0,2,0,1,3,0,0,0,0,Low,5.3125,11.25,0.5,1.0,0.5275
18,90,2,1,1,5.0,52,0,1,5,1,1,1,2,3,1,0,1,0,Medium,2.736842105263158,16.2,0.2631578947368421,1.25,0.3955
24,91,0,2,1,6.0,56,1,1,1,0,2,0,2,2,0,1,1,0,High,2.24,21.84,0.24,0.75,0.4115
35,84,0,1,1,8.0,92,2,1,6,0,2,0,0,4,0,0,1,0,High,2.5555555555555554,29.4,0.2222222222222222,0.5,0.893
19,61,1,1,0,7.0,51,0,1,1,0,2,0,1,1,0,0,0,1,Low,2.55,11.59,0.35,0.75,0.24150000000000002
12,97,2,0,1,6.0,96,1,1,2,0,2,0,2,2,0,2,0,1,High,7.384615384615385,11.64,0.46153846153846156,0.75,0.609
22,87,2,2,1,8.0,64,1,0,2,1,2,0,0,3,0,0,1,1,High,2.782608695652174,19.14,0.34782608695652173,1.25,0.48100000000000004
28,61,0,1,1,7.0,80,0,1,2,1,1,0,2,4,0,2,0,1,Medium,2.7586206896551726,17.08,0.2413793103448276,0.75,0.3950000000000001
21,93,1,1,1,8.0,78,1,0,0,0,1,1,1,3,0,0,0,0,Medium,3.5454545454545454,19.53,0.36363636363636365,0.5,0.4620000000000001
15,68,2,1,0,8.0,70,1,1,3,1,2,0,0,3,0,0,0,1,Low,4.375,10.2,0.5,1.25,0.5425
26,83,2,0,0,6.0,52,1,1,0,0,2,0,0,3,0,0,0,0,Medium,1.9259259259259258,21.58,0.2222222222222222,0.75,0.358
24,79,0,0,0,7.0,60,0,1,0,0,2,0,1,3,0,2,0,1,Low,2.4,18.96,0.28,0.25,0.24
14,77,1,1,1,4.0,81,0,1,3,1,1,1,1,3,0,1,0,1,Low,5.4,10.78,0.26666666666666666,1.0,0.43650000000000005
22,96,1,1,1,6.0,72,0,1,1,2,1,0,2,4,0,1,0,1,High,3.130434782608696,21.12,0.2608695652173913,1.25,0.32549999999999996
26,77,0,1,1,7.0,71,2,1,3,2,1,0,1,3,0,0,0,1,Medium,2.6296296296296298,20.02,0.25925925925925924,1.0,0.6964999999999999
27,63,1,1,1,8.0,55,0,1,1,1,1,1,1,3,0,2,0,1,Low,1.9642857142857142,17.01,0.2857142857142857,1.0,0.2575
20,98,0,2,1,8.0,67,1,1,0,2,1,0,2,3,0,0,0,1,High,3.1904761904761907,19.6,0.38095238095238093,1.25,0.41800000000000004
18,97,2,2,1,6.0,76,1,1,0,1,2,0,1,5,0,0,1,0,High,4.0,17.46,0.3157894736842105,1.5,0.45400000000000007
27,87,2,1,0,6.0,54,1,1,0,1,1,1,2,2,0,0,0,1,High,1.9285714285714286,23.49,0.21428571428571427,1.25,0.366
13,79,2,1,0,9.0,53,1,0,1,1,1,1,2,2,0,1,1,0,Low,3.7857142857142856,10.27,0.6428571428571429,1.0,0.39949999999999997
23,64,1,1,0,7.0,75,1,1,2,1,2,0,2,2,0,0,0,1,Low,3.125,14.72,0.2916666666666667,1.0,0.525
12,92,0,0,1,7.0,78,2,1,3,1,2,0,0,2,0,1,0,0,Medium,6.0,11.04,0.5384615384615384,0.5,0.7245000000000001
26,63,1,2,0,8.0,63,0,1,1,2,2,0,1,3,0,2,0,0,Medium,2.3333333333333335,16.38,0.2962962962962963,1.5,0.2895
18,63,1,1,1,7.0,66,0,1,2,1,1,1,0,2,0,1,0,1,Low,3.473684210526316,11.34,0.3684210526315789,1.0,0.339
28,81,1,2,1,7.0,90,2,1,3,1,1,1,0,3,0,0,1,0,High,3.103448275862069,22.68,0.2413793103448276,1.25,0.7725
23,66,1,2,1,7.0,93,2,1,1,2,2,0,2,1,0,0,0,1,Medium,3.875,15.18,0.2916666666666667,1.5,0.7095
13,60,1,1,1,6.0,66,1,1,1,1,2,0,2,5,1,1,1,0,Low,4.714285714285714,7.8,0.42857142857142855,1.0,0.4515
29,77,1,1,1,7.0,68,2,1,1,1,1,0,2,3,0,0,2,1,Medium,2.2666666666666666,22.33,0.23333333333333334,1.0,0.6095
29,65,1,1,1,4.0,92,1,0,0,1,1,1,2,4,0,0,0,1,Low,3.066666666666667,18.85,0.13333333333333333,0.75,0.518
25,66,1,1,1,6.0,99,1,1,2,1,1,0,2,3,0,1,0,1,Medium,3.8076923076923075,16.5,0.23076923076923078,1.0,0.621
15,63,1,2,0,8.0,66,2,1,1,0,1,1,0,4,0,1,0,0,Low,4.125,9.45,0.5,1.0,0.6015
18,68,1,0,1,8.0,89,1,1,0,1,0,0,0,3,0,1,2,0,Low,4.684210526315789,12.24,0.42105263157894735,0.75,0.506
21,89,1,1,1,9.0,74,2,1,3,0,1,1,2,4,0,0,1,1,High,3.3636363636363638,18.69,0.4090909090909091,0.75,0.7084999999999999
16,92,0,2,1,8.0,63,1,1,2,0,1,0,1,4,0,1,1,0,Medium,3.7058823529411766,14.72,0.47058823529411764,0.75,0.47700000000000004
30,78,1,2,1,8.0,84,1,1,1,2,0,1,0,1,0,1,0,0,High,2.7096774193548385,23.4,0.25806451612903225,1.5,0.5235
21,80,2,0,0,7.0,73,1,1,0,1,0,1,1,2,0,0,1,1,Low,3.3181818181818183,16.8,0.3181818181818182,1.0,0.44199999999999995
4,61,0,2,1,6.0,63,1,1,4,1,1,0,1,3,0,0,1,0,Low,12.6,2.44,1.2,1.0,0.552
22,63,2,0,1,8.0,55,1,1,2,1,1,1,1,4,0,0,0,0,Low,2.391304347826087,13.86,0.34782608695652173,1.0,0.445
18,70,1,2,0,7.0,93,1,1,0,1,2,0,2,3,0,1,0,0,Medium,4.894736842105263,12.6,0.3684210526315789,1.25,0.522
20,82,1,1,0,6.0,94,1,1,3,0,1,1,2,2,0,0,0,0,Medium,4.476190476190476,16.4,0.2857142857142857,0.75,0.6385000000000001
18,90,2,2,1,6.0,54,0,1,1,1,2,0,0,3,0,0,0,1,High,2.8421052631578947,16.2,0.3157894736842105,1.5,0.2535
25,84,1,1,1,7.0,83,2,1,1,0,1,0,2,3,0,0,1,0,High,3.1923076923076925,21.0,0.2692307692307692,0.75,0.6695
27,76,1,1,0,9.0,58,1,1,1,1,1,0,2,3,0,1,0,1,Medium,2.0714285714285716,20.52,0.32142857142857145,1.0,0.4195
22,65,0,1,0,7.0,82,1,1,2,1,2,0,2,4,1,1,0,0,Low,3.5652173913043477,14.3,0.30434782608695654,0.75,0.5529999999999999
18,91,0,1,0,7.0,95,1,1,2,0,2,0,2,2,0,2,0,0,High,5.0,16.38,0.3684210526315789,0.5,0.605
20,75,1,1,0,8.0,63,1,1,4,1,0,0,1,3,0,2,0,0,Medium,3.0,15.0,0.38095238095238093,1.0,0.552
20,89,1,2,0,8.0,67,1,1,2,0,2,0,1,2,1,1,0,0,Medium,3.1904761904761907,17.8,0.38095238095238093,1.0,0.49300000000000005
15,81,1,2,1,7.0,90,2,1,1,0,1,1,2,2,0,2,2,1,Medium,5.625,12.15,0.4375,1.0,0.6975
23,90,2,2,0,7.0,87,2,1,1,0,1,0,1,2,0,0,0,1,High,3.625,20.7,0.2916666666666667,1.25,0.6855
23,96,1,2,0,6.0,70,1,1,1,1,1,0,1,2,0,0,0,0,High,2.9166666666666665,22.08,0.25,1.25,0.4674999999999999
29,97,1,2,1,9.0,92,1,1,2,0,1,0,2,4,0,0,1,1,High,3.066666666666667,28.13,0.3,1.0,0.593
28,81,1,2,0,6.0,96,1,1,0,1,1,0,1,2,0,0,0,0,High,3.310344827586207,22.68,0.20689655172413793,1.25,0.534
16,80,1,1,0,9.0,73,1,1,2,1,1,1,0,4,0,1,0,0,Low,4.294117647058823,12.8,0.5294117647058824,1.0,0.5169999999999999
25,71,1,2,1,7.0,52,2,1,3,0,1,1,1,3,0,0,0,0,Medium,2.0,17.75,0.2692307692307692,1.0,0.6205
14,97,1,1,1,7.0,75,2,1,1,1,1,0,2,4,0,1,0,1,High,5.0,13.58,0.4666666666666667,1.0,0.6375000000000001
24,78,2,2,1,8.0,87,1,1,2,1,1,0,1,3,0,0,0,0,High,3.48,18.72,0.32,1.5,0.573
17,65,1,1,0,6.0,61,1,1,5,0,1,0,2,4,0,0,0,1,Low,3.388888888888889,11.05,0.3333333333333333,0.75,0.5815
14,77,1,1,0,8.0,55,2,1,2,2,2,1,1,4,0,0,0,0,Low,3.6666666666666665,10.78,0.5333333333333333,1.25,0.595
22,65,1,1,1,7.0,64,2,1,1,1,2,1,0,2,0,0,1,0,Low,2.782608695652174,14.3,0.30434782608695654,1.0,0.5935
4,80,0,1,1,8.0,51,1,1,4,1,2,0,0,5,0,0,0,0,Low,10.2,3.2,1.6,0.75,0.504
9,82,2,0,1,6.0,86,1,1,2,0,2,1,0,2,0,1,2,1,Low,8.6,7.38,0.6,0.75,0.569
19,74,1,2,1,6.0,57,2,1,1,1,1,1,2,2,0,0,0,1,Low,2.85,14.06,0.3,1.25,0.5655
20,63,1,1,1,4.0,86,0,1,0,2,1,0,1,3,0,1,0,0,Low,4.095238095238095,12.6,0.19047619047619047,1.25,0.34400000000000003
18,98,2,1,1,6.0,62,0,1,3,1,2,0,2,3,0,0,2,1,High,3.263157894736842,17.64,0.3157894736842105,1.25,0.3605
11,91,2,0,1,6.0,100,0,1,4,0,1,0,0,2,0,2,0,0,Medium,8.333333333333334,10.01,0.5,0.75,0.55
15,94,1,1,1,6.0,77,0,1,3,2,2,1,1,4,0,1,0,1,High,4.8125,14.1,0.375,1.25,0.42050000000000004
22,75,2,1,0,7.0,52,2,1,0,0,1,1,1,3,0,1,0,1,Low,2.260869565217391,16.5,0.30434782608695654,1.0,0.508
23,90,1,1,0,7.0,89,0,1,2,2,1,0,2,4,0,1,1,1,High,3.7083333333333335,20.7,0.2916666666666667,1.25,0.43100000000000005
20,79,1,1,1,8.0,71,1,1,1,1,2,0,1,3,0,1,0,1,Medium,3.380952380952381,15.8,0.38095238095238093,1.0,0.4714999999999999
27,68,0,0,1,8.0,80,2,1,3,1,1,0,2,4,1,0,0,0,Low,2.857142857142857,18.36,0.2857142857142857,0.5,0.7325000000000002
22,65,0,1,0,8.0,98,2,1,4,1,1,1,1,3,0,0,0,1,Low,4.260869565217392,14.3,0.34782608695652173,0.75,0.842
16,74,0,2,0,8.0,76,1,1,5,0,1,0,0,3,0,1,1,0,Low,4.470588235294118,11.84,0.47058823529411764,0.75,0.6415000000000001
18,66,1,1,1,7.0,90,1,1,0,1,1,0,0,4,0,2,0,0,Low,4.7368421052631575,11.88,0.3684210526315789,1.0,0.51
12,100,0,1,1,7.0,65,1,1,1,0,1,1,2,2,0,0,0,0,Medium,5.0,12.0,0.5384615384615384,0.5,0.4475
19,62,1,1,1,8.0,86,0,1,1,2,1,0,2,3,0,1,0,0,Low,4.3,11.78,0.4,1.25,0.3815
27,78,1,1,1,8.0,55,0,1,3,2,1,0,1,2,0,2,1,0,Medium,1.9642857142857142,21.06,0.2857142857142857,1.25,0.3325
24,78,2,1,1,5.0,95,0,1,1,0,1,1,2,2,0,1,0,0,Medium,3.8,18.72,0.2,1.0,0.4175
28,72,0,1,1,7.0,60,1,1,4,2,1,0,1,3,0,2,0,0,Medium,2.0689655172413794,20.16,0.2413793103448276,1.0,0.54
18,83,1,2,0,4.0,65,0,1,3,0,1,0,2,4,0,1,1,0,Medium,3.4210526315789473,14.94,0.21052631578947367,1.0,0.3725
28,66,1,0,1,4.0,98,1,1,0,1,2,0,2,3,0,0,0,1,Medium,3.3793103448275863,18.48,0.13793103448275862,0.75,0.542
19,91,1,0,0,6.0,58,2,1,2,0,2,0,2,3,0,1,1,0,Medium,2.9,17.29,0.3,0.5,0.607
29,73,0,0,1,7.0,63,1,1,1,0,1,0,0,4,0,2,2,1,Low,2.1,21.17,0.23333333333333334,0.25,0.4395
20,84,2,1,1,6.0,79,1,1,3,1,1,0,0,3,0,1,1,0,Medium,3.761904761904762,16.8,0.2857142857142857,1.25,0.5785
24,89,1,0,0,4.0,99,2,1,1,2,2,1,2,3,0,2,0,0,High,3.96,21.36,0.16,1.0,0.7334999999999999
29,96,2,1,0,8.0,85,0,1,3,2,1,0,1,3,0,2,0,0,High,2.8333333333333335,27.84,0.26666666666666666,1.5,0.4525
19,93,1,2,1,6.0,56,1,1,0,0,2,1,0,3,0,1,0,0,Medium,2.8,17.67,0.3,1.0,0.374
21,84,2,0,1,8.0,87,0,1,2,2,1,0,2,1,0,2,2,1,Medium,3.9545454545454546,17.64,0.36363636363636365,1.25,0.42300000000000004
28,76,1,1,1,6.0,71,1,1,3,0,1,1,2,2,0,0,2,1,Medium,2.4482758620689653,21.28,0.20689655172413793,0.75,0.5465
19,80,2,2,1,6.0,100,1,1,1,1,1,0,2,3,0,0,0,0,High,5.0,15.2,0.3,1.5,0.5875
12,91,1,0,1,8.0,81,0,1,0,0,0,0,2,4,0,0,1,0,Low,6.230769230769231,10.92,0.6153846153846154,0.5,0.32400000000000007
33,95,0,0,1,6.0,77,0,1,2,2,2,1,2,3,0,0,1,1,High,2.264705882352941,31.35,0.17647058823529413,0.75,0.38300000000000006
17,64,1,1,1,7.0,78,2,1,1,1,1,0,2,3,0,0,0,0,Low,4.333333333333333,10.88,0.3888888888888889,1.0,0.6495000000000001
21,75,1,0,1,7.0,82,1,1,1,1,1,0,0,4,0,0,0,0,Low,3.727272727272727,15.75,0.3181818181818182,0.75,0.5155
27,91,0,2,0,5.0,87,1,0,0,1,1,0,0,3,0,0,0,1,Medium,3.107142857142857,24.57,0.17857142857142858,0.75,0.498
16,77,1,0,1,8.0,54,1,0,0,1,1,0,0,3,0,2,0,0,Low,3.176470588235294,12.32,0.47058823529411764,0.5,0.366
14,73,2,1,1,6.0,57,2,1,2,1,1,0,1,4,0,0,1,1,Low,3.8,10.22,0.4,1.25,0.603
22,76,0,2,0,5.0,65,0,1,0,1,2,0,1,3,0,0,2,1,Low,2.8260869565217392,16.72,0.21739130434782608,1.0,0.26
9,84,1,1,0,6.0,74,1,1,5,2,1,0,1,2,0,0,0,0,Medium,7.4,7.56,0.6,1.25,0.6335
18,100,1,0,1,8.0,66,2,0,3,0,1,0,0,3,0,1,0,0,Medium,3.473684210526316,18.0,0.42105263157894735,0.25,0.6765000000000001
21,80,1,0,1,5.0,61,1,1,2,2,1,0,2,3,0,0,0,0,Medium,2.772727272727273,16.8,0.22727272727272727,1.0,0.46900000000000003
18,68,0,2,0,8.0,96,1,1,1,2,1,0,1,3,0,0,1,0,Low,5.052631578947368,12.24,0.42105263157894735,1.25,0.5715
11,67,1,2,0,8.0,52,2,1,3,2,2,0,0,3,0,1,1,1,Low,4.333333333333333,7.37,0.6666666666666666,1.5,0.6205
30,62,0,0,1,7.0,97,1,1,0,2,1,1,1,5,0,1,0,1,Low,3.129032258064516,18.6,0.22580645161290322,0.75,0.538
21,82,1,2,0,7.0,95,2,1,1,2,1,0,0,3,0,0,0,0,High,4.318181818181818,17.22,0.3181818181818182,1.5,0.7174999999999999
29,82,1,2,0,7.0,84,0,1,1,0,1,1,2,2,0,0,0,0,High,2.8,23.78,0.23333333333333334,1.0,0.3735
18,68,2,2,1,8.0,52,2,1,0,2,2,0,2,3,0,1,0,0,Medium,2.736842105263158,12.24,0.42105263157894735,1.75,0.508
15,88,0,1,1,6.0,61,1,1,0,2,1,0,1,4,1,2,2,0,Low,3.8125,13.2,0.375,1.0,0.394
22,90,0,2,0,5.0,99,1,1,1,0,0,1,2,2,0,1,0,1,High,4.304347826086956,19.8,0.21739130434782608,0.75,0.5835
19,70,1,1,1,7.0,95,2,0,0,1,2,1,2,3,0,1,0,1,Low,4.75,13.3,0.35,0.75,0.6799999999999999
13,74,1,2,1,8.0,98,2,1,1,2,2,0,0,2,0,0,0,0,Low,7.0,9.62,0.5714285714285714,1.5,0.7294999999999999
29,100,1,0,1,8.0,100,0,1,0,0,1,1,1,5,1,0,0,0,High,3.3333333333333335,29.0,0.26666666666666666,0.5,0.4
16,75,2,0,1,10.0,53,2,1,0,0,0,0,2,4,0,1,0,1,Low,3.1176470588235294,12.0,0.5882352941176471,0.75,0.512
9,90,2,2,1,7.0,79,0,1,4,2,2,0,2,4,0,0,0,0,High,7.9,8.1,0.7,1.75,0.4660000000000001
28,78,1,2,0,7.0,92,0,1,1,1,2,0,2,3,0,2,1,1,High,3.1724137931034484,21.84,0.2413793103448276,1.25,0.4055
17,92,1,1,0,7.0,66,0,1,2,0,1,0,0,3,0,0,0,0,Low,3.6666666666666665,15.64,0.3888888888888889,0.75,0.339
16,91,2,1,1,6.0,72,2,1,0,2,2,0,0,2,0,2,0,1,High,4.235294117647059,14.56,0.35294117647058826,1.5,0.588
9,87,0,1,1,6.0,64,1,1,1,2,1,0,1,2,0,0,0,1,Low,6.4,7.83,0.6,1.0,0.4435
30,94,1,0,0,5.0,52,0,0,3,2,1,1,1,2,0,2,1,1,High,1.6774193548387097,28.2,0.16129032258064516,0.75,0.3205
12,98,1,0,1,4.0,54,1,1,2,1,2,1,1,3,0,0,0,1,Medium,4.153846153846154,11.76,0.3076923076923077,0.75,0.441
20,83,1,0,0,6.0,51,0,1,2,1,1,0,1,4,0,0,1,1,Low,2.4285714285714284,16.6,0.2857142857142857,0.75,0.279
25,69,2,1,0,7.0,76,1,1,1,2,1,0,2,2,0,0,0,1,Medium,2.923076923076923,17.25,0.2692307692307692,1.5,0.49150000000000005
23,76,2,1,0,8.0,81,1,1,3,0,2,0,2,2,0,0,0,1,Medium,3.375,17.48,0.3333333333333333,1.0,0.5865
20,90,1,0,1,6.0,65,0,1,3,0,1,0,0,2,0,2,0,1,Medium,3.0952380952380953,18.0,0.2857142857142857,0.5,0.3725
10,86,2,2,1,6.0,91,2,1,2,0,1,1,2,3,0,0,2,1,Medium,8.272727272727273,8.6,0.5454545454545454,1.25,0.739
15,67,1,0,1,9.0,94,1,1,0,1,1,0,2,4,0,2,0,0,Low,5.875,10.05,0.5625,0.75,0.526
